-- phpMyAdmin SQL Dump
-- version 4.9.1
-- https://www.phpmyadmin.net/
--
-- Host: 127.0.0.1
-- Generation Time: Feb 18, 2020 at 12:45 PM
-- Server version: 10.4.8-MariaDB
-- PHP Version: 7.3.11

SET SQL_MODE = "NO_AUTO_VALUE_ON_ZERO";
SET AUTOCOMMIT = 0;
START TRANSACTION;
SET time_zone = "+00:00";


/*!40101 SET @OLD_CHARACTER_SET_CLIENT=@@CHARACTER_SET_CLIENT */;
/*!40101 SET @OLD_CHARACTER_SET_RESULTS=@@CHARACTER_SET_RESULTS */;
/*!40101 SET @OLD_COLLATION_CONNECTION=@@COLLATION_CONNECTION */;
/*!40101 SET NAMES utf8mb4 */;

--
-- Database: `homeautomation`
--

-- --------------------------------------------------------

--
-- Table structure for table `tbl_appliances`
--

CREATE TABLE `tbl_appliances` (
  `applianceID` tinyint(1) NOT NULL,
  `applianceName` varchar(20) DEFAULT NULL,
  `applianceRating` decimal(6,2) DEFAULT NULL,
  `applianceStatus` tinyint(1) NOT NULL,
  `applianceOutputPin` smallint(2) NOT NULL,
  `applianceInputPin` tinyint(4) NOT NULL,
  `UCL` smallint(5) DEFAULT NULL,
  `LCL` smallint(5) DEFAULT NULL
) ENGINE=InnoDB DEFAULT CHARSET=latin1;

--
-- Dumping data for table `tbl_appliances`
--

INSERT INTO `tbl_appliances` (`applianceID`, `applianceName`, `applianceRating`, `applianceStatus`, `applianceOutputPin`, `applianceInputPin`, `UCL`, `LCL`) VALUES
(1, 'Lights', '185.20', 1, 40, 37, 245, 125),
(2, NULL, NULL, 0, 38, 35, NULL, NULL),
(3, NULL, '0.00', 0, 36, 33, NULL, NULL),
(4, NULL, '0.00', 0, 32, 31, NULL, NULL);

-- --------------------------------------------------------

--
-- Table structure for table `tbl_logs`
--

CREATE TABLE `tbl_logs` (
  `logID` int(100) NOT NULL,
  `logDateTime` datetime NOT NULL,
  `logAppliance` varchar(20) NOT NULL,
  `logAction` tinyint(1) NOT NULL,
  `logVia` tinyint(1) NOT NULL,
  `logUser` smallint(5) NOT NULL
) ENGINE=InnoDB DEFAULT CHARSET=latin1;

--
-- Dumping data for table `tbl_logs`
--

INSERT INTO `tbl_logs` (`logID`, `logDateTime`, `logAppliance`, `logAction`, `logVia`, `logUser`) VALUES
(1, '2020-02-14 09:17:48', 'Lights', 2, 0, 0),
(2, '2020-02-14 09:17:59', 'Lights', 3, 0, 0),
(3, '2020-02-14 09:20:10', 'Lights', 2, 0, 0),
(4, '2020-02-14 09:25:03', 'Lights', 3, 0, 0),
(5, '2020-02-14 09:25:04', 'Lights', 1, 0, 0);

-- --------------------------------------------------------

--
-- Table structure for table `tbl_notifications`
--

CREATE TABLE `tbl_notifications` (
  `notifID` int(11) NOT NULL,
  `notifMessage` varchar(50) NOT NULL,
  `notifText` text NOT NULL,
  `notifDateTime` datetime NOT NULL
) ENGINE=InnoDB DEFAULT CHARSET=utf8mb4;

--
-- Dumping data for table `tbl_notifications`
--

INSERT INTO `tbl_notifications` (`notifID`, `notifMessage`, `notifText`, `notifDateTime`) VALUES
(1, 'Notif1', 'wqeqw', '2020-02-15 23:05:00'),
(2, 'Notif2', 'pagod na imong kanon giluto', '2020-02-16 13:00:00'),
(3, 'Way Bugas', 'wala nay bugas nahibilin', '2020-02-16 03:00:00'),
(4, 'Way Sud-an', 'walay sud-an dri gutom na kaayo', '2020-02-16 11:00:00');

-- --------------------------------------------------------

--
-- Table structure for table `tbl_notification_status`
--

CREATE TABLE `tbl_notification_status` (
  `notifUserID` tinyint(1) NOT NULL,
  `notifID` int(11) NOT NULL,
  `notifStatus` tinyint(1) NOT NULL
) ENGINE=InnoDB DEFAULT CHARSET=utf8mb4;

-- --------------------------------------------------------

--
-- Table structure for table `tbl_readings`
--

CREATE TABLE `tbl_readings` (
  `applianceID` tinyint(1) NOT NULL,
  `rCurrent` decimal(4,2) NOT NULL,
  `rVoltage` smallint(3) NOT NULL,
  `rDateTime` datetime NOT NULL
) ENGINE=InnoDB DEFAULT CHARSET=utf8mb4;

--
-- Dumping data for table `tbl_readings`
--

INSERT INTO `tbl_readings` (`applianceID`, `rCurrent`, `rVoltage`, `rDateTime`) VALUES
(1, '10.00', 19, '2020-02-18 06:20:12'),
(2, '0.00', 0, '2020-02-18 06:20:12'),
(3, '4.00', 7, '2020-02-18 06:20:12'),
(4, '1.00', 2, '2020-02-18 06:20:12'),
(1, '9.00', 19, '2020-02-18 06:20:15'),
(2, '0.00', 0, '2020-02-18 06:20:15'),
(3, '4.00', 7, '2020-02-18 06:20:15'),
(4, '3.00', 3, '2020-02-18 06:20:15'),
(1, '9.00', 20, '2020-02-18 06:20:18'),
(2, '0.00', 0, '2020-02-18 06:20:18'),
(3, '3.00', 7, '2020-02-18 06:20:18'),
(4, '3.00', 2, '2020-02-18 06:20:18'),
(1, '9.00', 19, '2020-02-18 06:20:20'),
(2, '0.00', 0, '2020-02-18 06:20:20'),
(3, '4.00', 7, '2020-02-18 06:20:20'),
(4, '3.00', 1, '2020-02-18 06:20:20'),
(1, '10.00', 20, '2020-02-18 06:20:22'),
(2, '0.00', 0, '2020-02-18 06:20:22'),
(3, '3.00', 8, '2020-02-18 06:20:22'),
(4, '1.00', 2, '2020-02-18 06:20:22'),
(1, '10.00', 19, '2020-02-18 06:20:25'),
(2, '0.00', 0, '2020-02-18 06:20:25'),
(3, '5.00', 7, '2020-02-18 06:20:25'),
(4, '2.00', 1, '2020-02-18 06:20:25'),
(1, '10.00', 19, '2020-02-18 06:20:27'),
(2, '0.00', 0, '2020-02-18 06:20:27'),
(3, '5.00', 8, '2020-02-18 06:20:27'),
(4, '2.00', 1, '2020-02-18 06:20:27'),
(1, '9.00', 19, '2020-02-18 06:20:29'),
(2, '0.00', 0, '2020-02-18 06:20:29'),
(3, '5.00', 8, '2020-02-18 06:20:29'),
(4, '3.00', 1, '2020-02-18 06:20:29'),
(1, '10.00', 20, '2020-02-18 06:20:31'),
(2, '0.00', 0, '2020-02-18 06:20:31'),
(3, '4.00', 8, '2020-02-18 06:20:31'),
(4, '1.00', 3, '2020-02-18 06:20:31'),
(1, '10.00', 20, '2020-02-18 06:20:34'),
(2, '0.00', 0, '2020-02-18 06:20:34'),
(3, '3.00', 7, '2020-02-18 06:20:34'),
(4, '1.00', 2, '2020-02-18 06:20:34'),
(1, '9.00', 20, '2020-02-18 06:20:36'),
(2, '0.00', 0, '2020-02-18 06:20:36'),
(3, '3.00', 8, '2020-02-18 06:20:36'),
(4, '2.00', 1, '2020-02-18 06:20:36'),
(1, '10.00', 20, '2020-02-18 06:20:38'),
(2, '0.00', 0, '2020-02-18 06:20:38'),
(3, '3.00', 8, '2020-02-18 06:20:38'),
(4, '1.00', 1, '2020-02-18 06:20:38'),
(1, '9.00', 19, '2020-02-18 06:20:41'),
(2, '0.00', 0, '2020-02-18 06:20:41'),
(3, '4.00', 8, '2020-02-18 06:20:41'),
(4, '1.00', 1, '2020-02-18 06:20:41'),
(1, '10.00', 19, '2020-02-18 06:20:43'),
(2, '0.00', 0, '2020-02-18 06:20:43'),
(3, '4.00', 6, '2020-02-18 06:20:43'),
(4, '3.00', 2, '2020-02-18 06:20:43'),
(1, '9.00', 19, '2020-02-18 06:20:45'),
(2, '0.00', 0, '2020-02-18 06:20:45'),
(3, '4.00', 7, '2020-02-18 06:20:45'),
(4, '3.00', 2, '2020-02-18 06:20:45'),
(1, '9.00', 20, '2020-02-18 06:20:47'),
(2, '0.00', 0, '2020-02-18 06:20:47'),
(3, '4.00', 7, '2020-02-18 06:20:47'),
(4, '2.00', 2, '2020-02-18 06:20:47'),
(1, '9.00', 19, '2020-02-18 06:20:50'),
(2, '0.00', 0, '2020-02-18 06:20:50'),
(3, '5.00', 8, '2020-02-18 06:20:50'),
(4, '3.00', 2, '2020-02-18 06:20:50'),
(1, '9.00', 20, '2020-02-18 06:20:52'),
(2, '0.00', 0, '2020-02-18 06:20:52'),
(3, '3.00', 7, '2020-02-18 06:20:52'),
(4, '3.00', 1, '2020-02-18 06:20:52'),
(1, '10.00', 20, '2020-02-18 06:20:54'),
(2, '0.00', 0, '2020-02-18 06:20:54'),
(3, '3.00', 8, '2020-02-18 06:20:54'),
(4, '3.00', 3, '2020-02-18 06:20:54'),
(1, '10.00', 20, '2020-02-18 06:20:56'),
(2, '0.00', 0, '2020-02-18 06:20:56'),
(3, '4.00', 6, '2020-02-18 06:20:56'),
(4, '3.00', 2, '2020-02-18 06:20:56'),
(1, '10.00', 19, '2020-02-18 06:20:59'),
(2, '0.00', 0, '2020-02-18 06:20:59'),
(3, '3.00', 7, '2020-02-18 06:20:59'),
(4, '1.00', 1, '2020-02-18 06:20:59'),
(1, '9.00', 20, '2020-02-18 06:21:01'),
(2, '0.00', 0, '2020-02-18 06:21:01'),
(3, '5.00', 6, '2020-02-18 06:21:01'),
(4, '3.00', 1, '2020-02-18 06:21:01'),
(1, '9.00', 20, '2020-02-18 06:21:03'),
(2, '0.00', 0, '2020-02-18 06:21:03'),
(3, '4.00', 7, '2020-02-18 06:21:03'),
(4, '2.00', 2, '2020-02-18 06:21:03'),
(1, '9.00', 20, '2020-02-18 06:21:05'),
(2, '0.00', 0, '2020-02-18 06:21:05'),
(3, '4.00', 8, '2020-02-18 06:21:05'),
(4, '1.00', 2, '2020-02-18 06:21:05'),
(1, '10.00', 20, '2020-02-18 06:21:08'),
(2, '0.00', 0, '2020-02-18 06:21:08'),
(3, '5.00', 8, '2020-02-18 06:21:08'),
(4, '2.00', 2, '2020-02-18 06:21:08'),
(1, '10.00', 20, '2020-02-18 06:21:10'),
(2, '0.00', 0, '2020-02-18 06:21:10'),
(3, '4.00', 6, '2020-02-18 06:21:10'),
(4, '2.00', 2, '2020-02-18 06:21:10'),
(1, '9.00', 20, '2020-02-18 06:21:12'),
(2, '0.00', 0, '2020-02-18 06:21:12'),
(3, '4.00', 6, '2020-02-18 06:21:12'),
(4, '1.00', 1, '2020-02-18 06:21:12'),
(1, '10.00', 20, '2020-02-18 06:21:15'),
(2, '0.00', 0, '2020-02-18 06:21:15'),
(3, '3.00', 8, '2020-02-18 06:21:15'),
(4, '2.00', 1, '2020-02-18 06:21:15'),
(1, '10.00', 20, '2020-02-18 06:21:17'),
(2, '0.00', 0, '2020-02-18 06:21:17'),
(3, '5.00', 6, '2020-02-18 06:21:17'),
(4, '3.00', 3, '2020-02-18 06:21:17'),
(1, '9.00', 19, '2020-02-18 06:21:19'),
(2, '0.00', 0, '2020-02-18 06:21:19'),
(3, '5.00', 6, '2020-02-18 06:21:19'),
(4, '2.00', 3, '2020-02-18 06:21:19'),
(1, '9.00', 20, '2020-02-18 06:21:21'),
(2, '0.00', 0, '2020-02-18 06:21:21'),
(3, '3.00', 6, '2020-02-18 06:21:21'),
(4, '1.00', 1, '2020-02-18 06:21:21'),
(1, '9.00', 20, '2020-02-18 06:21:23'),
(2, '0.00', 0, '2020-02-18 06:21:23'),
(3, '4.00', 6, '2020-02-18 06:21:23'),
(4, '1.00', 1, '2020-02-18 06:21:23'),
(1, '9.00', 19, '2020-02-18 06:21:26'),
(2, '0.00', 0, '2020-02-18 06:21:26'),
(3, '3.00', 8, '2020-02-18 06:21:26'),
(4, '1.00', 2, '2020-02-18 06:21:26'),
(1, '10.00', 19, '2020-02-18 06:21:28'),
(2, '0.00', 0, '2020-02-18 06:21:28'),
(3, '4.00', 7, '2020-02-18 06:21:28'),
(4, '1.00', 3, '2020-02-18 06:21:28'),
(1, '9.00', 19, '2020-02-18 06:21:30'),
(2, '0.00', 0, '2020-02-18 06:21:30'),
(3, '5.00', 7, '2020-02-18 06:21:30'),
(4, '3.00', 1, '2020-02-18 06:21:30'),
(1, '9.00', 19, '2020-02-18 06:21:33'),
(2, '0.00', 0, '2020-02-18 06:21:33'),
(3, '3.00', 8, '2020-02-18 06:21:33'),
(4, '3.00', 2, '2020-02-18 06:21:33'),
(1, '10.00', 19, '2020-02-18 06:21:35'),
(2, '0.00', 0, '2020-02-18 06:21:35'),
(3, '3.00', 8, '2020-02-18 06:21:35'),
(4, '3.00', 2, '2020-02-18 06:21:35'),
(1, '10.00', 19, '2020-02-18 06:21:37'),
(2, '0.00', 0, '2020-02-18 06:21:37'),
(3, '5.00', 7, '2020-02-18 06:21:37'),
(4, '1.00', 2, '2020-02-18 06:21:37'),
(1, '10.00', 20, '2020-02-18 06:21:39'),
(2, '0.00', 0, '2020-02-18 06:21:39'),
(3, '4.00', 8, '2020-02-18 06:21:39'),
(4, '1.00', 3, '2020-02-18 06:21:39'),
(1, '9.00', 20, '2020-02-18 06:21:42'),
(2, '0.00', 0, '2020-02-18 06:21:42'),
(3, '5.00', 7, '2020-02-18 06:21:42'),
(4, '1.00', 3, '2020-02-18 06:21:42'),
(1, '9.00', 20, '2020-02-18 06:21:44'),
(2, '0.00', 0, '2020-02-18 06:21:44'),
(3, '5.00', 6, '2020-02-18 06:21:44'),
(4, '2.00', 3, '2020-02-18 06:21:44'),
(1, '10.00', 19, '2020-02-18 06:21:46'),
(2, '0.00', 0, '2020-02-18 06:21:46'),
(3, '3.00', 6, '2020-02-18 06:21:46'),
(4, '3.00', 1, '2020-02-18 06:21:46'),
(1, '9.00', 19, '2020-02-18 06:21:49'),
(2, '0.00', 0, '2020-02-18 06:21:49'),
(3, '5.00', 7, '2020-02-18 06:21:49'),
(4, '2.00', 1, '2020-02-18 06:21:49'),
(1, '9.00', 19, '2020-02-18 06:21:51'),
(2, '0.00', 0, '2020-02-18 06:21:51'),
(3, '4.00', 7, '2020-02-18 06:21:51'),
(4, '3.00', 3, '2020-02-18 06:21:51'),
(1, '10.00', 19, '2020-02-18 06:21:53'),
(2, '0.00', 0, '2020-02-18 06:21:53'),
(3, '5.00', 8, '2020-02-18 06:21:53'),
(4, '2.00', 2, '2020-02-18 06:21:53'),
(1, '10.00', 20, '2020-02-18 06:21:55'),
(2, '0.00', 0, '2020-02-18 06:21:55'),
(3, '5.00', 6, '2020-02-18 06:21:55'),
(4, '3.00', 1, '2020-02-18 06:21:55'),
(1, '10.00', 20, '2020-02-18 06:21:58'),
(2, '0.00', 0, '2020-02-18 06:21:58'),
(3, '4.00', 8, '2020-02-18 06:21:58'),
(4, '1.00', 3, '2020-02-18 06:21:58'),
(1, '9.00', 19, '2020-02-18 06:22:00'),
(2, '0.00', 0, '2020-02-18 06:22:00'),
(3, '4.00', 8, '2020-02-18 06:22:00'),
(4, '2.00', 1, '2020-02-18 06:22:00'),
(1, '9.00', 20, '2020-02-18 06:22:02'),
(2, '0.00', 0, '2020-02-18 06:22:02'),
(3, '5.00', 8, '2020-02-18 06:22:02'),
(4, '2.00', 3, '2020-02-18 06:22:02'),
(1, '10.00', 19, '2020-02-18 06:22:04'),
(2, '0.00', 0, '2020-02-18 06:22:04'),
(3, '4.00', 7, '2020-02-18 06:22:04'),
(4, '3.00', 2, '2020-02-18 06:22:04'),
(1, '10.00', 20, '2020-02-18 06:22:07'),
(2, '0.00', 0, '2020-02-18 06:22:07'),
(3, '3.00', 7, '2020-02-18 06:22:07'),
(4, '3.00', 1, '2020-02-18 06:22:07'),
(1, '9.00', 20, '2020-02-18 06:22:09'),
(2, '0.00', 0, '2020-02-18 06:22:09'),
(3, '5.00', 8, '2020-02-18 06:22:09'),
(4, '3.00', 3, '2020-02-18 06:22:09'),
(1, '10.00', 19, '2020-02-18 06:22:11'),
(2, '0.00', 0, '2020-02-18 06:22:11'),
(3, '5.00', 7, '2020-02-18 06:22:11'),
(4, '3.00', 2, '2020-02-18 06:22:11'),
(1, '9.00', 20, '2020-02-18 06:22:13'),
(2, '0.00', 0, '2020-02-18 06:22:13'),
(3, '5.00', 6, '2020-02-18 06:22:13'),
(4, '1.00', 3, '2020-02-18 06:22:13'),
(1, '10.00', 20, '2020-02-18 06:22:16'),
(2, '0.00', 0, '2020-02-18 06:22:16'),
(3, '3.00', 6, '2020-02-18 06:22:16'),
(4, '2.00', 1, '2020-02-18 06:22:16'),
(1, '9.00', 19, '2020-02-18 06:22:18'),
(2, '0.00', 0, '2020-02-18 06:22:18'),
(3, '3.00', 7, '2020-02-18 06:22:18'),
(4, '2.00', 1, '2020-02-18 06:22:18'),
(1, '9.00', 19, '2020-02-18 06:22:20'),
(2, '0.00', 0, '2020-02-18 06:22:20'),
(3, '4.00', 8, '2020-02-18 06:22:20'),
(4, '2.00', 1, '2020-02-18 06:22:20'),
(1, '10.00', 20, '2020-02-18 06:22:23'),
(2, '0.00', 0, '2020-02-18 06:22:23'),
(3, '5.00', 7, '2020-02-18 06:22:23'),
(4, '3.00', 2, '2020-02-18 06:22:23'),
(1, '9.00', 19, '2020-02-18 06:22:25'),
(2, '0.00', 0, '2020-02-18 06:22:25'),
(3, '4.00', 8, '2020-02-18 06:22:25'),
(4, '3.00', 1, '2020-02-18 06:22:25'),
(1, '9.00', 19, '2020-02-18 06:22:27'),
(2, '0.00', 0, '2020-02-18 06:22:27'),
(3, '5.00', 6, '2020-02-18 06:22:27'),
(4, '1.00', 2, '2020-02-18 06:22:27'),
(1, '10.00', 20, '2020-02-18 06:22:30'),
(2, '0.00', 0, '2020-02-18 06:22:30'),
(3, '4.00', 8, '2020-02-18 06:22:30'),
(4, '2.00', 2, '2020-02-18 06:22:30'),
(1, '10.00', 19, '2020-02-18 06:22:32'),
(2, '0.00', 0, '2020-02-18 06:22:32'),
(3, '3.00', 6, '2020-02-18 06:22:32'),
(4, '3.00', 1, '2020-02-18 06:22:32'),
(1, '9.00', 20, '2020-02-18 06:22:34'),
(2, '0.00', 0, '2020-02-18 06:22:34'),
(3, '4.00', 6, '2020-02-18 06:22:34'),
(4, '2.00', 3, '2020-02-18 06:22:34'),
(1, '10.00', 19, '2020-02-18 06:22:37'),
(2, '0.00', 0, '2020-02-18 06:22:37'),
(3, '4.00', 6, '2020-02-18 06:22:37'),
(4, '3.00', 2, '2020-02-18 06:22:37'),
(1, '9.00', 20, '2020-02-18 06:22:39'),
(2, '0.00', 0, '2020-02-18 06:22:39'),
(3, '4.00', 8, '2020-02-18 06:22:39'),
(4, '2.00', 3, '2020-02-18 06:22:39'),
(1, '10.00', 20, '2020-02-18 06:22:41'),
(2, '0.00', 0, '2020-02-18 06:22:41'),
(3, '4.00', 8, '2020-02-18 06:22:41'),
(4, '3.00', 3, '2020-02-18 06:22:41'),
(1, '9.00', 19, '2020-02-18 06:22:44'),
(2, '0.00', 0, '2020-02-18 06:22:44'),
(3, '4.00', 7, '2020-02-18 06:22:44'),
(4, '1.00', 1, '2020-02-18 06:22:44'),
(1, '10.00', 20, '2020-02-18 06:22:46'),
(2, '0.00', 0, '2020-02-18 06:22:46'),
(3, '4.00', 8, '2020-02-18 06:22:46'),
(4, '3.00', 1, '2020-02-18 06:22:46'),
(1, '9.00', 20, '2020-02-18 06:22:48'),
(2, '0.00', 0, '2020-02-18 06:22:48'),
(3, '5.00', 7, '2020-02-18 06:22:48'),
(4, '1.00', 3, '2020-02-18 06:22:48'),
(1, '10.00', 20, '2020-02-18 06:22:50'),
(2, '0.00', 0, '2020-02-18 06:22:50'),
(3, '3.00', 7, '2020-02-18 06:22:50'),
(4, '1.00', 3, '2020-02-18 06:22:50'),
(1, '9.00', 20, '2020-02-18 06:22:53'),
(2, '0.00', 0, '2020-02-18 06:22:53'),
(3, '3.00', 8, '2020-02-18 06:22:53'),
(4, '3.00', 2, '2020-02-18 06:22:53'),
(1, '10.00', 19, '2020-02-18 06:22:55'),
(2, '0.00', 0, '2020-02-18 06:22:55'),
(3, '4.00', 7, '2020-02-18 06:22:55'),
(4, '3.00', 3, '2020-02-18 06:22:55'),
(1, '10.00', 20, '2020-02-18 06:22:57'),
(2, '0.00', 0, '2020-02-18 06:22:57'),
(3, '4.00', 6, '2020-02-18 06:22:57'),
(4, '3.00', 3, '2020-02-18 06:22:57'),
(1, '10.00', 19, '2020-02-18 06:22:59'),
(2, '0.00', 0, '2020-02-18 06:22:59'),
(3, '4.00', 6, '2020-02-18 06:22:59'),
(4, '3.00', 3, '2020-02-18 06:22:59'),
(1, '9.00', 20, '2020-02-18 06:23:02'),
(2, '0.00', 0, '2020-02-18 06:23:02'),
(3, '5.00', 6, '2020-02-18 06:23:02'),
(4, '2.00', 3, '2020-02-18 06:23:02'),
(1, '9.00', 19, '2020-02-18 06:23:04'),
(2, '0.00', 0, '2020-02-18 06:23:04'),
(3, '3.00', 6, '2020-02-18 06:23:04'),
(4, '2.00', 3, '2020-02-18 06:23:04'),
(1, '9.00', 20, '2020-02-18 06:23:06'),
(2, '0.00', 0, '2020-02-18 06:23:06'),
(3, '5.00', 8, '2020-02-18 06:23:06'),
(4, '3.00', 1, '2020-02-18 06:23:06'),
(1, '10.00', 20, '2020-02-18 06:23:09'),
(2, '0.00', 0, '2020-02-18 06:23:09'),
(3, '5.00', 8, '2020-02-18 06:23:09'),
(4, '3.00', 1, '2020-02-18 06:23:09'),
(1, '10.00', 19, '2020-02-18 06:23:11'),
(2, '0.00', 0, '2020-02-18 06:23:11'),
(3, '4.00', 7, '2020-02-18 06:23:11'),
(4, '2.00', 3, '2020-02-18 06:23:11'),
(1, '9.00', 20, '2020-02-18 06:23:13'),
(2, '0.00', 0, '2020-02-18 06:23:13'),
(3, '3.00', 6, '2020-02-18 06:23:13'),
(4, '3.00', 1, '2020-02-18 06:23:13'),
(1, '10.00', 19, '2020-02-18 06:23:16'),
(2, '0.00', 0, '2020-02-18 06:23:16'),
(3, '3.00', 6, '2020-02-18 06:23:16'),
(4, '3.00', 3, '2020-02-18 06:23:16'),
(1, '10.00', 19, '2020-02-18 06:23:18'),
(2, '0.00', 0, '2020-02-18 06:23:18'),
(3, '3.00', 8, '2020-02-18 06:23:18'),
(4, '1.00', 1, '2020-02-18 06:23:18'),
(1, '10.00', 19, '2020-02-18 06:23:20'),
(2, '0.00', 0, '2020-02-18 06:23:20'),
(3, '4.00', 7, '2020-02-18 06:23:20'),
(4, '3.00', 1, '2020-02-18 06:23:20'),
(1, '9.00', 20, '2020-02-18 06:23:22'),
(2, '0.00', 0, '2020-02-18 06:23:22'),
(3, '3.00', 8, '2020-02-18 06:23:22'),
(4, '3.00', 2, '2020-02-18 06:23:22'),
(1, '10.00', 20, '2020-02-18 06:23:25'),
(2, '0.00', 0, '2020-02-18 06:23:25'),
(3, '5.00', 7, '2020-02-18 06:23:25'),
(4, '2.00', 2, '2020-02-18 06:23:25'),
(1, '10.00', 19, '2020-02-18 06:23:27'),
(2, '0.00', 0, '2020-02-18 06:23:27'),
(3, '5.00', 6, '2020-02-18 06:23:27'),
(4, '1.00', 1, '2020-02-18 06:23:27'),
(1, '10.00', 19, '2020-02-18 06:23:29'),
(2, '0.00', 0, '2020-02-18 06:23:29'),
(3, '4.00', 7, '2020-02-18 06:23:29'),
(4, '3.00', 2, '2020-02-18 06:23:29'),
(1, '10.00', 19, '2020-02-18 06:23:32'),
(2, '0.00', 0, '2020-02-18 06:23:32'),
(3, '3.00', 6, '2020-02-18 06:23:32'),
(4, '3.00', 2, '2020-02-18 06:23:32'),
(1, '9.00', 19, '2020-02-18 06:23:34'),
(2, '0.00', 0, '2020-02-18 06:23:34'),
(3, '3.00', 7, '2020-02-18 06:23:34'),
(4, '1.00', 3, '2020-02-18 06:23:34'),
(1, '10.00', 19, '2020-02-18 06:23:36'),
(2, '0.00', 0, '2020-02-18 06:23:36'),
(3, '3.00', 7, '2020-02-18 06:23:36'),
(4, '3.00', 1, '2020-02-18 06:23:36'),
(1, '9.00', 19, '2020-02-18 06:23:38'),
(2, '0.00', 0, '2020-02-18 06:23:38'),
(3, '5.00', 6, '2020-02-18 06:23:38'),
(4, '1.00', 2, '2020-02-18 06:23:38'),
(1, '10.00', 19, '2020-02-18 06:23:41'),
(2, '0.00', 0, '2020-02-18 06:23:41'),
(3, '3.00', 8, '2020-02-18 06:23:41'),
(4, '1.00', 1, '2020-02-18 06:23:41'),
(1, '9.00', 19, '2020-02-18 06:23:43'),
(2, '0.00', 0, '2020-02-18 06:23:43'),
(3, '5.00', 7, '2020-02-18 06:23:43'),
(4, '2.00', 2, '2020-02-18 06:23:43'),
(1, '10.00', 20, '2020-02-18 06:23:45'),
(2, '0.00', 0, '2020-02-18 06:23:45'),
(3, '3.00', 6, '2020-02-18 06:23:45'),
(4, '3.00', 3, '2020-02-18 06:23:45'),
(1, '9.00', 19, '2020-02-18 06:23:47'),
(2, '0.00', 0, '2020-02-18 06:23:47'),
(3, '5.00', 6, '2020-02-18 06:23:47'),
(4, '3.00', 2, '2020-02-18 06:23:47'),
(1, '10.00', 20, '2020-02-18 06:23:50'),
(2, '0.00', 0, '2020-02-18 06:23:50'),
(3, '5.00', 7, '2020-02-18 06:23:50'),
(4, '3.00', 1, '2020-02-18 06:23:50'),
(1, '9.00', 20, '2020-02-18 06:23:52'),
(2, '0.00', 0, '2020-02-18 06:23:52'),
(3, '5.00', 6, '2020-02-18 06:23:52'),
(4, '3.00', 2, '2020-02-18 06:23:52'),
(1, '10.00', 19, '2020-02-18 06:23:54'),
(2, '0.00', 0, '2020-02-18 06:23:54'),
(3, '3.00', 8, '2020-02-18 06:23:54'),
(4, '1.00', 3, '2020-02-18 06:23:54'),
(1, '9.00', 20, '2020-02-18 06:23:56'),
(2, '0.00', 0, '2020-02-18 06:23:56'),
(3, '5.00', 7, '2020-02-18 06:23:56'),
(4, '3.00', 3, '2020-02-18 06:23:56'),
(1, '10.00', 19, '2020-02-18 06:23:59'),
(2, '0.00', 0, '2020-02-18 06:23:59'),
(3, '5.00', 6, '2020-02-18 06:23:59'),
(4, '2.00', 3, '2020-02-18 06:23:59'),
(1, '10.00', 19, '2020-02-18 06:24:01'),
(2, '0.00', 0, '2020-02-18 06:24:01'),
(3, '3.00', 8, '2020-02-18 06:24:01'),
(4, '2.00', 3, '2020-02-18 06:24:01'),
(1, '9.00', 20, '2020-02-18 06:24:03'),
(2, '0.00', 0, '2020-02-18 06:24:03'),
(3, '5.00', 7, '2020-02-18 06:24:03'),
(4, '3.00', 3, '2020-02-18 06:24:03'),
(1, '9.00', 19, '2020-02-18 06:24:05'),
(2, '0.00', 0, '2020-02-18 06:24:05'),
(3, '4.00', 7, '2020-02-18 06:24:05'),
(4, '2.00', 1, '2020-02-18 06:24:05'),
(1, '9.00', 19, '2020-02-18 06:24:08'),
(2, '0.00', 0, '2020-02-18 06:24:08'),
(3, '5.00', 7, '2020-02-18 06:24:08'),
(4, '2.00', 1, '2020-02-18 06:24:08'),
(1, '9.00', 19, '2020-02-18 06:24:10'),
(2, '0.00', 0, '2020-02-18 06:24:10'),
(3, '3.00', 7, '2020-02-18 06:24:10'),
(4, '3.00', 2, '2020-02-18 06:24:10'),
(1, '10.00', 19, '2020-02-18 06:24:12'),
(2, '0.00', 0, '2020-02-18 06:24:12'),
(3, '3.00', 7, '2020-02-18 06:24:12'),
(4, '3.00', 2, '2020-02-18 06:24:12'),
(1, '9.00', 20, '2020-02-18 06:24:14'),
(2, '0.00', 0, '2020-02-18 06:24:14'),
(3, '4.00', 8, '2020-02-18 06:24:14'),
(4, '1.00', 2, '2020-02-18 06:24:14'),
(1, '9.00', 19, '2020-02-18 06:24:17'),
(2, '0.00', 0, '2020-02-18 06:24:17'),
(3, '5.00', 8, '2020-02-18 06:24:17'),
(4, '1.00', 2, '2020-02-18 06:24:17'),
(1, '10.00', 20, '2020-02-18 06:24:19'),
(2, '0.00', 0, '2020-02-18 06:24:19'),
(3, '3.00', 6, '2020-02-18 06:24:19'),
(4, '1.00', 3, '2020-02-18 06:24:19'),
(1, '9.00', 20, '2020-02-18 06:24:21'),
(2, '0.00', 0, '2020-02-18 06:24:21'),
(3, '3.00', 8, '2020-02-18 06:24:21'),
(4, '1.00', 1, '2020-02-18 06:24:21'),
(1, '10.00', 19, '2020-02-18 06:24:23'),
(2, '0.00', 0, '2020-02-18 06:24:23'),
(3, '5.00', 6, '2020-02-18 06:24:23'),
(4, '2.00', 1, '2020-02-18 06:24:23'),
(1, '9.00', 19, '2020-02-18 06:24:26'),
(2, '0.00', 0, '2020-02-18 06:24:26'),
(3, '4.00', 8, '2020-02-18 06:24:26'),
(4, '3.00', 1, '2020-02-18 06:24:26'),
(1, '10.00', 20, '2020-02-18 06:24:28'),
(2, '0.00', 0, '2020-02-18 06:24:28'),
(3, '3.00', 6, '2020-02-18 06:24:28'),
(4, '1.00', 1, '2020-02-18 06:24:28'),
(1, '10.00', 19, '2020-02-18 06:24:30'),
(2, '0.00', 0, '2020-02-18 06:24:30'),
(3, '3.00', 6, '2020-02-18 06:24:30'),
(4, '2.00', 2, '2020-02-18 06:24:30'),
(1, '9.00', 19, '2020-02-18 06:24:32'),
(2, '0.00', 0, '2020-02-18 06:24:32'),
(3, '4.00', 8, '2020-02-18 06:24:32'),
(4, '3.00', 2, '2020-02-18 06:24:32'),
(1, '9.00', 19, '2020-02-18 06:24:35'),
(2, '0.00', 0, '2020-02-18 06:24:35'),
(3, '3.00', 8, '2020-02-18 06:24:35'),
(4, '2.00', 1, '2020-02-18 06:24:35'),
(1, '9.00', 20, '2020-02-18 06:24:37'),
(2, '0.00', 0, '2020-02-18 06:24:37'),
(3, '3.00', 7, '2020-02-18 06:24:37'),
(4, '1.00', 1, '2020-02-18 06:24:37'),
(1, '9.00', 19, '2020-02-18 06:24:39'),
(2, '0.00', 0, '2020-02-18 06:24:39'),
(3, '4.00', 8, '2020-02-18 06:24:39'),
(4, '2.00', 3, '2020-02-18 06:24:39'),
(1, '9.00', 20, '2020-02-18 06:24:41'),
(2, '0.00', 0, '2020-02-18 06:24:41'),
(3, '4.00', 6, '2020-02-18 06:24:41'),
(4, '2.00', 3, '2020-02-18 06:24:41'),
(1, '10.00', 20, '2020-02-18 06:24:43'),
(2, '0.00', 0, '2020-02-18 06:24:43'),
(3, '5.00', 6, '2020-02-18 06:24:43'),
(4, '2.00', 2, '2020-02-18 06:24:43'),
(1, '10.00', 19, '2020-02-18 06:24:46'),
(2, '0.00', 0, '2020-02-18 06:24:46'),
(3, '3.00', 8, '2020-02-18 06:24:46'),
(4, '1.00', 3, '2020-02-18 06:24:46'),
(1, '9.00', 19, '2020-02-18 06:24:48'),
(2, '0.00', 0, '2020-02-18 06:24:48'),
(3, '3.00', 7, '2020-02-18 06:24:48'),
(4, '1.00', 3, '2020-02-18 06:24:48'),
(1, '9.00', 19, '2020-02-18 06:24:50'),
(2, '0.00', 0, '2020-02-18 06:24:50'),
(3, '4.00', 6, '2020-02-18 06:24:50'),
(4, '1.00', 2, '2020-02-18 06:24:50'),
(1, '9.00', 19, '2020-02-18 06:24:52'),
(2, '0.00', 0, '2020-02-18 06:24:52'),
(3, '3.00', 6, '2020-02-18 06:24:52'),
(4, '1.00', 3, '2020-02-18 06:24:52'),
(1, '9.00', 20, '2020-02-18 06:24:55'),
(2, '0.00', 0, '2020-02-18 06:24:55'),
(3, '5.00', 6, '2020-02-18 06:24:55'),
(4, '2.00', 2, '2020-02-18 06:24:55'),
(1, '9.00', 19, '2020-02-18 06:24:57'),
(2, '0.00', 0, '2020-02-18 06:24:57'),
(3, '5.00', 6, '2020-02-18 06:24:57'),
(4, '1.00', 2, '2020-02-18 06:24:57'),
(1, '10.00', 19, '2020-02-18 06:24:59'),
(2, '0.00', 0, '2020-02-18 06:24:59'),
(3, '5.00', 7, '2020-02-18 06:24:59'),
(4, '3.00', 1, '2020-02-18 06:24:59'),
(1, '9.00', 19, '2020-02-18 06:25:02'),
(2, '0.00', 0, '2020-02-18 06:25:02'),
(3, '5.00', 8, '2020-02-18 06:25:02'),
(4, '3.00', 2, '2020-02-18 06:25:02'),
(1, '9.00', 19, '2020-02-18 06:25:04'),
(2, '0.00', 0, '2020-02-18 06:25:04'),
(3, '5.00', 6, '2020-02-18 06:25:04'),
(4, '1.00', 2, '2020-02-18 06:25:04'),
(1, '10.00', 19, '2020-02-18 06:25:06'),
(2, '0.00', 0, '2020-02-18 06:25:06'),
(3, '4.00', 6, '2020-02-18 06:25:06'),
(4, '2.00', 3, '2020-02-18 06:25:06'),
(1, '10.00', 20, '2020-02-18 06:25:09'),
(2, '0.00', 0, '2020-02-18 06:25:09'),
(3, '4.00', 6, '2020-02-18 06:25:09'),
(4, '3.00', 1, '2020-02-18 06:25:09'),
(1, '9.00', 19, '2020-02-18 06:25:11'),
(2, '0.00', 0, '2020-02-18 06:25:11'),
(3, '4.00', 8, '2020-02-18 06:25:11'),
(4, '2.00', 1, '2020-02-18 06:25:11');

-- --------------------------------------------------------

--
-- Table structure for table `tbl_schedules`
--

CREATE TABLE `tbl_schedules` (
  `scheduleID` int(11) NOT NULL,
  `scheduleDate` date DEFAULT NULL,
  `scheduleTime` time NOT NULL,
  `scheduleApplianceID` tinyint(1) NOT NULL,
  `scheduleAction` tinyint(1) NOT NULL,
  `scheduleRepeat` varchar(7) DEFAULT NULL
) ENGINE=InnoDB DEFAULT CHARSET=latin1;

-- --------------------------------------------------------

--
-- Table structure for table `tbl_totalconsumption`
--

CREATE TABLE `tbl_totalconsumption` (
  `totalConsPort` tinyint(1) NOT NULL,
  `totalConsWatt` smallint(6) NOT NULL,
  `totalConsDuration` time NOT NULL,
  `totalConsMonth` tinyint(2) NOT NULL,
  `totalConsYear` smallint(4) NOT NULL
) ENGINE=InnoDB DEFAULT CHARSET=utf8mb4;

--
-- Dumping data for table `tbl_totalconsumption`
--

INSERT INTO `tbl_totalconsumption` (`totalConsPort`, `totalConsWatt`, `totalConsDuration`, `totalConsMonth`, `totalConsYear`) VALUES
(1, 500, '02:02:00', 2, 2020),
(2, 123, '05:00:00', 4, 2020),
(3, 22, '00:06:00', 3, 2020),
(4, 32, '02:03:00', 6, 2020),
(2, 500, '02:00:00', 1, 2020),
(1, 500, '05:00:00', 4, 2021),
(2, 500, '05:06:00', 8, 2022),
(1, 1000, '05:00:00', 1, 2020);

-- --------------------------------------------------------

--
-- Table structure for table `tbl_users`
--

CREATE TABLE `tbl_users` (
  `userID` int(4) NOT NULL,
  `userName` varchar(20) NOT NULL,
  `userPass` varchar(20) NOT NULL,
  `userProf` varchar(20) NOT NULL,
  `userType` tinyint(4) NOT NULL,
  `userFirstName` varchar(50) NOT NULL,
  `userLastName` varchar(50) NOT NULL,
  `userPhoneNumber` varchar(13) DEFAULT NULL
) ENGINE=InnoDB DEFAULT CHARSET=latin1;

--
-- Dumping data for table `tbl_users`
--

INSERT INTO `tbl_users` (`userID`, `userName`, `userPass`, `userProf`, `userType`, `userFirstName`, `userLastName`, `userPhoneNumber`) VALUES
(0, 'abay', 'abay', '', 0, 'Ian Joseph', 'Solon', '9956139395'),
(1, 'znarf', 'znarf', '', 1, 'Franz Dink', 'Catalan', '9999999999');

--
-- Indexes for dumped tables
--

--
-- Indexes for table `tbl_appliances`
--
ALTER TABLE `tbl_appliances`
  ADD PRIMARY KEY (`applianceID`),
  ADD UNIQUE KEY `UK_applianceName` (`applianceName`);

--
-- Indexes for table `tbl_logs`
--
ALTER TABLE `tbl_logs`
  ADD PRIMARY KEY (`logID`);

--
-- Indexes for table `tbl_notifications`
--
ALTER TABLE `tbl_notifications`
  ADD PRIMARY KEY (`notifID`);

--
-- Indexes for table `tbl_notification_status`
--
ALTER TABLE `tbl_notification_status`
  ADD KEY `FK_notifID` (`notifID`);

--
-- Indexes for table `tbl_schedules`
--
ALTER TABLE `tbl_schedules`
  ADD PRIMARY KEY (`scheduleID`),
  ADD KEY `FK_scheduleApplianceID` (`scheduleApplianceID`);

--
-- Indexes for table `tbl_totalconsumption`
--
ALTER TABLE `tbl_totalconsumption`
  ADD KEY `FK_totalConsPort` (`totalConsPort`);

--
-- Indexes for table `tbl_users`
--
ALTER TABLE `tbl_users`
  ADD PRIMARY KEY (`userID`);

--
-- AUTO_INCREMENT for dumped tables
--

--
-- AUTO_INCREMENT for table `tbl_appliances`
--
ALTER TABLE `tbl_appliances`
  MODIFY `applianceID` tinyint(1) NOT NULL AUTO_INCREMENT, AUTO_INCREMENT=6;

--
-- AUTO_INCREMENT for table `tbl_logs`
--
ALTER TABLE `tbl_logs`
  MODIFY `logID` int(100) NOT NULL AUTO_INCREMENT, AUTO_INCREMENT=6;

--
-- AUTO_INCREMENT for table `tbl_notifications`
--
ALTER TABLE `tbl_notifications`
  MODIFY `notifID` int(11) NOT NULL AUTO_INCREMENT, AUTO_INCREMENT=5;

--
-- AUTO_INCREMENT for table `tbl_schedules`
--
ALTER TABLE `tbl_schedules`
  MODIFY `scheduleID` int(11) NOT NULL AUTO_INCREMENT;

--
-- AUTO_INCREMENT for table `tbl_users`
--
ALTER TABLE `tbl_users`
  MODIFY `userID` int(4) NOT NULL AUTO_INCREMENT, AUTO_INCREMENT=4;

--
-- Constraints for dumped tables
--

--
-- Constraints for table `tbl_notification_status`
--
ALTER TABLE `tbl_notification_status`
  ADD CONSTRAINT `FK_notifID` FOREIGN KEY (`notifID`) REFERENCES `tbl_notifications` (`notifID`);

--
-- Constraints for table `tbl_schedules`
--
ALTER TABLE `tbl_schedules`
  ADD CONSTRAINT `FK_scheduleApplianceID` FOREIGN KEY (`scheduleApplianceID`) REFERENCES `tbl_appliances` (`applianceID`);

--
-- Constraints for table `tbl_totalconsumption`
--
ALTER TABLE `tbl_totalconsumption`
  ADD CONSTRAINT `FK_totalConsPort` FOREIGN KEY (`totalConsPort`) REFERENCES `tbl_appliances` (`applianceID`);
COMMIT;

/*!40101 SET CHARACTER_SET_CLIENT=@OLD_CHARACTER_SET_CLIENT */;
/*!40101 SET CHARACTER_SET_RESULTS=@OLD_CHARACTER_SET_RESULTS */;
/*!40101 SET COLLATION_CONNECTION=@OLD_COLLATION_CONNECTION */;
