-- phpMyAdmin SQL Dump
-- version 4.6.6deb5
-- https://www.phpmyadmin.net/
--
-- Host: localhost:3306
-- Generation Time: Mar 06, 2020 at 01:47 PM
-- Server version: 10.3.22-MariaDB-0+deb10u1
-- PHP Version: 7.3.14-1~deb10u1

SET SQL_MODE = "NO_AUTO_VALUE_ON_ZERO";
SET time_zone = "+00:00";


/*!40101 SET @OLD_CHARACTER_SET_CLIENT=@@CHARACTER_SET_CLIENT */;
/*!40101 SET @OLD_CHARACTER_SET_RESULTS=@@CHARACTER_SET_RESULTS */;
/*!40101 SET @OLD_COLLATION_CONNECTION=@@COLLATION_CONNECTION */;
/*!40101 SET NAMES utf8mb4 */;

--
-- Database: `homeautomation`
--

-- --------------------------------------------------------

--
-- Table structure for table `tbl_appliances`
--

CREATE TABLE `tbl_appliances` (
  `applianceID` tinyint(1) NOT NULL,
  `applianceName` varchar(20) DEFAULT NULL,
  `applianceRating` decimal(6,2) DEFAULT NULL,
  `applianceStatus` tinyint(1) NOT NULL,
  `applianceOutputPin` smallint(2) NOT NULL,
  `applianceInputPin` tinyint(4) NOT NULL,
  `applianceUCL` decimal(5,2) DEFAULT NULL,
  `applianceLCL` decimal(5,2) DEFAULT NULL,
  `applianceReadingStatus` tinyint(1) NOT NULL
) ENGINE=InnoDB DEFAULT CHARSET=latin1;

--
-- Dumping data for table `tbl_appliances`
--

INSERT INTO `tbl_appliances` (`applianceID`, `applianceName`, `applianceRating`, `applianceStatus`, `applianceOutputPin`, `applianceInputPin`, `applianceUCL`, `applianceLCL`, `applianceReadingStatus`) VALUES
(1, 'Lights-Kitchen', NULL, 0, 40, 37, NULL, NULL, 0),
(2, 'Fan-Bedroom', NULL, 0, 38, 35, NULL, NULL, 0),
(3, 'Fan-Livingroom', NULL, 1, 36, 33, NULL, NULL, 0),
(4, 'Charger-Phone', NULL, 2, 32, 31, NULL, NULL, 0);

-- --------------------------------------------------------

--
-- Table structure for table `tbl_logs`
--

CREATE TABLE `tbl_logs` (
  `logID` int(100) NOT NULL,
  `logDateTime` datetime NOT NULL,
  `logAppliance` varchar(20) NOT NULL,
  `logAction` tinyint(1) NOT NULL,
  `logVia` tinyint(1) NOT NULL,
  `logUser` smallint(5) NOT NULL
) ENGINE=InnoDB DEFAULT CHARSET=latin1;

--
-- Dumping data for table `tbl_logs`
--

INSERT INTO `tbl_logs` (`logID`, `logDateTime`, `logAppliance`, `logAction`, `logVia`, `logUser`) VALUES
(1, '2020-03-06 12:53:35', 'Charger-Phone', 1, 1, 1),
(2, '2020-03-06 12:53:39', 'Lights-Kitchen', 0, 1, 1),
(3, '2020-03-06 12:53:40', 'Fan-Bedroom', 0, 1, 1),
(4, '2020-03-06 12:53:43', 'Charger-Phone', 0, 1, 1),
(5, '2020-03-06 12:54:53', 'Charger-Phone', 1, 1, 1),
(6, '2020-03-06 12:55:00', 'Lights-Kitchen', 1, 2, 1),
(7, '2020-03-06 12:55:01', 'Charger-Phone', 0, 1, 1),
(8, '2020-03-06 12:55:10', 'Charger-Phone', 2, 0, 1),
(9, '2020-03-06 12:55:24', 'Lights-Kitchen', 0, 1, 1),
(10, '2020-03-06 12:56:00', 'Lights-Kitchen', 1, 2, 1),
(11, '2020-03-06 12:56:05', 'Lights-Kitchen', 0, 1, 1),
(12, '2020-03-06 13:07:03', 'Lights-Kitchen', 1, 1, 1),
(13, '2020-03-06 13:07:05', 'Lights-Kitchen', 0, 1, 1);

-- --------------------------------------------------------

--
-- Table structure for table `tbl_notifications`
--

CREATE TABLE `tbl_notifications` (
  `notifID` int(11) NOT NULL,
  `notifMessage` varchar(500) NOT NULL,
  `notifText` text NOT NULL,
  `notifDateTime` datetime NOT NULL
) ENGINE=InnoDB DEFAULT CHARSET=utf8mb4;

--
-- Dumping data for table `tbl_notifications`
--

INSERT INTO `tbl_notifications` (`notifID`, `notifMessage`, `notifText`, `notifDateTime`) VALUES
(1, 'Abnormal low watt readings on Port 1 Lights', '0.0 W lower than acceptable levels', '2020-02-26 11:29:59'),
(2, 'Abnormal low watt readings on Port 1 Lights', '0.0 W lower than acceptable levels', '2020-02-26 11:30:06'),
(3, 'Abnormal low watt readings on Port 1 Lights', '0.0 W lower than acceptable levels', '2020-02-26 11:31:25'),
(4, 'Abnormal low watt readings on Port 1 Lights', '0.0 W lower than acceptable levels', '2020-02-26 11:32:50'),
(5, 'Abnormal low watt readings on Port 1 Lights', '0.0 W lower than acceptable levels', '2020-02-26 11:38:48'),
(6, 'Abnormal low watt readings on Port 1 Lights', '0.0 W lower than acceptable levels', '2020-02-26 11:41:24'),
(7, 'Abnormal low watt readings on Port 1 Lights', '0.0 W lower than acceptable levels', '2020-02-26 11:43:34'),
(8, 'Abnormal low watt readings on Port 1 Lights', '0.0 W lower than acceptable levels', '2020-02-26 11:49:32'),
(9, 'Abnormal low watt readings on Port 1 Lights', '0.0 W lower than acceptable levels', '2020-02-26 11:51:19'),
(10, 'Abnormal low watt readings on Port 1 Lights', '0.0 W lower than acceptable levels', '2020-02-26 11:59:00'),
(11, 'Abnormal low watt readings on Port 1 Lights', '0.0 W lower than acceptable levels', '2020-02-26 12:36:05'),
(12, 'Abnormal low watt readings on Port 1 Lights', '0.0 W lower than acceptable levels', '2020-02-26 12:36:40'),
(13, 'Abnormal high watt readings on Port 1 Lights', '3868.497 W lower than acceptable levels', '2020-02-26 12:36:42'),
(14, 'Abnormal low watt readings on Port 1 Lights', '0.0 W lower than acceptable levels', '2020-02-26 12:36:56'),
(15, 'Abnormal low watt readings on Port 1 Lights', '0.0 W lower than acceptable levels', '2020-02-26 12:37:00'),
(16, 'Abnormal low watt readings on Port 1 Lights', '0.0 W lower than acceptable levels', '2020-02-26 12:37:13'),
(17, 'Abnormal low watt readings on Port 1 Lights', '0.0 W lower than acceptable levels', '2020-02-26 12:37:40'),
(18, 'Abnormal low watt readings on Port 1 Lights', '0.0 W lower than acceptable levels', '2020-02-26 12:39:47'),
(19, 'Abnormal low watt readings on Port 1 Lights', '0.0 W lower than acceptable levels', '2020-02-26 12:47:55'),
(20, 'Abnormal low watt readings on Port 1 Lights', '0.0 W lower than acceptable levels', '2020-02-26 12:55:55'),
(21, 'Abnormal low watt readings on Port 1 Lights Kitchen', '0.0 W lower than acceptable levels', '2020-02-26 13:25:43'),
(22, 'Abnormal low watt readings on Port 1 Lights Kitchen', '0.0 W lower than acceptable levels', '2020-02-26 13:29:08'),
(23, 'Abnormal low watt readings on Port 1 Lights Kitchen', '0.0 W lower than acceptable levels', '2020-02-26 13:31:57'),
(24, 'Abnormal low watt readings on Port 1 Lights Kitchen', '0.0 W lower than acceptable levels', '2020-02-26 13:36:49'),
(25, 'Abnormal low watt readings on Port 2 Fan Bedroom', '0.0 W lower than acceptable levels', '2020-02-26 13:41:31'),
(26, 'Abnormal low watt readings on Port 1 Lights Kitchen', '0.0 W lower than acceptable levels', '2020-02-26 13:41:31'),
(27, 'Abnormal low watt readings on Port 1 Lights Kitchen', '0.0 W lower than acceptable levels', '2020-02-26 13:43:03'),
(28, 'Abnormal low watt readings on Port 2 Fan Bedroom', '0.0 W lower than acceptable levels', '2020-02-26 13:44:24'),
(29, 'Abnormal low watt readings on Port 1 Lights Kitchen', '0.0 W lower than acceptable levels', '2020-02-26 13:54:26'),
(30, 'Abnormal low watt readings on Port 1 Lights Kitchen', '0.0 W lower than acceptable levels', '2020-02-26 13:55:30'),
(31, 'Abnormal low watt readings on Port 1 Lights Kitchen', '0.0 W lower than acceptable levels', '2020-02-26 14:01:27'),
(32, 'Abnormal low watt readings on Port 2 Fan Bedroom', '15.87 W lower than acceptable levels', '2020-02-26 14:02:40'),
(33, 'Abnormal low watt readings on Port 1 L Kitchen', '0.0 W lower than acceptable levels', '2020-02-26 14:35:14'),
(34, 'Abnormal low watt readings on Port 1 L Kitchen', '8.05 W lower than acceptable levels', '2020-02-26 14:42:35'),
(35, 'Abnormal low watt readings on Port 4 C Phone', '0.0 W lower than acceptable levels', '2020-02-26 14:44:00'),
(36, 'Abnormal low watt readings on Port 4 C Phone', '0.0 W lower than acceptable levels', '2020-02-26 14:46:31'),
(37, 'Abnormal low watt readings on Port 1 L Kitchen', '8.778 W lower than acceptable levels', '2020-02-26 15:22:49'),
(38, 'Abnormal low watt readings on Port 1 Light Kitchen', '0.0 W lower than acceptable levels', '2020-02-26 17:20:25'),
(39, 'Abnormal low watt readings on Port 1 Lights-Kitchen', '0.0 W lower than acceptable levels', '2020-02-26 19:19:21'),
(40, 'Abnormal low watt readings on Port 1 Lights-Kitchen', '0.0 W lower than acceptable levels', '2020-02-27 09:45:54'),
(41, 'Abnormal low watt readings on Port 2 Fan-Bedroom', '0.0 W lower than acceptable levels', '2020-02-27 09:57:39'),
(42, 'Abnormal low watt readings on Port 2 Fan-Bedroom', '0.0 W lower than acceptable levels', '2020-02-27 10:58:37'),
(43, 'Abnormal low watt readings on Port 2 Fan-Bedroom', '0.0 W lower than acceptable levels', '2020-02-27 11:18:19'),
(44, 'Abnormal low watt readings on Port 2 Fan-Bedroom', '0.0 W lower than acceptable levels', '2020-02-27 11:49:52'),
(45, 'Abnormal low watt readings on Port 1 Lights-Kitchen', '0.0 W lower than acceptable levels', '2020-02-27 11:58:45'),
(46, 'Abnormal low watt readings on Port 1 Lights-Kitchen', '0.0 W lower than acceptable levels', '2020-02-27 13:37:09'),
(47, 'Abnormal low watt readings on Port 1 Lights-Kitchen', '0.0 W lower than acceptable levels', '2020-02-27 13:44:01'),
(48, 'Abnormal low watt readings on Port 1 Lights-Kitchen', '0.0 W lower than acceptable levels', '2020-02-27 14:25:09'),
(49, 'Abnormal high watt readings on Port 1 Lights-Kitchen', '3200.019 W lower than acceptable levels', '2020-02-27 14:25:13'),
(50, 'Abnormal low watt readings on Port 1 Lights-Kitchen', '0.0 W lower than acceptable levels', '2020-02-27 14:25:22'),
(51, 'Abnormal high watt readings on Port 1 Lights-Kitchen', '3600.406 W lower than acceptable levels', '2020-02-27 14:25:27'),
(52, 'Abnormal low watt readings on Port 1 Lights-Kitchen', '0.0 W lower than acceptable levels', '2020-02-27 15:14:14'),
(53, 'Abnormal low watt readings on Port 1 Lights-Kitchen', '0.0 W lower than acceptable levels', '2020-02-28 11:26:31'),
(54, 'Abnormal low watt readings on Port 1 Lights-Kitchen', '0.0 W lower than acceptable levels', '2020-02-28 11:28:04'),
(55, 'Abnormal low watt readings on Port 1 Lights-Kitchen', '0.0 W lower than acceptable levels', '2020-02-28 11:35:12'),
(56, 'Abnormal low watt readings on Port 1 Lights-Kitchen', '0.0 W lower than acceptable levels', '2020-02-28 11:36:12'),
(57, 'Abnormal low watt readings on Port 1 Lights-Kitchen', '0.0 W lower than acceptable levels', '2020-02-28 11:39:04'),
(58, 'Abnormal low watt readings on Port 1 Lights-Kitchen', '0.0 W lower than acceptable levels', '2020-02-28 11:45:30'),
(59, 'Abnormal low watt readings on Port 1 Lights-Kitchen', '0.0 W lower than acceptable levels', '2020-02-28 11:46:48'),
(60, 'Abnormal low watt readings on Port 1 Lights-Kitchen', '0.0 W lower than acceptable levels', '2020-02-28 11:47:00'),
(61, 'Abnormal low watt readings on Port 1 Lights-Kitchen', '0.0 W lower than acceptable levels', '2020-02-28 11:47:13'),
(62, 'Abnormal low watt readings on Port 1 Lights-Kitchen', '0.0 W lower than acceptable levels', '2020-02-28 11:47:25'),
(63, 'Abnormal low watt readings on Port 1 Lights-Kitchen', '0.0 W lower than acceptable levels', '2020-02-28 11:49:14'),
(64, 'Abnormal low watt readings on Port 1 Lights-Kitchen', '0.0 W lower than acceptable levels', '2020-02-28 12:11:41'),
(65, 'Abnormal low watt readings on Port 1 Lights-Kitchen', '0.0 W lower than acceptable levels', '2020-02-28 13:17:35'),
(66, 'Abnormal low watt readings on Port 2 Fan-Bedroom', '0.0 W lower than acceptable levels', '2020-02-29 11:02:13'),
(67, 'Abnormal low watt readings on Port 1 Lights-Kitchen', '0.0 W lower than acceptable levels', '2020-02-29 11:08:21'),
(68, 'Abnormal low watt readings on Port 1 Lights-Kitchen', '0.0 W lower than acceptable levels', '2020-02-29 11:10:03'),
(69, 'Abnormal low watt readings on Port 1 Lights-Kitchen', '0.0 W lower than acceptable levels', '2020-02-29 13:50:09'),
(70, 'Abnormal low watt readings on Port 3 Fan-Livingroom', '0.0 W lower than acceptable levels', '2020-02-29 13:52:19'),
(71, 'Abnormal low watt readings on Port 3 Fan-Livingroom', '0.0 W lower than acceptable levels', '2020-02-29 14:04:54'),
(72, 'Abnormal low watt readings on Port 3 Fan-Livingroom', '0.0 W lower than acceptable levels', '2020-03-03 12:06:48'),
(73, 'Abnormal low watt readings on Port 4 Charger-Phone', '0.0 W lower than acceptable levels', '2020-03-03 13:04:19'),
(74, 'Abnormal low watt readings on Port 4 Charger-Phone', '0.0 W lower than acceptable levels', '2020-03-03 13:09:09'),
(75, 'Abnormal high watt readings on Port 4 Charger-Phone', '3409.284 W lower than acceptable levels', '2020-03-03 13:13:24'),
(76, 'Abnormal low watt readings on Port 4 Charger-Phone', '0.0 W lower than acceptable levels', '2020-03-03 13:14:06'),
(77, 'Abnormal high watt readings on Port 4 Charger-Phone', '3565.098 W lower than acceptable levels', '2020-03-03 13:15:26'),
(78, 'Abnormal low watt readings on Port 4 Charger-Phone', '0.0 W lower than acceptable levels', '2020-03-03 13:15:26'),
(79, 'Abnormal low watt readings on Port 4 Charger-Phone', '0.0 W lower than acceptable levels', '2020-03-03 13:15:33'),
(80, 'Abnormal low watt readings on Port 4 Charger-Phone', '0.0 W lower than acceptable levels', '2020-03-03 13:16:02'),
(81, 'Abnormal high watt readings on Port 4 Charger-Phone', '3992.142 W lower than acceptable levels', '2020-03-03 13:16:04'),
(82, 'Abnormal low watt readings on Port 1 Lights-Kitchen', '0.0 W lower than acceptable levels', '2020-03-03 13:29:06'),
(83, 'Abnormal low watt readings on Port 1 Lights-Kitchen', '0.0 W lower than acceptable levels', '2020-03-03 13:34:21'),
(84, 'Abnormal low watt readings on Port 1 Lights-Kitchen', '0.0 W lower than acceptable levels', '2020-03-03 13:35:29'),
(85, 'Abnormal low watt readings on Port 1 Lights-Kitchen', '0.0 W lower than acceptable levels', '2020-03-03 13:39:26'),
(86, 'Abnormal low watt readings on Port 1 Lights-Kitchen', '0.0 W lower than acceptable levels', '2020-03-03 13:42:00'),
(87, 'Abnormal low watt readings on Port 1 Lights-Kitchen', '0.0 W lower than acceptable levels', '2020-03-03 13:43:34'),
(88, 'Abnormal high watt readings on Port 4 Charger-Phone', '11.804 W lower than acceptable levels', '2020-03-03 13:50:31'),
(89, 'Abnormal low watt readings on Port 1 Lights-Kitchen', '0.0 W lower than acceptable levels', '2020-03-03 19:59:06'),
(90, 'Abnormal low watt readings on Port 1 Lights-Kitchen', '6.44 W lower than acceptable levels', '2020-03-03 20:31:49'),
(91, 'Abnormal low watt readings on Port 1 Lights-Kitchen', '0.0 W lower than acceptable levels', '2020-03-03 20:45:02'),
(92, 'Abnormal low watt readings on Port 1 Lights-Kitchen', '0.0 W lower than acceptable levels', '2020-03-03 21:08:53'),
(93, 'Abnormal low watt readings on Port 1 Lights-Kitchen', '0.0 W lower than acceptable levels', '2020-03-03 21:10:04'),
(94, 'Abnormal low watt readings on Port 1 Lights-Kitchen', '0.0 W lower than acceptable levels', '2020-03-03 21:10:58'),
(95, 'Abnormal low watt readings on Port 1 Lights-Kitchen', '0.0 W lower than acceptable levels', '2020-03-03 21:25:25'),
(96, 'Abnormal high watt readings on Port 4 Charger-Phone', '7.328 W lower than acceptable levels', '2020-03-04 11:54:18'),
(97, 'Abnormal low watt readings on Port 4 Charger-Phone', '0.454 W lower than acceptable levels', '2020-03-04 11:54:52'),
(98, 'Abnormal high watt readings on Port 4 Charger-Phone', '11.4 W lower than acceptable levels', '2020-03-04 11:55:24'),
(99, 'Abnormal low watt readings on Port 4 Charger-Phone', '6.006 W lower than acceptable levels', '2020-03-04 12:02:35'),
(100, 'Abnormal low watt readings on Port 4 Charger-Phone', '2.043 W lower than acceptable levels', '2020-03-04 12:03:14'),
(101, 'Abnormal low watt readings on Port 4 Charger-Phone', '6.384 W lower than acceptable levels', '2020-03-04 12:04:02'),
(102, 'Abnormal low watt readings on Port 4 Charger-Phone', '5.98 W lower than acceptable levels', '2020-03-04 12:05:24'),
(103, 'Abnormal low watt readings on Port 4 Charger-Phone', '4.994 W lower than acceptable levels', '2020-03-04 12:06:57'),
(104, 'Abnormal low watt readings on Port 4 Charger-Phone', '5.876 W lower than acceptable levels', '2020-03-04 12:10:08'),
(105, 'Abnormal low watt readings on Port 4 Charger-Phone', '5.925 W lower than acceptable levels', '2020-03-04 12:10:33'),
(106, 'Abnormal low watt readings on Port 4 Charger-Phone', '6.032 W lower than acceptable levels', '2020-03-04 12:11:45'),
(107, 'Abnormal low watt readings on Port 4 Charger-Phone Please check your appliance', '0.0 W lower than acceptable levels', '2020-03-04 12:14:36'),
(108, 'Abnormal low watt readings on Port 4 Charger-Phone Please check your appliance', '0.0 W lower than acceptable levels', '2020-03-04 12:16:42'),
(109, 'Abnormal high watt readings on Port 4 Charger-Phone Please check your appliance', '21.922 W lower than acceptable levels', '2020-03-04 12:16:57'),
(110, 'Abnormal low watt readings on Port 4 Charger-Phone Please check your appliance', '0.0 W lower than acceptable levels', '2020-03-04 12:19:10'),
(111, 'Abnormal high watt readings on Port 4 Charger-Phone Please check your appliance', '19.236 W lower than acceptable levels', '2020-03-04 12:20:19'),
(112, 'Abnormal low watt readings on Port 4 Charger-Phone Please check your appliance', '0.0 W lower than acceptable levels', '2020-03-04 12:21:26'),
(113, 'Abnormal low watt readings on Port 4 Charger-Phone Please check your appliance', '0.0 W lower than acceptable levels', '2020-03-04 12:23:40'),
(114, 'Abnormal low watt readings on Port 4 Charger-Phone Please check your appliance', '1.824 W lower than acceptable levels', '2020-03-04 13:12:23'),
(115, 'Abnormal low watt readings on Port 4 Charger-Phone Please check your appliance', '0.0 W lower than acceptable levels', '2020-03-04 13:12:59'),
(116, 'Abnormal low watt readings on Port 1 Lights-Kitchen Please check your appliance', '0.46 W lower than acceptable levels', '2020-03-04 13:19:15'),
(117, 'Abnormal low watt readings on Port 4 Charger-Phone Please check your appliance', '6.156 W lower than acceptable levels', '2020-03-06 12:29:47'),
(118, 'Abnormal low watt readings on Port 4 Charger-Phone Please check your appliance', '6.102 W lower than acceptable levels', '2020-03-06 12:30:34'),
(119, 'Abnormal low watt readings on Port 4 Charger-Phone Please check your appliance', '6.3 W lower than acceptable levels', '2020-03-06 12:30:55'),
(120, 'Abnormal high watt readings on Port 4 Charger-Phone Please check your appliance', '2.07 W lower than acceptable levels', '2020-03-06 12:34:01'),
(121, 'Abnormal low watt readings on Port 4 Charger-Phone Please check your appliance', '0.0 W lower than acceptable levels', '2020-03-06 12:46:06'),
(122, 'Abnormal high watt readings on Port 4 Charger-Phone Please check your appliance', '6.156 W lower than acceptable levels', '2020-03-06 12:47:23'),
(123, 'Abnormal high watt readings on Port 4 Charger-Phone Please check your appliance', '6.102 W lower than acceptable levels', '2020-03-06 12:47:41'),
(124, 'Abnormal high watt readings on Port 4 Charger-Phone Please check your appliance', '5.928 W lower than acceptable levels', '2020-03-06 12:47:59'),
(125, 'Abnormal high watt readings on Port 4 Charger-Phone Please check your appliance', '6.412 W lower than acceptable levels', '2020-03-06 12:48:37'),
(126, 'Abnormal high watt readings on Port 4 Charger-Phone Please check your appliance', '4.95 W lower than acceptable levels', '2020-03-06 12:50:05'),
(127, 'Abnormal high watt readings on Port 4 Charger-Phone Please check your appliance', '6.156 W lower than acceptable levels', '2020-03-06 12:50:17'),
(128, 'Abnormal high watt readings on Port 4 Charger-Phone Please check your appliance', '6.244 W lower than acceptable levels', '2020-03-06 12:50:43'),
(129, 'Abnormal high watt readings on Port 4 Charger-Phone Please check your appliance', '23.052 W lower than acceptable levels', '2020-03-06 12:52:27'),
(130, 'Abnormal low watt readings on Port 4 Charger-Phone Please check your appliance', '0.0 W lower than acceptable levels', '2020-03-06 12:52:39');

-- --------------------------------------------------------

--
-- Table structure for table `tbl_notification_status`
--

CREATE TABLE `tbl_notification_status` (
  `notifUserID` tinyint(1) NOT NULL,
  `notifID` int(11) NOT NULL,
  `notifStatus` tinyint(1) NOT NULL
) ENGINE=InnoDB DEFAULT CHARSET=utf8mb4;

-- --------------------------------------------------------

--
-- Table structure for table `tbl_readings`
--

CREATE TABLE `tbl_readings` (
  `applianceID` tinyint(1) NOT NULL,
  `rCurrent` decimal(4,2) NOT NULL,
  `rVoltage` smallint(3) NOT NULL,
  `rDateTime` datetime NOT NULL
) ENGINE=InnoDB DEFAULT CHARSET=utf8mb4;

--
-- Dumping data for table `tbl_readings`
--

INSERT INTO `tbl_readings` (`applianceID`, `rCurrent`, `rVoltage`, `rDateTime`) VALUES
(2, '0.00', 226, '2020-03-06 13:37:06'),
(1, '0.00', 229, '2020-03-06 13:37:06'),
(3, '0.19', 225, '2020-03-06 13:37:06'),
(4, '0.00', 228, '2020-03-06 13:37:06'),
(2, '0.00', 225, '2020-03-06 13:37:09'),
(1, '0.00', 229, '2020-03-06 13:37:09'),
(3, '0.19', 226, '2020-03-06 13:37:09'),
(4, '0.00', 227, '2020-03-06 13:37:09'),
(2, '0.00', 225, '2020-03-06 13:37:11'),
(1, '0.00', 230, '2020-03-06 13:37:11'),
(3, '0.19', 224, '2020-03-06 13:37:11'),
(4, '0.00', 229, '2020-03-06 13:37:11'),
(2, '0.00', 225, '2020-03-06 13:37:13'),
(1, '0.00', 229, '2020-03-06 13:37:13'),
(3, '0.18', 227, '2020-03-06 13:37:13'),
(4, '0.00', 227, '2020-03-06 13:37:13'),
(2, '0.00', 226, '2020-03-06 13:37:15'),
(1, '0.00', 229, '2020-03-06 13:37:16'),
(3, '0.19', 227, '2020-03-06 13:37:16'),
(4, '0.00', 227, '2020-03-06 13:37:16'),
(2, '0.00', 225, '2020-03-06 13:37:18'),
(1, '0.00', 230, '2020-03-06 13:37:18'),
(3, '0.19', 224, '2020-03-06 13:37:18'),
(4, '0.00', 228, '2020-03-06 13:37:18'),
(2, '0.00', 227, '2020-03-06 13:37:20'),
(1, '0.00', 228, '2020-03-06 13:37:20'),
(3, '0.19', 225, '2020-03-06 13:37:20'),
(4, '0.00', 228, '2020-03-06 13:37:20'),
(2, '0.00', 227, '2020-03-06 13:37:21'),
(1, '0.00', 229, '2020-03-06 13:37:21'),
(3, '0.19', 224, '2020-03-06 13:37:21'),
(4, '0.00', 229, '2020-03-06 13:37:21'),
(2, '0.00', 226, '2020-03-06 13:37:23'),
(1, '0.00', 229, '2020-03-06 13:37:23'),
(3, '0.19', 223, '2020-03-06 13:37:23'),
(4, '0.00', 230, '2020-03-06 13:37:23'),
(2, '0.00', 225, '2020-03-06 13:37:25'),
(1, '0.00', 229, '2020-03-06 13:37:25'),
(3, '0.14', 226, '2020-03-06 13:37:25'),
(4, '0.00', 228, '2020-03-06 13:37:25'),
(2, '0.00', 227, '2020-03-06 13:37:27'),
(1, '0.00', 228, '2020-03-06 13:37:27'),
(3, '0.19', 224, '2020-03-06 13:37:27'),
(4, '0.00', 229, '2020-03-06 13:37:27'),
(2, '0.00', 223, '2020-03-06 13:37:29'),
(1, '0.00', 230, '2020-03-06 13:37:29'),
(3, '0.18', 227, '2020-03-06 13:37:29'),
(4, '0.00', 226, '2020-03-06 13:37:29'),
(2, '0.00', 227, '2020-03-06 13:37:31'),
(1, '0.00', 228, '2020-03-06 13:37:31'),
(3, '0.19', 225, '2020-03-06 13:37:31'),
(4, '0.00', 229, '2020-03-06 13:37:31'),
(2, '0.00', 226, '2020-03-06 13:37:33'),
(1, '0.00', 229, '2020-03-06 13:37:33'),
(3, '0.16', 224, '2020-03-06 13:37:33'),
(4, '0.00', 228, '2020-03-06 13:37:33'),
(2, '0.00', 224, '2020-03-06 13:37:35'),
(1, '0.00', 230, '2020-03-06 13:37:35'),
(3, '0.20', 226, '2020-03-06 13:37:35'),
(4, '0.00', 227, '2020-03-06 13:37:35'),
(2, '0.00', 225, '2020-03-06 13:37:37'),
(1, '0.00', 229, '2020-03-06 13:37:37'),
(3, '0.16', 226, '2020-03-06 13:37:37'),
(4, '0.00', 226, '2020-03-06 13:37:37'),
(2, '0.00', 226, '2020-03-06 13:37:38'),
(1, '0.00', 229, '2020-03-06 13:37:39'),
(3, '0.19', 226, '2020-03-06 13:37:39'),
(4, '0.00', 229, '2020-03-06 13:37:39'),
(2, '0.00', 223, '2020-03-06 13:37:40'),
(1, '0.00', 230, '2020-03-06 13:37:40'),
(3, '0.19', 226, '2020-03-06 13:37:40'),
(4, '0.00', 227, '2020-03-06 13:37:40'),
(2, '0.00', 226, '2020-03-06 13:37:42'),
(1, '0.00', 229, '2020-03-06 13:37:42'),
(3, '0.19', 226, '2020-03-06 13:37:42'),
(4, '0.00', 228, '2020-03-06 13:37:42'),
(2, '0.00', 226, '2020-03-06 13:37:44'),
(1, '0.00', 229, '2020-03-06 13:37:44'),
(3, '0.19', 223, '2020-03-06 13:37:44'),
(4, '0.00', 230, '2020-03-06 13:37:45'),
(2, '0.00', 226, '2020-03-06 13:37:46'),
(1, '0.00', 229, '2020-03-06 13:37:46'),
(3, '0.20', 225, '2020-03-06 13:37:46'),
(4, '0.00', 229, '2020-03-06 13:37:46'),
(2, '0.00', 225, '2020-03-06 13:37:48'),
(1, '0.00', 230, '2020-03-06 13:37:48'),
(3, '0.15', 226, '2020-03-06 13:37:48'),
(4, '0.00', 228, '2020-03-06 13:37:48'),
(2, '0.00', 226, '2020-03-06 13:37:50'),
(1, '0.00', 229, '2020-03-06 13:37:50'),
(3, '0.18', 224, '2020-03-06 13:37:50'),
(4, '0.00', 228, '2020-03-06 13:37:50'),
(2, '0.00', 223, '2020-03-06 13:37:52'),
(1, '0.00', 230, '2020-03-06 13:37:52'),
(3, '0.19', 226, '2020-03-06 13:37:52'),
(4, '0.00', 228, '2020-03-06 13:37:52'),
(2, '0.00', 226, '2020-03-06 13:37:54'),
(1, '0.00', 229, '2020-03-06 13:37:54'),
(3, '0.20', 224, '2020-03-06 13:37:54'),
(4, '0.00', 228, '2020-03-06 13:37:54'),
(2, '0.00', 225, '2020-03-06 13:37:56'),
(1, '0.00', 229, '2020-03-06 13:37:56'),
(3, '0.19', 226, '2020-03-06 13:37:56'),
(4, '0.00', 229, '2020-03-06 13:37:56'),
(2, '0.00', 224, '2020-03-06 13:37:59'),
(1, '0.00', 230, '2020-03-06 13:37:59'),
(3, '0.18', 225, '2020-03-06 13:37:59'),
(4, '0.00', 228, '2020-03-06 13:37:59'),
(2, '0.00', 226, '2020-03-06 13:38:01'),
(1, '0.00', 229, '2020-03-06 13:38:01'),
(3, '0.17', 224, '2020-03-06 13:38:01'),
(4, '0.00', 228, '2020-03-06 13:38:01'),
(2, '0.00', 223, '2020-03-06 13:38:03'),
(1, '0.00', 230, '2020-03-06 13:38:03'),
(3, '0.18', 227, '2020-03-06 13:38:03'),
(4, '0.00', 227, '2020-03-06 13:38:03'),
(2, '0.00', 224, '2020-03-06 13:38:05'),
(1, '0.00', 230, '2020-03-06 13:38:05'),
(3, '0.17', 226, '2020-03-06 13:38:05'),
(4, '0.00', 227, '2020-03-06 13:38:05'),
(2, '0.00', 225, '2020-03-06 13:38:07'),
(1, '0.00', 229, '2020-03-06 13:38:07'),
(3, '0.18', 225, '2020-03-06 13:38:07'),
(4, '0.00', 228, '2020-03-06 13:38:07'),
(2, '0.00', 225, '2020-03-06 13:38:09'),
(1, '0.00', 229, '2020-03-06 13:38:09'),
(3, '0.19', 224, '2020-03-06 13:38:09'),
(4, '0.00', 229, '2020-03-06 13:38:09'),
(2, '0.00', 225, '2020-03-06 13:38:11'),
(1, '0.00', 229, '2020-03-06 13:38:11'),
(3, '0.18', 228, '2020-03-06 13:38:11'),
(4, '0.00', 227, '2020-03-06 13:38:11'),
(2, '0.00', 225, '2020-03-06 13:38:13'),
(1, '0.00', 230, '2020-03-06 13:38:13'),
(3, '0.17', 226, '2020-03-06 13:38:13'),
(4, '0.00', 227, '2020-03-06 13:38:13'),
(2, '0.00', 223, '2020-03-06 13:38:15'),
(1, '0.00', 230, '2020-03-06 13:38:15'),
(3, '0.16', 226, '2020-03-06 13:38:15'),
(4, '0.00', 228, '2020-03-06 13:38:15'),
(2, '0.00', 225, '2020-03-06 13:38:17'),
(1, '0.00', 229, '2020-03-06 13:38:17'),
(3, '0.19', 225, '2020-03-06 13:38:17'),
(4, '0.00', 229, '2020-03-06 13:38:17'),
(2, '0.00', 225, '2020-03-06 13:38:19'),
(1, '0.00', 229, '2020-03-06 13:38:19'),
(3, '0.14', 228, '2020-03-06 13:38:19'),
(4, '0.00', 227, '2020-03-06 13:38:19'),
(2, '0.00', 225, '2020-03-06 13:38:21'),
(1, '0.00', 230, '2020-03-06 13:38:21'),
(3, '0.19', 224, '2020-03-06 13:38:21'),
(4, '0.00', 230, '2020-03-06 13:38:21'),
(2, '0.00', 228, '2020-03-06 13:38:23'),
(1, '0.00', 229, '2020-03-06 13:38:23'),
(3, '0.19', 224, '2020-03-06 13:38:23'),
(4, '0.00', 229, '2020-03-06 13:38:23'),
(2, '0.00', 226, '2020-03-06 13:38:24'),
(1, '0.00', 228, '2020-03-06 13:38:24'),
(3, '0.18', 224, '2020-03-06 13:38:25'),
(4, '0.00', 229, '2020-03-06 13:38:25'),
(2, '0.00', 226, '2020-03-06 13:38:26'),
(1, '0.00', 229, '2020-03-06 13:38:26'),
(3, '0.19', 223, '2020-03-06 13:38:26'),
(4, '0.00', 229, '2020-03-06 13:38:26'),
(2, '0.00', 224, '2020-03-06 13:38:28'),
(1, '0.00', 230, '2020-03-06 13:38:28'),
(3, '0.19', 225, '2020-03-06 13:38:28'),
(4, '0.00', 229, '2020-03-06 13:38:28'),
(2, '0.00', 227, '2020-03-06 13:38:30'),
(1, '0.00', 228, '2020-03-06 13:38:30'),
(3, '0.19', 226, '2020-03-06 13:38:30'),
(4, '0.00', 227, '2020-03-06 13:38:30'),
(2, '0.00', 226, '2020-03-06 13:38:32'),
(1, '0.00', 229, '2020-03-06 13:38:32'),
(3, '0.19', 228, '2020-03-06 13:38:32'),
(4, '0.00', 227, '2020-03-06 13:38:32'),
(2, '0.00', 225, '2020-03-06 13:38:34'),
(1, '0.00', 230, '2020-03-06 13:38:34'),
(3, '0.17', 227, '2020-03-06 13:38:34'),
(4, '0.00', 227, '2020-03-06 13:38:34'),
(2, '0.00', 224, '2020-03-06 13:38:36'),
(1, '0.00', 230, '2020-03-06 13:38:36'),
(3, '0.17', 225, '2020-03-06 13:38:36'),
(4, '0.00', 229, '2020-03-06 13:38:36'),
(2, '0.00', 225, '2020-03-06 13:38:38'),
(1, '0.00', 229, '2020-03-06 13:38:38'),
(3, '0.19', 225, '2020-03-06 13:38:38'),
(4, '0.00', 229, '2020-03-06 13:38:38'),
(2, '0.00', 225, '2020-03-06 13:38:40'),
(1, '0.00', 229, '2020-03-06 13:38:40'),
(3, '0.16', 227, '2020-03-06 13:38:40'),
(4, '0.00', 227, '2020-03-06 13:38:40'),
(2, '0.00', 225, '2020-03-06 13:38:42'),
(1, '0.00', 230, '2020-03-06 13:38:42'),
(3, '0.17', 227, '2020-03-06 13:38:42'),
(4, '0.00', 227, '2020-03-06 13:38:42'),
(2, '0.00', 224, '2020-03-06 13:38:44'),
(1, '0.00', 230, '2020-03-06 13:38:44'),
(3, '0.18', 226, '2020-03-06 13:38:44'),
(4, '0.00', 226, '2020-03-06 13:38:44'),
(2, '0.00', 227, '2020-03-06 13:38:45'),
(1, '0.00', 228, '2020-03-06 13:38:45'),
(3, '0.19', 225, '2020-03-06 13:38:45'),
(4, '0.00', 228, '2020-03-06 13:38:45'),
(2, '0.00', 224, '2020-03-06 13:38:47'),
(1, '0.00', 230, '2020-03-06 13:38:47'),
(3, '0.18', 224, '2020-03-06 13:38:47'),
(4, '0.00', 228, '2020-03-06 13:38:47'),
(2, '0.00', 227, '2020-03-06 13:38:49'),
(1, '0.00', 228, '2020-03-06 13:38:49'),
(3, '0.18', 226, '2020-03-06 13:38:49'),
(4, '0.00', 228, '2020-03-06 13:38:49'),
(2, '0.00', 226, '2020-03-06 13:38:51'),
(1, '0.00', 229, '2020-03-06 13:38:51'),
(3, '0.18', 224, '2020-03-06 13:38:51'),
(4, '0.00', 229, '2020-03-06 13:38:51'),
(2, '0.00', 226, '2020-03-06 13:38:53'),
(1, '0.00', 230, '2020-03-06 13:38:53'),
(3, '0.19', 226, '2020-03-06 13:38:53'),
(4, '0.00', 228, '2020-03-06 13:38:53'),
(2, '0.00', 224, '2020-03-06 13:38:55'),
(1, '0.00', 230, '2020-03-06 13:38:55'),
(3, '0.17', 226, '2020-03-06 13:38:55'),
(4, '0.00', 227, '2020-03-06 13:38:55'),
(2, '0.00', 225, '2020-03-06 13:38:57'),
(1, '0.00', 230, '2020-03-06 13:38:57'),
(3, '0.15', 227, '2020-03-06 13:38:57'),
(4, '0.00', 226, '2020-03-06 13:38:57'),
(2, '0.00', 226, '2020-03-06 13:38:59'),
(1, '0.00', 229, '2020-03-06 13:38:59'),
(3, '0.15', 225, '2020-03-06 13:38:59'),
(4, '0.00', 228, '2020-03-06 13:38:59'),
(2, '0.00', 224, '2020-03-06 13:39:01'),
(1, '0.00', 230, '2020-03-06 13:39:01'),
(3, '0.19', 226, '2020-03-06 13:39:01'),
(4, '0.00', 228, '2020-03-06 13:39:01'),
(2, '0.00', 228, '2020-03-06 13:39:03'),
(1, '0.00', 229, '2020-03-06 13:39:03'),
(3, '0.15', 226, '2020-03-06 13:39:03'),
(4, '0.00', 227, '2020-03-06 13:39:03'),
(2, '0.00', 227, '2020-03-06 13:39:04'),
(1, '0.00', 230, '2020-03-06 13:39:04'),
(3, '0.19', 226, '2020-03-06 13:39:04'),
(4, '0.00', 226, '2020-03-06 13:39:05'),
(2, '0.00', 227, '2020-03-06 13:39:06'),
(1, '0.00', 228, '2020-03-06 13:39:06'),
(3, '0.19', 224, '2020-03-06 13:39:06'),
(4, '0.00', 229, '2020-03-06 13:39:06'),
(2, '0.00', 226, '2020-03-06 13:39:08'),
(1, '0.00', 228, '2020-03-06 13:39:08'),
(3, '0.20', 225, '2020-03-06 13:39:08'),
(4, '0.00', 229, '2020-03-06 13:39:08'),
(2, '0.00', 223, '2020-03-06 13:39:10'),
(1, '0.00', 230, '2020-03-06 13:39:10'),
(3, '0.18', 224, '2020-03-06 13:39:10'),
(4, '0.00', 228, '2020-03-06 13:39:10'),
(2, '0.00', 227, '2020-03-06 13:39:12'),
(1, '0.00', 229, '2020-03-06 13:39:12'),
(3, '0.17', 225, '2020-03-06 13:39:12'),
(4, '0.00', 227, '2020-03-06 13:39:12'),
(2, '0.00', 226, '2020-03-06 13:39:14'),
(1, '0.00', 230, '2020-03-06 13:39:14'),
(3, '0.19', 227, '2020-03-06 13:39:14'),
(4, '0.00', 227, '2020-03-06 13:39:14'),
(2, '0.00', 224, '2020-03-06 13:39:16'),
(1, '0.00', 230, '2020-03-06 13:39:16'),
(3, '0.19', 226, '2020-03-06 13:39:16'),
(4, '0.00', 228, '2020-03-06 13:39:16'),
(2, '0.00', 226, '2020-03-06 13:39:18'),
(1, '0.00', 229, '2020-03-06 13:39:18'),
(3, '0.19', 228, '2020-03-06 13:39:18'),
(4, '0.00', 226, '2020-03-06 13:39:18'),
(2, '0.00', 227, '2020-03-06 13:39:20'),
(1, '0.00', 229, '2020-03-06 13:39:20'),
(3, '0.19', 224, '2020-03-06 13:39:20'),
(4, '0.00', 228, '2020-03-06 13:39:20'),
(2, '0.00', 226, '2020-03-06 13:39:22'),
(1, '0.00', 229, '2020-03-06 13:39:22'),
(3, '0.19', 226, '2020-03-06 13:39:22'),
(4, '0.00', 228, '2020-03-06 13:39:22'),
(2, '0.00', 227, '2020-03-06 13:39:23'),
(1, '0.00', 229, '2020-03-06 13:39:23'),
(3, '0.19', 224, '2020-03-06 13:39:23'),
(4, '0.00', 229, '2020-03-06 13:39:24'),
(2, '0.00', 225, '2020-03-06 13:39:25'),
(1, '0.00', 230, '2020-03-06 13:39:25'),
(3, '0.19', 226, '2020-03-06 13:39:25'),
(4, '0.00', 228, '2020-03-06 13:39:25'),
(2, '0.00', 224, '2020-03-06 13:39:28'),
(1, '0.00', 231, '2020-03-06 13:39:28'),
(3, '0.19', 225, '2020-03-06 13:39:29'),
(4, '0.00', 228, '2020-03-06 13:39:29'),
(2, '0.00', 226, '2020-03-06 13:39:31'),
(1, '0.00', 230, '2020-03-06 13:39:31'),
(3, '0.14', 226, '2020-03-06 13:39:31'),
(4, '0.00', 228, '2020-03-06 13:39:31'),
(2, '0.00', 226, '2020-03-06 13:39:33'),
(1, '0.00', 228, '2020-03-06 13:39:33'),
(3, '0.18', 225, '2020-03-06 13:39:33'),
(4, '0.00', 229, '2020-03-06 13:39:33'),
(2, '0.00', 226, '2020-03-06 13:39:35'),
(1, '0.00', 229, '2020-03-06 13:39:35'),
(3, '0.19', 225, '2020-03-06 13:39:35'),
(4, '0.00', 229, '2020-03-06 13:39:35'),
(2, '0.00', 226, '2020-03-06 13:39:37'),
(1, '0.00', 229, '2020-03-06 13:39:37'),
(3, '0.18', 225, '2020-03-06 13:39:37'),
(4, '0.00', 228, '2020-03-06 13:39:37'),
(2, '0.00', 226, '2020-03-06 13:39:39'),
(1, '0.00', 229, '2020-03-06 13:39:39'),
(3, '0.19', 226, '2020-03-06 13:39:39'),
(4, '0.00', 228, '2020-03-06 13:39:39'),
(2, '0.00', 223, '2020-03-06 13:39:41'),
(1, '0.00', 229, '2020-03-06 13:39:41'),
(3, '0.18', 229, '2020-03-06 13:39:41'),
(4, '0.00', 227, '2020-03-06 13:39:41'),
(2, '0.00', 226, '2020-03-06 13:39:43'),
(1, '0.00', 230, '2020-03-06 13:39:43'),
(3, '0.19', 224, '2020-03-06 13:39:43'),
(4, '0.00', 228, '2020-03-06 13:39:43'),
(2, '0.00', 226, '2020-03-06 13:39:45'),
(1, '0.00', 229, '2020-03-06 13:39:45'),
(3, '0.16', 224, '2020-03-06 13:39:45'),
(4, '0.00', 229, '2020-03-06 13:39:45'),
(2, '0.00', 226, '2020-03-06 13:39:47'),
(1, '0.00', 229, '2020-03-06 13:39:47'),
(3, '0.18', 226, '2020-03-06 13:39:47'),
(4, '0.00', 229, '2020-03-06 13:39:47'),
(2, '0.00', 226, '2020-03-06 13:39:49'),
(1, '0.00', 229, '2020-03-06 13:39:49'),
(3, '0.16', 224, '2020-03-06 13:39:49'),
(4, '0.00', 227, '2020-03-06 13:39:49'),
(2, '0.00', 226, '2020-03-06 13:39:51'),
(1, '0.00', 230, '2020-03-06 13:39:51'),
(3, '0.19', 226, '2020-03-06 13:39:51'),
(4, '0.00', 227, '2020-03-06 13:39:51'),
(2, '0.00', 227, '2020-03-06 13:39:53'),
(1, '0.00', 228, '2020-03-06 13:39:53'),
(3, '0.19', 227, '2020-03-06 13:39:53'),
(4, '0.00', 227, '2020-03-06 13:39:53'),
(2, '0.00', 226, '2020-03-06 13:39:55'),
(1, '0.00', 229, '2020-03-06 13:39:55'),
(3, '0.14', 228, '2020-03-06 13:39:55'),
(4, '0.00', 227, '2020-03-06 13:39:55'),
(2, '0.00', 225, '2020-03-06 13:39:56'),
(1, '0.00', 230, '2020-03-06 13:39:56'),
(3, '0.19', 225, '2020-03-06 13:39:56'),
(4, '0.00', 229, '2020-03-06 13:39:56'),
(2, '0.00', 223, '2020-03-06 13:39:58'),
(1, '0.00', 230, '2020-03-06 13:39:58'),
(3, '0.19', 228, '2020-03-06 13:39:58'),
(4, '0.00', 227, '2020-03-06 13:39:58'),
(2, '0.00', 226, '2020-03-06 13:40:00'),
(1, '0.00', 229, '2020-03-06 13:40:00'),
(3, '0.18', 225, '2020-03-06 13:40:00'),
(4, '0.00', 228, '2020-03-06 13:40:00'),
(2, '0.00', 224, '2020-03-06 13:40:02'),
(1, '0.00', 230, '2020-03-06 13:40:02'),
(3, '0.19', 226, '2020-03-06 13:40:02'),
(4, '0.00', 228, '2020-03-06 13:40:02'),
(2, '0.00', 224, '2020-03-06 13:40:04'),
(1, '0.00', 229, '2020-03-06 13:40:04'),
(3, '0.18', 227, '2020-03-06 13:40:04'),
(4, '0.00', 227, '2020-03-06 13:40:04'),
(2, '0.00', 226, '2020-03-06 13:40:06'),
(1, '0.00', 229, '2020-03-06 13:40:06'),
(3, '0.18', 224, '2020-03-06 13:40:06'),
(4, '0.00', 229, '2020-03-06 13:40:06'),
(2, '0.00', 225, '2020-03-06 13:40:08'),
(1, '0.00', 230, '2020-03-06 13:40:08'),
(3, '0.19', 227, '2020-03-06 13:40:08'),
(4, '0.00', 228, '2020-03-06 13:40:08'),
(2, '0.00', 226, '2020-03-06 13:40:10'),
(1, '0.00', 229, '2020-03-06 13:40:10'),
(3, '0.19', 224, '2020-03-06 13:40:10'),
(4, '0.00', 230, '2020-03-06 13:40:10'),
(2, '0.00', 227, '2020-03-06 13:40:12'),
(1, '0.00', 228, '2020-03-06 13:40:12'),
(3, '0.18', 225, '2020-03-06 13:40:12'),
(4, '0.00', 229, '2020-03-06 13:40:12'),
(2, '0.00', 224, '2020-03-06 13:40:14'),
(1, '0.00', 230, '2020-03-06 13:40:14'),
(3, '0.18', 226, '2020-03-06 13:40:14'),
(4, '0.00', 229, '2020-03-06 13:40:14'),
(2, '0.00', 225, '2020-03-06 13:40:15'),
(1, '0.00', 230, '2020-03-06 13:40:16'),
(3, '0.19', 226, '2020-03-06 13:40:16'),
(4, '0.00', 228, '2020-03-06 13:40:16'),
(2, '0.00', 226, '2020-03-06 13:40:18'),
(1, '0.00', 229, '2020-03-06 13:40:18'),
(3, '0.18', 224, '2020-03-06 13:40:18'),
(4, '0.00', 229, '2020-03-06 13:40:18'),
(2, '0.00', 225, '2020-03-06 13:40:20'),
(1, '0.00', 230, '2020-03-06 13:40:20'),
(3, '0.19', 228, '2020-03-06 13:40:20'),
(4, '0.00', 226, '2020-03-06 13:40:20'),
(2, '0.00', 226, '2020-03-06 13:40:21'),
(1, '0.00', 229, '2020-03-06 13:40:21'),
(3, '0.17', 227, '2020-03-06 13:40:21'),
(4, '0.00', 227, '2020-03-06 13:40:21'),
(2, '0.00', 226, '2020-03-06 13:40:23'),
(1, '0.00', 230, '2020-03-06 13:40:23'),
(3, '0.19', 224, '2020-03-06 13:40:23'),
(4, '0.00', 229, '2020-03-06 13:40:23'),
(2, '0.00', 225, '2020-03-06 13:40:25'),
(1, '0.00', 230, '2020-03-06 13:40:25'),
(3, '0.19', 226, '2020-03-06 13:40:25'),
(4, '0.00', 227, '2020-03-06 13:40:25'),
(2, '0.00', 224, '2020-03-06 13:40:27'),
(1, '0.00', 230, '2020-03-06 13:40:27'),
(3, '0.18', 226, '2020-03-06 13:40:27'),
(4, '0.00', 228, '2020-03-06 13:40:27'),
(2, '0.00', 226, '2020-03-06 13:40:29'),
(1, '0.00', 228, '2020-03-06 13:40:29'),
(3, '0.17', 227, '2020-03-06 13:40:29'),
(4, '0.00', 228, '2020-03-06 13:40:29'),
(2, '0.00', 226, '2020-03-06 13:40:31'),
(1, '0.00', 230, '2020-03-06 13:40:31'),
(3, '0.19', 228, '2020-03-06 13:40:31'),
(4, '0.00', 227, '2020-03-06 13:40:31'),
(2, '0.00', 228, '2020-03-06 13:40:33'),
(1, '0.00', 228, '2020-03-06 13:40:33'),
(3, '0.18', 225, '2020-03-06 13:40:33'),
(4, '0.00', 229, '2020-03-06 13:40:33'),
(2, '0.00', 225, '2020-03-06 13:40:35'),
(1, '0.00', 230, '2020-03-06 13:40:35'),
(3, '0.18', 226, '2020-03-06 13:40:35'),
(4, '0.00', 228, '2020-03-06 13:40:35'),
(2, '0.00', 228, '2020-03-06 13:40:37'),
(1, '0.00', 229, '2020-03-06 13:40:37'),
(3, '0.16', 224, '2020-03-06 13:40:37'),
(4, '0.00', 228, '2020-03-06 13:40:37'),
(2, '0.00', 228, '2020-03-06 13:40:38'),
(1, '0.00', 228, '2020-03-06 13:40:38'),
(3, '0.18', 225, '2020-03-06 13:40:38'),
(4, '0.00', 228, '2020-03-06 13:40:39'),
(2, '0.00', 226, '2020-03-06 13:40:40'),
(1, '0.00', 229, '2020-03-06 13:40:40'),
(3, '0.18', 225, '2020-03-06 13:40:40'),
(4, '0.00', 229, '2020-03-06 13:40:40'),
(2, '0.00', 226, '2020-03-06 13:40:42'),
(1, '0.00', 230, '2020-03-06 13:40:42'),
(3, '0.18', 226, '2020-03-06 13:40:42'),
(4, '0.00', 228, '2020-03-06 13:40:42'),
(2, '0.00', 224, '2020-03-06 13:40:44'),
(1, '0.00', 230, '2020-03-06 13:40:44'),
(3, '0.19', 228, '2020-03-06 13:40:44'),
(4, '0.00', 226, '2020-03-06 13:40:44'),
(2, '0.00', 225, '2020-03-06 13:40:46'),
(1, '0.00', 230, '2020-03-06 13:40:46'),
(3, '0.19', 228, '2020-03-06 13:40:46'),
(4, '0.00', 227, '2020-03-06 13:40:46'),
(2, '0.00', 225, '2020-03-06 13:40:48'),
(1, '0.00', 230, '2020-03-06 13:40:48'),
(3, '0.15', 226, '2020-03-06 13:40:48'),
(4, '0.00', 227, '2020-03-06 13:40:48'),
(2, '0.00', 227, '2020-03-06 13:40:50'),
(1, '0.00', 229, '2020-03-06 13:40:50'),
(3, '0.19', 224, '2020-03-06 13:40:50'),
(4, '0.00', 230, '2020-03-06 13:40:50'),
(2, '0.00', 225, '2020-03-06 13:40:52'),
(1, '0.00', 230, '2020-03-06 13:40:52'),
(3, '0.18', 228, '2020-03-06 13:40:52'),
(4, '0.00', 227, '2020-03-06 13:40:52'),
(2, '0.00', 225, '2020-03-06 13:40:54'),
(1, '0.00', 228, '2020-03-06 13:40:54'),
(3, '0.18', 228, '2020-03-06 13:40:54'),
(4, '0.00', 227, '2020-03-06 13:40:54'),
(2, '0.00', 227, '2020-03-06 13:40:56'),
(1, '0.00', 229, '2020-03-06 13:40:56'),
(3, '0.17', 228, '2020-03-06 13:40:56'),
(4, '0.00', 227, '2020-03-06 13:40:56'),
(2, '0.00', 227, '2020-03-06 13:40:57'),
(1, '0.00', 228, '2020-03-06 13:40:57'),
(3, '0.18', 224, '2020-03-06 13:40:57'),
(4, '0.00', 228, '2020-03-06 13:40:58'),
(2, '0.00', 226, '2020-03-06 13:40:59'),
(1, '0.00', 229, '2020-03-06 13:40:59'),
(3, '0.17', 226, '2020-03-06 13:40:59'),
(4, '0.00', 227, '2020-03-06 13:40:59'),
(2, '0.00', 225, '2020-03-06 13:41:01'),
(1, '0.00', 230, '2020-03-06 13:41:01'),
(3, '0.18', 227, '2020-03-06 13:41:01'),
(4, '0.00', 227, '2020-03-06 13:41:01'),
(2, '0.00', 225, '2020-03-06 13:41:03'),
(1, '0.00', 230, '2020-03-06 13:41:03'),
(3, '0.16', 227, '2020-03-06 13:41:03'),
(4, '0.00', 228, '2020-03-06 13:41:03'),
(2, '0.00', 226, '2020-03-06 13:41:05'),
(1, '0.00', 229, '2020-03-06 13:41:05'),
(3, '0.18', 224, '2020-03-06 13:41:05'),
(4, '0.00', 229, '2020-03-06 13:41:05'),
(2, '0.00', 227, '2020-03-06 13:41:08'),
(1, '0.00', 229, '2020-03-06 13:41:08'),
(3, '0.18', 225, '2020-03-06 13:41:09'),
(4, '0.00', 229, '2020-03-06 13:41:09'),
(2, '0.00', 225, '2020-03-06 13:41:11'),
(1, '0.00', 229, '2020-03-06 13:41:11'),
(3, '0.15', 228, '2020-03-06 13:41:11'),
(4, '0.00', 227, '2020-03-06 13:41:11'),
(2, '0.00', 226, '2020-03-06 13:41:13'),
(1, '0.00', 229, '2020-03-06 13:41:13'),
(3, '0.18', 224, '2020-03-06 13:41:13'),
(4, '0.00', 229, '2020-03-06 13:41:13'),
(2, '0.00', 224, '2020-03-06 13:41:15'),
(1, '0.00', 231, '2020-03-06 13:41:15'),
(3, '0.16', 227, '2020-03-06 13:41:15'),
(4, '0.00', 226, '2020-03-06 13:41:15'),
(2, '0.00', 227, '2020-03-06 13:41:17'),
(1, '0.00', 229, '2020-03-06 13:41:17'),
(3, '0.14', 224, '2020-03-06 13:41:17'),
(4, '0.00', 230, '2020-03-06 13:41:17'),
(2, '0.00', 225, '2020-03-06 13:41:19'),
(1, '0.00', 229, '2020-03-06 13:41:19'),
(3, '0.14', 226, '2020-03-06 13:41:19'),
(4, '0.00', 227, '2020-03-06 13:41:19'),
(2, '0.00', 226, '2020-03-06 13:41:21'),
(1, '0.00', 230, '2020-03-06 13:41:21'),
(3, '0.19', 224, '2020-03-06 13:41:21'),
(4, '0.00', 227, '2020-03-06 13:41:22'),
(2, '0.00', 225, '2020-03-06 13:41:23'),
(1, '0.00', 229, '2020-03-06 13:41:24'),
(3, '0.17', 227, '2020-03-06 13:41:24'),
(4, '0.00', 227, '2020-03-06 13:41:24'),
(2, '0.00', 225, '2020-03-06 13:41:27'),
(1, '0.00', 228, '2020-03-06 13:41:27'),
(3, '0.17', 225, '2020-03-06 13:41:27'),
(4, '0.00', 228, '2020-03-06 13:41:27'),
(2, '0.00', 227, '2020-03-06 13:41:29'),
(1, '0.00', 229, '2020-03-06 13:41:29'),
(3, '0.18', 225, '2020-03-06 13:41:29'),
(4, '0.00', 229, '2020-03-06 13:41:29'),
(2, '0.00', 224, '2020-03-06 13:41:31'),
(1, '0.00', 229, '2020-03-06 13:41:31'),
(3, '0.18', 227, '2020-03-06 13:41:32'),
(4, '0.00', 228, '2020-03-06 13:41:32'),
(2, '0.00', 225, '2020-03-06 13:41:34'),
(1, '0.00', 231, '2020-03-06 13:41:34'),
(3, '0.14', 228, '2020-03-06 13:41:34'),
(4, '0.00', 226, '2020-03-06 13:41:34'),
(2, '0.00', 224, '2020-03-06 13:41:36'),
(1, '0.00', 230, '2020-03-06 13:41:36'),
(3, '0.18', 227, '2020-03-06 13:41:36'),
(4, '0.00', 227, '2020-03-06 13:41:36'),
(2, '0.00', 225, '2020-03-06 13:41:38'),
(1, '0.00', 230, '2020-03-06 13:41:38'),
(3, '0.18', 225, '2020-03-06 13:41:38'),
(4, '0.00', 228, '2020-03-06 13:41:38'),
(2, '0.00', 224, '2020-03-06 13:41:40'),
(1, '0.00', 231, '2020-03-06 13:41:40'),
(3, '0.17', 226, '2020-03-06 13:41:40'),
(4, '0.00', 228, '2020-03-06 13:41:40'),
(2, '0.00', 223, '2020-03-06 13:41:42'),
(1, '0.00', 231, '2020-03-06 13:41:42'),
(3, '0.17', 228, '2020-03-06 13:41:42'),
(4, '0.00', 227, '2020-03-06 13:41:42'),
(2, '0.00', 224, '2020-03-06 13:41:44'),
(1, '0.00', 231, '2020-03-06 13:41:44'),
(3, '0.18', 226, '2020-03-06 13:41:44'),
(4, '0.00', 227, '2020-03-06 13:41:44'),
(2, '0.00', 228, '2020-03-06 13:41:46'),
(1, '0.00', 229, '2020-03-06 13:41:46'),
(3, '0.18', 224, '2020-03-06 13:41:46'),
(4, '0.00', 227, '2020-03-06 13:41:46'),
(2, '0.00', 227, '2020-03-06 13:41:48'),
(1, '0.00', 229, '2020-03-06 13:41:48'),
(3, '0.14', 224, '2020-03-06 13:41:48'),
(4, '0.00', 229, '2020-03-06 13:41:48'),
(2, '0.00', 224, '2020-03-06 13:41:50'),
(1, '0.00', 230, '2020-03-06 13:41:50'),
(3, '0.17', 225, '2020-03-06 13:41:50'),
(4, '0.00', 228, '2020-03-06 13:41:50'),
(2, '0.00', 225, '2020-03-06 13:41:52'),
(1, '0.00', 229, '2020-03-06 13:41:52'),
(3, '0.16', 226, '2020-03-06 13:41:52'),
(4, '0.00', 228, '2020-03-06 13:41:52'),
(2, '0.00', 224, '2020-03-06 13:41:54'),
(1, '0.00', 231, '2020-03-06 13:41:54'),
(3, '0.16', 225, '2020-03-06 13:41:54'),
(4, '0.00', 228, '2020-03-06 13:41:54'),
(2, '0.00', 224, '2020-03-06 13:41:56'),
(1, '0.00', 230, '2020-03-06 13:41:56'),
(3, '0.16', 228, '2020-03-06 13:41:56'),
(4, '0.00', 227, '2020-03-06 13:41:56'),
(2, '0.00', 226, '2020-03-06 13:41:57'),
(1, '0.00', 230, '2020-03-06 13:41:57'),
(3, '0.15', 224, '2020-03-06 13:41:58'),
(4, '0.00', 228, '2020-03-06 13:41:58'),
(2, '0.00', 227, '2020-03-06 13:41:59'),
(1, '0.00', 229, '2020-03-06 13:41:59'),
(3, '0.17', 225, '2020-03-06 13:41:59'),
(4, '0.00', 229, '2020-03-06 13:41:59'),
(2, '0.00', 225, '2020-03-06 13:42:01'),
(1, '0.00', 229, '2020-03-06 13:42:01'),
(3, '0.17', 227, '2020-03-06 13:42:01'),
(4, '0.00', 227, '2020-03-06 13:42:01'),
(2, '0.00', 223, '2020-03-06 13:42:03'),
(1, '0.00', 230, '2020-03-06 13:42:03'),
(3, '0.18', 226, '2020-03-06 13:42:03'),
(4, '0.00', 227, '2020-03-06 13:42:03'),
(2, '0.00', 226, '2020-03-06 13:42:05'),
(1, '0.00', 229, '2020-03-06 13:42:05'),
(3, '0.17', 225, '2020-03-06 13:42:05'),
(4, '0.00', 229, '2020-03-06 13:42:05'),
(2, '0.00', 225, '2020-03-06 13:42:07'),
(1, '0.00', 229, '2020-03-06 13:42:07'),
(3, '0.16', 224, '2020-03-06 13:42:07'),
(4, '0.00', 229, '2020-03-06 13:42:07'),
(2, '0.00', 225, '2020-03-06 13:42:09'),
(1, '0.00', 229, '2020-03-06 13:42:09'),
(3, '0.17', 225, '2020-03-06 13:42:09'),
(4, '0.00', 229, '2020-03-06 13:42:09'),
(2, '0.00', 228, '2020-03-06 13:42:11'),
(1, '0.00', 228, '2020-03-06 13:42:11'),
(3, '0.15', 226, '2020-03-06 13:42:11'),
(4, '0.00', 229, '2020-03-06 13:42:11'),
(2, '0.00', 223, '2020-03-06 13:42:13'),
(1, '0.00', 231, '2020-03-06 13:42:13'),
(3, '0.17', 227, '2020-03-06 13:42:13'),
(4, '0.00', 227, '2020-03-06 13:42:13'),
(2, '0.00', 227, '2020-03-06 13:42:15'),
(1, '0.00', 229, '2020-03-06 13:42:15'),
(3, '0.17', 225, '2020-03-06 13:42:15'),
(4, '0.00', 228, '2020-03-06 13:42:15'),
(2, '0.00', 227, '2020-03-06 13:42:16'),
(1, '0.00', 229, '2020-03-06 13:42:16'),
(3, '0.17', 225, '2020-03-06 13:42:16'),
(4, '0.00', 228, '2020-03-06 13:42:16'),
(2, '0.00', 222, '2020-03-06 13:42:18'),
(1, '0.00', 230, '2020-03-06 13:42:18'),
(3, '0.16', 226, '2020-03-06 13:42:18'),
(4, '0.00', 229, '2020-03-06 13:42:18'),
(2, '0.00', 228, '2020-03-06 13:42:20'),
(1, '0.00', 229, '2020-03-06 13:42:20'),
(3, '0.16', 226, '2020-03-06 13:42:20'),
(4, '0.00', 227, '2020-03-06 13:42:20'),
(2, '0.00', 225, '2020-03-06 13:42:22'),
(1, '0.00', 230, '2020-03-06 13:42:22'),
(3, '0.17', 226, '2020-03-06 13:42:22'),
(4, '0.00', 228, '2020-03-06 13:42:22'),
(2, '0.00', 224, '2020-03-06 13:42:24'),
(1, '0.00', 231, '2020-03-06 13:42:24'),
(3, '0.17', 227, '2020-03-06 13:42:24'),
(4, '0.00', 227, '2020-03-06 13:42:24'),
(2, '0.00', 226, '2020-03-06 13:42:26'),
(1, '0.00', 230, '2020-03-06 13:42:26'),
(3, '0.17', 226, '2020-03-06 13:42:26'),
(4, '0.00', 228, '2020-03-06 13:42:26'),
(2, '0.00', 224, '2020-03-06 13:42:28'),
(1, '0.00', 231, '2020-03-06 13:42:28'),
(3, '0.16', 226, '2020-03-06 13:42:28'),
(4, '0.00', 228, '2020-03-06 13:42:28'),
(2, '0.00', 225, '2020-03-06 13:42:30'),
(1, '0.00', 228, '2020-03-06 13:42:31'),
(3, '0.16', 228, '2020-03-06 13:42:31'),
(4, '0.00', 227, '2020-03-06 13:42:32'),
(2, '0.00', 224, '2020-03-06 13:42:34'),
(1, '0.00', 230, '2020-03-06 13:42:34'),
(3, '0.17', 227, '2020-03-06 13:42:34'),
(4, '0.00', 227, '2020-03-06 13:42:34'),
(2, '0.00', 227, '2020-03-06 13:42:36'),
(1, '0.00', 229, '2020-03-06 13:42:36'),
(3, '0.17', 225, '2020-03-06 13:42:36'),
(4, '0.00', 228, '2020-03-06 13:42:36'),
(2, '0.00', 224, '2020-03-06 13:42:38'),
(1, '0.00', 230, '2020-03-06 13:42:38'),
(3, '0.15', 225, '2020-03-06 13:42:38'),
(4, '0.00', 228, '2020-03-06 13:42:38'),
(2, '0.00', 227, '2020-03-06 13:42:40'),
(1, '0.00', 228, '2020-03-06 13:42:40'),
(3, '0.17', 225, '2020-03-06 13:42:40'),
(4, '0.00', 229, '2020-03-06 13:42:40'),
(2, '0.00', 226, '2020-03-06 13:42:42'),
(1, '0.00', 231, '2020-03-06 13:42:42'),
(3, '0.17', 227, '2020-03-06 13:42:42'),
(4, '0.00', 227, '2020-03-06 13:42:43'),
(2, '0.00', 226, '2020-03-06 13:42:45'),
(1, '0.00', 229, '2020-03-06 13:42:45'),
(3, '0.17', 226, '2020-03-06 13:42:45'),
(4, '0.00', 229, '2020-03-06 13:42:45'),
(2, '0.00', 225, '2020-03-06 13:42:47'),
(1, '0.00', 230, '2020-03-06 13:42:47'),
(3, '0.15', 227, '2020-03-06 13:42:47'),
(4, '0.00', 227, '2020-03-06 13:42:47'),
(2, '0.00', 225, '2020-03-06 13:42:49'),
(1, '0.00', 229, '2020-03-06 13:42:49'),
(3, '0.17', 227, '2020-03-06 13:42:49'),
(4, '0.00', 228, '2020-03-06 13:42:49'),
(2, '0.00', 224, '2020-03-06 13:42:51'),
(1, '0.00', 229, '2020-03-06 13:42:51'),
(3, '0.17', 227, '2020-03-06 13:42:51'),
(4, '0.00', 228, '2020-03-06 13:42:51'),
(2, '0.00', 226, '2020-03-06 13:42:53'),
(1, '0.00', 229, '2020-03-06 13:42:53'),
(3, '0.15', 225, '2020-03-06 13:42:53'),
(4, '0.00', 229, '2020-03-06 13:42:53'),
(2, '0.00', 227, '2020-03-06 13:42:55'),
(1, '0.00', 229, '2020-03-06 13:42:55'),
(3, '0.17', 224, '2020-03-06 13:42:55'),
(4, '0.00', 228, '2020-03-06 13:42:55'),
(2, '0.00', 225, '2020-03-06 13:42:58'),
(1, '0.00', 229, '2020-03-06 13:42:58'),
(3, '0.16', 228, '2020-03-06 13:42:58'),
(4, '0.00', 227, '2020-03-06 13:42:58'),
(2, '0.00', 224, '2020-03-06 13:43:00'),
(1, '0.00', 231, '2020-03-06 13:43:00'),
(3, '0.14', 226, '2020-03-06 13:43:00'),
(4, '0.00', 228, '2020-03-06 13:43:00'),
(2, '0.00', 226, '2020-03-06 13:43:03'),
(1, '0.00', 230, '2020-03-06 13:43:03'),
(3, '0.16', 226, '2020-03-06 13:43:03'),
(4, '0.00', 226, '2020-03-06 13:43:03'),
(2, '0.00', 225, '2020-03-06 13:43:05'),
(1, '0.00', 229, '2020-03-06 13:43:05'),
(3, '0.17', 226, '2020-03-06 13:43:05'),
(4, '0.00', 227, '2020-03-06 13:43:05'),
(2, '0.00', 226, '2020-03-06 13:43:07'),
(1, '0.00', 230, '2020-03-06 13:43:07'),
(3, '0.16', 227, '2020-03-06 13:43:07'),
(4, '0.00', 227, '2020-03-06 13:43:07'),
(2, '0.00', 226, '2020-03-06 13:43:09'),
(1, '0.00', 230, '2020-03-06 13:43:09'),
(3, '0.16', 225, '2020-03-06 13:43:09'),
(4, '0.00', 229, '2020-03-06 13:43:09'),
(2, '0.00', 228, '2020-03-06 13:43:11'),
(1, '0.00', 229, '2020-03-06 13:43:11'),
(3, '0.14', 226, '2020-03-06 13:43:11'),
(4, '0.00', 228, '2020-03-06 13:43:11'),
(2, '0.00', 226, '2020-03-06 13:43:13'),
(1, '0.00', 229, '2020-03-06 13:43:13'),
(3, '0.16', 225, '2020-03-06 13:43:13'),
(4, '0.00', 228, '2020-03-06 13:43:13'),
(2, '0.00', 226, '2020-03-06 13:43:14'),
(1, '0.00', 229, '2020-03-06 13:43:14'),
(3, '0.16', 227, '2020-03-06 13:43:15'),
(4, '0.00', 228, '2020-03-06 13:43:15'),
(2, '0.00', 227, '2020-03-06 13:43:16'),
(1, '0.00', 228, '2020-03-06 13:43:16'),
(3, '0.16', 227, '2020-03-06 13:43:16'),
(4, '0.00', 227, '2020-03-06 13:43:16'),
(2, '0.00', 227, '2020-03-06 13:43:18'),
(1, '0.00', 228, '2020-03-06 13:43:18'),
(3, '0.16', 224, '2020-03-06 13:43:18'),
(4, '0.00', 229, '2020-03-06 13:43:18'),
(2, '0.00', 224, '2020-03-06 13:43:20'),
(1, '0.00', 229, '2020-03-06 13:43:20'),
(3, '0.17', 225, '2020-03-06 13:43:20'),
(4, '0.00', 228, '2020-03-06 13:43:20'),
(2, '0.00', 226, '2020-03-06 13:43:22'),
(1, '0.00', 230, '2020-03-06 13:43:22'),
(3, '0.15', 227, '2020-03-06 13:43:22'),
(4, '0.00', 227, '2020-03-06 13:43:22'),
(2, '0.00', 225, '2020-03-06 13:43:24'),
(1, '0.00', 230, '2020-03-06 13:43:24'),
(3, '0.16', 226, '2020-03-06 13:43:24'),
(4, '0.00', 228, '2020-03-06 13:43:24'),
(2, '0.00', 225, '2020-03-06 13:43:26'),
(1, '0.00', 229, '2020-03-06 13:43:26'),
(3, '0.17', 227, '2020-03-06 13:43:26'),
(4, '0.00', 227, '2020-03-06 13:43:26'),
(2, '0.00', 226, '2020-03-06 13:43:28'),
(1, '0.00', 229, '2020-03-06 13:43:28'),
(3, '0.16', 225, '2020-03-06 13:43:28'),
(4, '0.00', 228, '2020-03-06 13:43:28'),
(2, '0.00', 225, '2020-03-06 13:43:30'),
(1, '0.00', 229, '2020-03-06 13:43:30'),
(3, '0.16', 226, '2020-03-06 13:43:30'),
(4, '0.00', 229, '2020-03-06 13:43:30'),
(2, '0.00', 228, '2020-03-06 13:43:32'),
(1, '0.00', 229, '2020-03-06 13:43:32'),
(3, '0.17', 226, '2020-03-06 13:43:32'),
(4, '0.00', 228, '2020-03-06 13:43:32'),
(2, '0.00', 226, '2020-03-06 13:43:33'),
(1, '0.00', 229, '2020-03-06 13:43:33'),
(3, '0.16', 227, '2020-03-06 13:43:34'),
(4, '0.00', 227, '2020-03-06 13:43:34'),
(2, '0.00', 224, '2020-03-06 13:43:35'),
(1, '0.00', 229, '2020-03-06 13:43:35'),
(3, '0.15', 226, '2020-03-06 13:43:35'),
(4, '0.00', 229, '2020-03-06 13:43:35'),
(2, '0.00', 228, '2020-03-06 13:43:37'),
(1, '0.00', 229, '2020-03-06 13:43:37'),
(3, '0.17', 225, '2020-03-06 13:43:37'),
(4, '0.00', 228, '2020-03-06 13:43:37'),
(2, '0.00', 226, '2020-03-06 13:43:39'),
(1, '0.00', 229, '2020-03-06 13:43:39'),
(3, '0.16', 225, '2020-03-06 13:43:39'),
(4, '0.00', 228, '2020-03-06 13:43:39'),
(2, '0.00', 227, '2020-03-06 13:43:41'),
(1, '0.00', 229, '2020-03-06 13:43:41'),
(3, '0.16', 224, '2020-03-06 13:43:41'),
(4, '0.00', 229, '2020-03-06 13:43:41'),
(2, '0.00', 225, '2020-03-06 13:43:43'),
(1, '0.00', 230, '2020-03-06 13:43:43'),
(3, '0.16', 225, '2020-03-06 13:43:43'),
(4, '0.00', 228, '2020-03-06 13:43:43'),
(2, '0.00', 224, '2020-03-06 13:43:45'),
(1, '0.00', 230, '2020-03-06 13:43:45'),
(3, '0.16', 228, '2020-03-06 13:43:45'),
(4, '0.00', 226, '2020-03-06 13:43:45'),
(2, '0.00', 224, '2020-03-06 13:43:47'),
(1, '0.00', 231, '2020-03-06 13:43:47'),
(3, '0.15', 227, '2020-03-06 13:43:47'),
(4, '0.00', 228, '2020-03-06 13:43:47'),
(2, '0.00', 226, '2020-03-06 13:43:49'),
(1, '0.00', 229, '2020-03-06 13:43:49'),
(3, '0.17', 225, '2020-03-06 13:43:49'),
(4, '0.00', 228, '2020-03-06 13:43:49'),
(2, '0.00', 225, '2020-03-06 13:43:51'),
(1, '0.00', 230, '2020-03-06 13:43:51'),
(3, '0.17', 225, '2020-03-06 13:43:51'),
(4, '0.00', 229, '2020-03-06 13:43:51'),
(2, '0.00', 224, '2020-03-06 13:43:53'),
(1, '0.00', 230, '2020-03-06 13:43:53'),
(3, '0.15', 228, '2020-03-06 13:43:53'),
(4, '0.00', 227, '2020-03-06 13:43:53'),
(2, '0.00', 225, '2020-03-06 13:43:55'),
(1, '0.00', 230, '2020-03-06 13:43:55'),
(3, '0.15', 227, '2020-03-06 13:43:55'),
(4, '0.00', 227, '2020-03-06 13:43:55'),
(2, '0.00', 226, '2020-03-06 13:43:57'),
(1, '0.00', 229, '2020-03-06 13:43:57'),
(3, '0.15', 226, '2020-03-06 13:43:57'),
(4, '0.00', 228, '2020-03-06 13:43:57'),
(2, '0.00', 224, '2020-03-06 13:43:59'),
(1, '0.00', 230, '2020-03-06 13:43:59'),
(3, '0.16', 227, '2020-03-06 13:43:59'),
(4, '0.00', 227, '2020-03-06 13:43:59'),
(2, '0.00', 227, '2020-03-06 13:44:01'),
(1, '0.00', 229, '2020-03-06 13:44:01'),
(3, '0.16', 225, '2020-03-06 13:44:01'),
(4, '0.00', 229, '2020-03-06 13:44:01'),
(2, '0.00', 224, '2020-03-06 13:44:03'),
(1, '0.00', 231, '2020-03-06 13:44:03'),
(3, '0.14', 226, '2020-03-06 13:44:03'),
(4, '0.00', 227, '2020-03-06 13:44:03'),
(2, '0.00', 225, '2020-03-06 13:44:04'),
(1, '0.00', 231, '2020-03-06 13:44:04'),
(3, '0.16', 226, '2020-03-06 13:44:04'),
(4, '0.00', 227, '2020-03-06 13:44:05'),
(2, '0.00', 227, '2020-03-06 13:44:06'),
(1, '0.00', 229, '2020-03-06 13:44:06'),
(3, '0.16', 225, '2020-03-06 13:44:06'),
(4, '0.00', 228, '2020-03-06 13:44:06'),
(2, '0.00', 227, '2020-03-06 13:44:10'),
(1, '0.00', 229, '2020-03-06 13:44:10'),
(3, '0.16', 225, '2020-03-06 13:44:10'),
(4, '0.00', 228, '2020-03-06 13:44:10'),
(2, '0.00', 226, '2020-03-06 13:44:12'),
(1, '0.00', 229, '2020-03-06 13:44:13'),
(3, '0.16', 226, '2020-03-06 13:44:13'),
(4, '0.00', 228, '2020-03-06 13:44:13'),
(2, '0.00', 224, '2020-03-06 13:44:15'),
(1, '0.00', 230, '2020-03-06 13:44:15'),
(3, '0.16', 227, '2020-03-06 13:44:15'),
(4, '0.00', 227, '2020-03-06 13:44:15'),
(2, '0.00', 224, '2020-03-06 13:44:17'),
(1, '0.00', 231, '2020-03-06 13:44:17'),
(3, '0.15', 227, '2020-03-06 13:44:17'),
(4, '0.00', 226, '2020-03-06 13:44:17'),
(2, '0.00', 224, '2020-03-06 13:44:19'),
(1, '0.00', 230, '2020-03-06 13:44:19'),
(3, '0.16', 226, '2020-03-06 13:44:19'),
(4, '0.00', 227, '2020-03-06 13:44:19'),
(2, '0.00', 225, '2020-03-06 13:44:21'),
(1, '0.00', 229, '2020-03-06 13:44:21'),
(3, '0.16', 227, '2020-03-06 13:44:21'),
(4, '0.00', 228, '2020-03-06 13:44:21'),
(2, '0.00', 226, '2020-03-06 13:44:23'),
(1, '0.00', 229, '2020-03-06 13:44:23'),
(3, '0.15', 224, '2020-03-06 13:44:23'),
(4, '0.00', 228, '2020-03-06 13:44:23'),
(2, '0.00', 226, '2020-03-06 13:44:25'),
(1, '0.00', 229, '2020-03-06 13:44:26'),
(3, '0.16', 225, '2020-03-06 13:44:26'),
(4, '0.00', 229, '2020-03-06 13:44:26'),
(2, '0.00', 225, '2020-03-06 13:44:28'),
(1, '0.00', 231, '2020-03-06 13:44:28'),
(3, '0.16', 225, '2020-03-06 13:44:28'),
(4, '0.00', 227, '2020-03-06 13:44:28'),
(2, '0.00', 225, '2020-03-06 13:44:30'),
(1, '0.00', 229, '2020-03-06 13:44:30'),
(3, '0.15', 228, '2020-03-06 13:44:30'),
(4, '0.00', 226, '2020-03-06 13:44:30'),
(2, '0.00', 225, '2020-03-06 13:44:32'),
(1, '0.00', 229, '2020-03-06 13:44:32'),
(3, '0.15', 228, '2020-03-06 13:44:32'),
(4, '0.00', 226, '2020-03-06 13:44:32'),
(2, '0.00', 225, '2020-03-06 13:44:34'),
(1, '0.00', 230, '2020-03-06 13:44:34'),
(3, '0.14', 227, '2020-03-06 13:44:34'),
(4, '0.00', 227, '2020-03-06 13:44:34'),
(2, '0.00', 226, '2020-03-06 13:44:36'),
(1, '0.00', 230, '2020-03-06 13:44:36'),
(3, '0.15', 226, '2020-03-06 13:44:36'),
(4, '0.00', 228, '2020-03-06 13:44:36'),
(2, '0.00', 225, '2020-03-06 13:44:38'),
(1, '0.00', 229, '2020-03-06 13:44:38'),
(3, '0.15', 225, '2020-03-06 13:44:38'),
(4, '0.00', 229, '2020-03-06 13:44:38'),
(2, '0.00', 225, '2020-03-06 13:44:40'),
(1, '0.00', 229, '2020-03-06 13:44:40'),
(3, '0.16', 226, '2020-03-06 13:44:40'),
(4, '0.00', 228, '2020-03-06 13:44:40'),
(2, '0.00', 225, '2020-03-06 13:44:42'),
(1, '0.00', 229, '2020-03-06 13:44:42'),
(3, '0.15', 225, '2020-03-06 13:44:42'),
(4, '0.00', 229, '2020-03-06 13:44:42'),
(2, '0.00', 226, '2020-03-06 13:44:44'),
(1, '0.00', 229, '2020-03-06 13:44:44'),
(3, '0.16', 227, '2020-03-06 13:44:44'),
(4, '0.00', 228, '2020-03-06 13:44:44'),
(2, '0.00', 226, '2020-03-06 13:44:46'),
(1, '0.00', 229, '2020-03-06 13:44:46'),
(3, '0.15', 227, '2020-03-06 13:44:46'),
(4, '0.00', 227, '2020-03-06 13:44:46'),
(2, '0.00', 225, '2020-03-06 13:44:48'),
(1, '0.00', 230, '2020-03-06 13:44:48'),
(3, '0.15', 228, '2020-03-06 13:44:48'),
(4, '0.00', 227, '2020-03-06 13:44:48'),
(2, '0.00', 225, '2020-03-06 13:44:50'),
(1, '0.00', 231, '2020-03-06 13:44:50'),
(3, '0.15', 226, '2020-03-06 13:44:50'),
(4, '0.00', 228, '2020-03-06 13:44:50'),
(2, '0.00', 226, '2020-03-06 13:44:51'),
(1, '0.00', 229, '2020-03-06 13:44:51'),
(3, '0.15', 227, '2020-03-06 13:44:52'),
(4, '0.00', 227, '2020-03-06 13:44:52'),
(2, '0.00', 224, '2020-03-06 13:44:53'),
(1, '0.00', 230, '2020-03-06 13:44:53'),
(3, '0.16', 227, '2020-03-06 13:44:53'),
(4, '0.00', 227, '2020-03-06 13:44:53'),
(2, '0.00', 223, '2020-03-06 13:44:55'),
(1, '0.00', 231, '2020-03-06 13:44:55'),
(3, '0.16', 228, '2020-03-06 13:44:55'),
(4, '0.00', 227, '2020-03-06 13:44:55'),
(2, '0.00', 227, '2020-03-06 13:44:57'),
(1, '0.00', 230, '2020-03-06 13:44:57'),
(3, '0.15', 226, '2020-03-06 13:44:57'),
(4, '0.00', 228, '2020-03-06 13:44:57'),
(2, '0.00', 226, '2020-03-06 13:44:59'),
(1, '0.00', 230, '2020-03-06 13:44:59'),
(3, '0.15', 226, '2020-03-06 13:44:59'),
(4, '0.00', 227, '2020-03-06 13:44:59'),
(2, '0.00', 225, '2020-03-06 13:45:01'),
(1, '0.00', 229, '2020-03-06 13:45:01'),
(3, '0.15', 226, '2020-03-06 13:45:01'),
(4, '0.00', 229, '2020-03-06 13:45:01'),
(2, '0.00', 225, '2020-03-06 13:45:03'),
(1, '0.00', 230, '2020-03-06 13:45:03'),
(3, '0.15', 228, '2020-03-06 13:45:03'),
(4, '0.00', 227, '2020-03-06 13:45:03'),
(2, '0.00', 225, '2020-03-06 13:45:05'),
(1, '0.00', 230, '2020-03-06 13:45:05'),
(3, '0.15', 226, '2020-03-06 13:45:05'),
(4, '0.00', 228, '2020-03-06 13:45:05'),
(2, '0.00', 225, '2020-03-06 13:45:07'),
(1, '0.00', 231, '2020-03-06 13:45:07'),
(3, '0.15', 226, '2020-03-06 13:45:07'),
(4, '0.00', 227, '2020-03-06 13:45:07'),
(2, '0.00', 225, '2020-03-06 13:45:09'),
(1, '0.00', 230, '2020-03-06 13:45:09'),
(3, '0.14', 226, '2020-03-06 13:45:09'),
(4, '0.00', 227, '2020-03-06 13:45:09'),
(2, '0.00', 225, '2020-03-06 13:45:10'),
(1, '0.00', 230, '2020-03-06 13:45:11'),
(3, '0.15', 226, '2020-03-06 13:45:11'),
(4, '0.00', 227, '2020-03-06 13:45:11'),
(2, '0.00', 226, '2020-03-06 13:45:12'),
(1, '0.00', 229, '2020-03-06 13:45:12'),
(3, '0.15', 225, '2020-03-06 13:45:12'),
(4, '0.00', 229, '2020-03-06 13:45:12'),
(2, '0.00', 227, '2020-03-06 13:45:14'),
(1, '0.00', 229, '2020-03-06 13:45:14'),
(3, '0.15', 226, '2020-03-06 13:45:14'),
(4, '0.00', 228, '2020-03-06 13:45:14'),
(2, '0.00', 224, '2020-03-06 13:45:16'),
(1, '0.00', 230, '2020-03-06 13:45:16'),
(3, '0.15', 228, '2020-03-06 13:45:16'),
(4, '0.00', 227, '2020-03-06 13:45:16'),
(2, '0.00', 226, '2020-03-06 13:45:18'),
(1, '0.00', 229, '2020-03-06 13:45:18'),
(3, '0.15', 227, '2020-03-06 13:45:18'),
(4, '0.00', 227, '2020-03-06 13:45:18'),
(2, '0.00', 224, '2020-03-06 13:45:20'),
(1, '0.00', 230, '2020-03-06 13:45:20'),
(3, '0.14', 228, '2020-03-06 13:45:20'),
(4, '0.00', 227, '2020-03-06 13:45:20'),
(2, '0.00', 224, '2020-03-06 13:45:22'),
(1, '0.00', 231, '2020-03-06 13:45:22'),
(3, '0.14', 227, '2020-03-06 13:45:22'),
(4, '0.00', 228, '2020-03-06 13:45:22'),
(2, '0.00', 224, '2020-03-06 13:45:24'),
(1, '0.00', 230, '2020-03-06 13:45:24'),
(3, '0.15', 229, '2020-03-06 13:45:24'),
(4, '0.00', 228, '2020-03-06 13:45:24'),
(2, '0.00', 225, '2020-03-06 13:45:26'),
(1, '0.00', 231, '2020-03-06 13:45:26'),
(3, '0.15', 226, '2020-03-06 13:45:26'),
(4, '0.00', 228, '2020-03-06 13:45:26'),
(2, '0.00', 224, '2020-03-06 13:45:28'),
(1, '0.00', 231, '2020-03-06 13:45:28'),
(3, '0.15', 228, '2020-03-06 13:45:28'),
(4, '0.00', 226, '2020-03-06 13:45:28'),
(2, '0.00', 224, '2020-03-06 13:45:30'),
(1, '0.00', 230, '2020-03-06 13:45:30'),
(3, '0.14', 226, '2020-03-06 13:45:30'),
(4, '0.00', 228, '2020-03-06 13:45:30'),
(2, '0.00', 225, '2020-03-06 13:45:31'),
(1, '0.00', 230, '2020-03-06 13:45:31'),
(3, '0.15', 224, '2020-03-06 13:45:31'),
(4, '0.00', 228, '2020-03-06 13:45:31'),
(2, '0.00', 224, '2020-03-06 13:45:34'),
(1, '0.00', 230, '2020-03-06 13:45:34'),
(3, '0.15', 227, '2020-03-06 13:45:34'),
(4, '0.00', 227, '2020-03-06 13:45:34'),
(2, '0.00', 225, '2020-03-06 13:45:36'),
(1, '0.00', 230, '2020-03-06 13:45:36'),
(3, '0.13', 227, '2020-03-06 13:45:36'),
(4, '0.00', 226, '2020-03-06 13:45:36'),
(2, '0.00', 225, '2020-03-06 13:45:38'),
(1, '0.00', 230, '2020-03-06 13:45:38'),
(3, '0.15', 228, '2020-03-06 13:45:38'),
(4, '0.00', 227, '2020-03-06 13:45:38'),
(2, '0.00', 226, '2020-03-06 13:45:40'),
(1, '0.00', 230, '2020-03-06 13:45:40'),
(3, '0.15', 223, '2020-03-06 13:45:40'),
(4, '0.00', 228, '2020-03-06 13:45:40'),
(2, '0.00', 225, '2020-03-06 13:45:42'),
(1, '0.00', 228, '2020-03-06 13:45:42'),
(3, '0.15', 227, '2020-03-06 13:45:42'),
(4, '0.00', 228, '2020-03-06 13:45:42'),
(2, '0.00', 227, '2020-03-06 13:45:44'),
(1, '0.00', 229, '2020-03-06 13:45:44'),
(3, '0.15', 226, '2020-03-06 13:45:44'),
(4, '0.00', 229, '2020-03-06 13:45:44'),
(2, '0.00', 223, '2020-03-06 13:45:46'),
(1, '0.00', 230, '2020-03-06 13:45:46'),
(3, '0.14', 227, '2020-03-06 13:45:46'),
(4, '0.00', 228, '2020-03-06 13:45:46'),
(2, '0.00', 224, '2020-03-06 13:45:48'),
(1, '0.00', 229, '2020-03-06 13:45:48'),
(3, '0.15', 226, '2020-03-06 13:45:48'),
(4, '0.00', 228, '2020-03-06 13:45:48'),
(2, '0.00', 225, '2020-03-06 13:45:50'),
(1, '0.00', 230, '2020-03-06 13:45:50'),
(3, '0.15', 227, '2020-03-06 13:45:50'),
(4, '0.00', 227, '2020-03-06 13:45:50'),
(2, '0.00', 227, '2020-03-06 13:45:52'),
(1, '0.00', 228, '2020-03-06 13:45:52'),
(3, '0.15', 226, '2020-03-06 13:45:52'),
(4, '0.00', 229, '2020-03-06 13:45:52'),
(2, '0.00', 225, '2020-03-06 13:45:54'),
(1, '0.00', 230, '2020-03-06 13:45:54'),
(3, '0.15', 228, '2020-03-06 13:45:54'),
(4, '0.00', 226, '2020-03-06 13:45:54'),
(2, '0.00', 226, '2020-03-06 13:45:56'),
(1, '0.00', 230, '2020-03-06 13:45:56'),
(3, '0.14', 227, '2020-03-06 13:45:56'),
(4, '0.00', 228, '2020-03-06 13:45:56'),
(2, '0.00', 225, '2020-03-06 13:45:58'),
(1, '0.00', 231, '2020-03-06 13:45:58'),
(3, '0.15', 227, '2020-03-06 13:45:58'),
(4, '0.00', 228, '2020-03-06 13:45:58'),
(2, '0.00', 226, '2020-03-06 13:45:59'),
(1, '0.00', 229, '2020-03-06 13:45:59'),
(3, '0.15', 223, '2020-03-06 13:45:59'),
(4, '0.00', 230, '2020-03-06 13:45:59'),
(2, '0.00', 226, '2020-03-06 13:46:01'),
(1, '0.00', 230, '2020-03-06 13:46:01'),
(3, '0.15', 226, '2020-03-06 13:46:01'),
(4, '0.00', 227, '2020-03-06 13:46:01'),
(2, '0.00', 225, '2020-03-06 13:46:03'),
(1, '0.00', 230, '2020-03-06 13:46:03'),
(3, '0.14', 228, '2020-03-06 13:46:03'),
(4, '0.00', 227, '2020-03-06 13:46:03'),
(2, '0.00', 226, '2020-03-06 13:46:05'),
(1, '0.00', 229, '2020-03-06 13:46:05'),
(3, '0.13', 226, '2020-03-06 13:46:05'),
(4, '0.00', 228, '2020-03-06 13:46:05'),
(2, '0.00', 226, '2020-03-06 13:46:07'),
(1, '0.00', 228, '2020-03-06 13:46:07'),
(3, '0.13', 225, '2020-03-06 13:46:07'),
(4, '0.00', 230, '2020-03-06 13:46:07'),
(2, '0.00', 226, '2020-03-06 13:46:09'),
(1, '0.00', 230, '2020-03-06 13:46:09'),
(3, '0.14', 226, '2020-03-06 13:46:09'),
(4, '0.00', 228, '2020-03-06 13:46:09'),
(2, '0.00', 225, '2020-03-06 13:46:11'),
(1, '0.00', 231, '2020-03-06 13:46:11'),
(3, '0.14', 226, '2020-03-06 13:46:11'),
(4, '0.00', 228, '2020-03-06 13:46:11'),
(2, '0.00', 226, '2020-03-06 13:46:13'),
(1, '0.00', 229, '2020-03-06 13:46:13'),
(3, '0.15', 226, '2020-03-06 13:46:13'),
(4, '0.00', 228, '2020-03-06 13:46:13'),
(2, '0.00', 224, '2020-03-06 13:46:15'),
(1, '0.00', 230, '2020-03-06 13:46:15'),
(3, '0.14', 227, '2020-03-06 13:46:15'),
(4, '0.00', 226, '2020-03-06 13:46:15'),
(2, '0.00', 224, '2020-03-06 13:46:17'),
(1, '0.00', 231, '2020-03-06 13:46:17'),
(3, '0.14', 228, '2020-03-06 13:46:17'),
(4, '0.00', 227, '2020-03-06 13:46:17'),
(2, '0.00', 224, '2020-03-06 13:46:19'),
(1, '0.00', 230, '2020-03-06 13:46:19'),
(3, '0.14', 229, '2020-03-06 13:46:19'),
(4, '0.00', 226, '2020-03-06 13:46:19'),
(2, '0.00', 226, '2020-03-06 13:46:21'),
(1, '0.00', 230, '2020-03-06 13:46:21'),
(3, '0.14', 226, '2020-03-06 13:46:21'),
(4, '0.00', 227, '2020-03-06 13:46:21'),
(2, '0.00', 227, '2020-03-06 13:46:23'),
(1, '0.00', 232, '2020-03-06 13:46:23'),
(3, '0.15', 226, '2020-03-06 13:46:23'),
(4, '0.00', 228, '2020-03-06 13:46:23'),
(2, '0.00', 228, '2020-03-06 13:46:25'),
(1, '0.00', 229, '2020-03-06 13:46:26'),
(3, '0.14', 226, '2020-03-06 13:46:26'),
(4, '0.00', 227, '2020-03-06 13:46:26'),
(2, '0.00', 225, '2020-03-06 13:46:28'),
(1, '0.00', 233, '2020-03-06 13:46:28'),
(3, '0.11', 232, '2020-03-06 13:46:28'),
(4, '0.00', 226, '2020-03-06 13:46:28'),
(2, '0.00', 228, '2020-03-06 13:46:30'),
(1, '0.00', 230, '2020-03-06 13:46:31'),
(3, '0.12', 225, '2020-03-06 13:46:31'),
(4, '0.00', 227, '2020-03-06 13:46:31'),
(2, '0.00', 226, '2020-03-06 13:46:34'),
(1, '0.00', 228, '2020-03-06 13:46:34'),
(3, '0.14', 222, '2020-03-06 13:46:34'),
(4, '0.00', 231, '2020-03-06 13:46:34'),
(2, '0.00', 226, '2020-03-06 13:46:36'),
(1, '0.00', 231, '2020-03-06 13:46:36'),
(3, '0.14', 225, '2020-03-06 13:46:36'),
(4, '0.00', 229, '2020-03-06 13:46:36'),
(2, '0.00', 229, '2020-03-06 13:46:38'),
(1, '0.00', 228, '2020-03-06 13:46:38'),
(3, '0.15', 226, '2020-03-06 13:46:38'),
(4, '0.00', 226, '2020-03-06 13:46:38'),
(2, '0.00', 222, '2020-03-06 13:46:40'),
(1, '0.00', 234, '2020-03-06 13:46:40'),
(3, '0.13', 231, '2020-03-06 13:46:40'),
(4, '0.00', 228, '2020-03-06 13:46:40'),
(2, '0.00', 218, '2020-03-06 13:46:42'),
(1, '0.00', 233, '2020-03-06 13:46:42'),
(3, '0.10', 230, '2020-03-06 13:46:42'),
(4, '0.00', 229, '2020-03-06 13:46:43'),
(2, '0.00', 221, '2020-03-06 13:46:44'),
(1, '0.00', 232, '2020-03-06 13:46:45'),
(3, '0.11', 228, '2020-03-06 13:46:45'),
(4, '0.00', 230, '2020-03-06 13:46:45'),
(2, '0.00', 227, '2020-03-06 13:46:46'),
(1, '0.00', 232, '2020-03-06 13:46:47'),
(3, '0.13', 229, '2020-03-06 13:46:47'),
(4, '0.00', 227, '2020-03-06 13:46:47'),
(2, '0.00', 226, '2020-03-06 13:46:48'),
(1, '0.00', 230, '2020-03-06 13:46:49'),
(3, '0.14', 223, '2020-03-06 13:46:49'),
(4, '0.00', 228, '2020-03-06 13:46:49'),
(2, '0.00', 226, '2020-03-06 13:46:52'),
(1, '0.00', 230, '2020-03-06 13:46:52'),
(3, '0.14', 225, '2020-03-06 13:46:52'),
(4, '0.00', 229, '2020-03-06 13:46:52'),
(2, '0.00', 226, '2020-03-06 13:46:55'),
(1, '0.00', 230, '2020-03-06 13:46:55'),
(3, '0.13', 229, '2020-03-06 13:46:55'),
(4, '0.00', 226, '2020-03-06 13:46:55'),
(2, '0.00', 230, '2020-03-06 13:46:57'),
(1, '0.00', 227, '2020-03-06 13:46:57'),
(3, '0.13', 222, '2020-03-06 13:46:57'),
(4, '0.00', 228, '2020-03-06 13:46:57'),
(2, '0.00', 228, '2020-03-06 13:46:59'),
(1, '0.00', 229, '2020-03-06 13:46:59'),
(3, '0.14', 225, '2020-03-06 13:46:59'),
(4, '0.00', 229, '2020-03-06 13:46:59'),
(2, '0.00', 225, '2020-03-06 13:47:01'),
(1, '0.00', 228, '2020-03-06 13:47:01'),
(3, '0.14', 226, '2020-03-06 13:47:01'),
(4, '0.00', 230, '2020-03-06 13:47:01'),
(2, '0.00', 226, '2020-03-06 13:47:03'),
(1, '0.00', 232, '2020-03-06 13:47:03'),
(3, '0.14', 230, '2020-03-06 13:47:03'),
(4, '0.00', 227, '2020-03-06 13:47:03'),
(2, '0.00', 227, '2020-03-06 13:47:05'),
(1, '0.00', 229, '2020-03-06 13:47:05'),
(3, '0.14', 223, '2020-03-06 13:47:05'),
(4, '0.00', 230, '2020-03-06 13:47:05');

-- --------------------------------------------------------

--
-- Table structure for table `tbl_schedules`
--

CREATE TABLE `tbl_schedules` (
  `scheduleID` int(11) NOT NULL,
  `scheduleDate` date DEFAULT NULL,
  `scheduleTime` time NOT NULL,
  `scheduleApplianceID` tinyint(1) NOT NULL,
  `scheduleAction` tinyint(1) NOT NULL,
  `scheduleRepeat` varchar(7) DEFAULT NULL,
  `isExecuted` tinyint(1) NOT NULL
) ENGINE=InnoDB DEFAULT CHARSET=latin1;

--
-- Dumping data for table `tbl_schedules`
--

INSERT INTO `tbl_schedules` (`scheduleID`, `scheduleDate`, `scheduleTime`, `scheduleApplianceID`, `scheduleAction`, `scheduleRepeat`, `isExecuted`) VALUES
(97, '0000-00-00', '12:56:00', 1, 1, '0000100', 0);

-- --------------------------------------------------------

--
-- Table structure for table `tbl_totalconsumption`
--

CREATE TABLE `tbl_totalconsumption` (
  `totalConsID` int(11) NOT NULL,
  `totalConsPort` tinyint(1) NOT NULL,
  `totalConsWatt` smallint(6) NOT NULL,
  `totalConsStart` datetime NOT NULL,
  `totalConsEnd` datetime NOT NULL
) ENGINE=InnoDB DEFAULT CHARSET=utf8mb4;

--
-- Dumping data for table `tbl_totalconsumption`
--

INSERT INTO `tbl_totalconsumption` (`totalConsID`, `totalConsPort`, `totalConsWatt`, `totalConsStart`, `totalConsEnd`) VALUES
(1, 1, 12, '2020-02-26 11:14:56', '2020-02-26 11:27:03'),
(2, 2, 0, '2020-02-26 11:14:56', '2020-02-26 11:27:03'),
(3, 3, 0, '2020-02-26 11:14:56', '2020-02-26 11:27:03'),
(4, 4, 0, '2020-02-26 11:14:56', '2020-02-26 11:27:03'),
(5, 1, 3, '2020-02-26 11:27:36', '2020-02-26 11:27:59'),
(6, 2, 0, '2020-02-26 11:27:36', '2020-02-26 11:27:59'),
(7, 3, 0, '2020-02-26 11:27:36', '2020-02-26 11:27:59'),
(8, 4, 0, '2020-02-26 11:27:36', '2020-02-26 11:27:59'),
(9, 1, 0, '2020-02-26 11:29:56', '2020-02-26 11:34:11'),
(10, 2, 0, '2020-02-26 11:29:56', '2020-02-26 11:34:11'),
(11, 3, 1, '2020-02-26 11:29:56', '2020-02-26 11:34:11'),
(12, 4, 0, '2020-02-26 11:29:56', '2020-02-26 11:34:11'),
(13, 1, 1, '2020-02-26 11:38:45', '2020-02-26 12:29:20'),
(14, 2, 1, '2020-02-26 11:38:45', '2020-02-26 12:29:20'),
(15, 3, 1, '2020-02-26 11:38:45', '2020-02-26 12:29:20'),
(16, 4, 1, '2020-02-26 11:38:45', '2020-02-26 12:29:20'),
(17, 1, 12, '2020-02-26 12:31:15', '2020-02-26 12:35:55'),
(18, 2, 1, '2020-02-26 12:31:15', '2020-02-26 12:35:55'),
(19, 3, 1, '2020-02-26 12:31:15', '2020-02-26 12:35:55'),
(20, 4, 1, '2020-02-26 12:31:15', '2020-02-26 12:35:55'),
(21, 1, 256, '2020-02-26 12:35:56', '2020-02-26 12:37:45'),
(22, 2, 253, '2020-02-26 12:35:56', '2020-02-26 12:37:45'),
(23, 3, 131, '2020-02-26 12:35:56', '2020-02-26 12:37:45'),
(24, 4, 188, '2020-02-26 12:35:56', '2020-02-26 12:37:45'),
(25, 1, 4, '2020-02-26 12:38:46', '2020-02-26 12:50:20'),
(26, 2, 1, '2020-02-26 12:38:46', '2020-02-26 12:50:20'),
(27, 3, 1, '2020-02-26 12:38:46', '2020-02-26 12:50:20'),
(28, 4, 1, '2020-02-26 12:38:46', '2020-02-26 12:50:20'),
(29, 1, 1, '2020-02-26 12:53:52', '2020-02-26 13:09:22'),
(30, 2, 1, '2020-02-26 12:53:52', '2020-02-26 13:09:22'),
(31, 3, 1, '2020-02-26 12:53:52', '2020-02-26 13:09:22'),
(32, 4, 1, '2020-02-26 12:53:52', '2020-02-26 13:09:22'),
(33, 1, 11, '2020-02-26 13:14:04', '2020-02-26 13:15:42'),
(34, 2, 1, '2020-02-26 13:14:04', '2020-02-26 13:15:42'),
(35, 3, 1, '2020-02-26 13:14:04', '2020-02-26 13:15:42'),
(36, 4, 1, '2020-02-26 13:14:04', '2020-02-26 13:15:42'),
(37, 1, 0, '2020-02-26 13:21:40', '2020-02-26 13:21:43'),
(38, 2, 0, '2020-02-26 13:21:40', '2020-02-26 13:21:43'),
(39, 3, 0, '2020-02-26 13:21:40', '2020-02-26 13:21:43'),
(40, 4, 0, '2020-02-26 13:21:40', '2020-02-26 13:21:43'),
(41, 1, 12, '2020-02-26 13:25:40', '2020-02-26 13:28:08'),
(42, 2, 1, '2020-02-26 13:25:40', '2020-02-26 13:28:08'),
(43, 3, 1, '2020-02-26 13:25:40', '2020-02-26 13:28:08'),
(44, 4, 1, '2020-02-26 13:25:40', '2020-02-26 13:28:08'),
(45, 1, 1, '2020-02-26 13:29:05', '2020-02-26 13:35:51'),
(46, 2, 1, '2020-02-26 13:29:05', '2020-02-26 13:35:51'),
(47, 3, 1, '2020-02-26 13:29:05', '2020-02-26 13:35:51'),
(48, 4, 1, '2020-02-26 13:29:05', '2020-02-26 13:35:51'),
(49, 1, 1, '2020-02-26 13:36:46', '2020-02-26 13:53:08'),
(50, 2, 1, '2020-02-26 13:36:46', '2020-02-26 13:53:08'),
(51, 3, 1, '2020-02-26 13:36:46', '2020-02-26 13:53:08'),
(52, 4, 1, '2020-02-26 13:36:46', '2020-02-26 13:53:08'),
(53, 1, 12, '2020-02-26 13:53:41', '2020-02-26 13:59:16'),
(54, 2, 26, '2020-02-26 13:53:41', '2020-02-26 13:59:16'),
(55, 3, 40, '2020-02-26 13:53:41', '2020-02-26 13:59:16'),
(56, 4, 1, '2020-02-26 13:53:41', '2020-02-26 13:59:16'),
(57, 1, 1, '2020-02-26 14:00:26', '2020-02-26 14:04:42'),
(58, 2, 26, '2020-02-26 14:00:26', '2020-02-26 14:04:42'),
(59, 3, 1, '2020-02-26 14:00:26', '2020-02-26 14:04:42'),
(60, 4, 0, '2020-02-26 14:00:26', '2020-02-26 14:04:42'),
(61, 1, 12, '2020-02-26 14:16:39', '2020-02-26 14:22:20'),
(62, 2, 1, '2020-02-26 14:16:39', '2020-02-26 14:22:20'),
(63, 3, 1, '2020-02-26 14:16:39', '2020-02-26 14:22:20'),
(64, 4, 0, '2020-02-26 14:16:39', '2020-02-26 14:22:20'),
(65, 1, 0, '2020-02-26 14:23:25', '2020-02-26 14:29:07'),
(66, 2, 27, '2020-02-26 14:23:25', '2020-02-26 14:29:07'),
(67, 3, 38, '2020-02-26 14:23:25', '2020-02-26 14:29:07'),
(68, 4, 0, '2020-02-26 14:23:25', '2020-02-26 14:29:07'),
(69, 1, 1, '2020-02-26 14:30:51', '2020-02-26 14:31:36'),
(70, 2, 1, '2020-02-26 14:30:51', '2020-02-26 14:31:36'),
(71, 3, 5, '2020-02-26 14:30:51', '2020-02-26 14:31:36'),
(72, 4, 0, '2020-02-26 14:30:51', '2020-02-26 14:31:34'),
(73, 1, 12, '2020-02-26 14:32:42', '2020-02-26 15:20:04'),
(74, 2, 1, '2020-02-26 14:32:42', '2020-02-26 15:20:04'),
(75, 3, 1, '2020-02-26 14:32:42', '2020-02-26 15:20:04'),
(76, 4, 1, '2020-02-26 14:32:42', '2020-02-26 15:20:04'),
(77, 1, 18, '2020-02-26 15:20:05', '2020-02-26 15:20:15'),
(78, 2, 59, '2020-02-26 15:20:05', '2020-02-26 15:20:15'),
(79, 3, 38, '2020-02-26 15:20:05', '2020-02-26 15:20:15'),
(80, 4, 29, '2020-02-26 15:20:05', '2020-02-26 15:20:15'),
(81, 1, 1, '2020-02-26 15:21:44', '2020-02-26 15:46:30'),
(82, 2, 1, '2020-02-26 15:21:44', '2020-02-26 15:46:32'),
(83, 3, 1, '2020-02-26 15:21:44', '2020-02-26 15:46:30'),
(84, 4, 0, '2020-02-26 15:21:44', '2020-02-26 15:46:30'),
(85, 1, 1, '2020-02-26 15:47:35', '2020-02-26 15:49:42'),
(86, 2, 0, '2020-02-26 15:47:35', '2020-02-26 15:49:42'),
(87, 3, 0, '2020-02-26 15:47:35', '2020-02-26 15:49:43'),
(88, 4, 0, '2020-02-26 15:47:35', '2020-02-26 15:49:43'),
(89, 1, 1996, '2020-02-26 15:49:43', '2020-02-26 15:54:56'),
(90, 2, 1553, '2020-02-26 15:49:43', '2020-02-26 15:54:56'),
(91, 3, 1809, '2020-02-26 15:49:43', '2020-02-26 15:54:56'),
(92, 4, 1140, '2020-02-26 15:49:43', '2020-02-26 15:54:56'),
(93, 1, 1, '2020-02-26 15:55:56', '2020-02-26 17:07:11'),
(94, 2, 1, '2020-02-26 15:55:56', '2020-02-26 17:07:11'),
(95, 3, 1, '2020-02-26 15:55:56', '2020-02-26 17:07:11'),
(96, 4, 4, '2020-02-26 15:55:56', '2020-02-26 17:07:11'),
(97, 1, 1, '2020-02-26 17:18:03', '2020-02-26 17:27:42'),
(98, 2, 1, '2020-02-26 17:18:03', '2020-02-26 17:27:42'),
(99, 3, 41, '2020-02-26 17:18:03', '2020-02-26 17:27:42'),
(100, 4, 1, '2020-02-26 17:18:03', '2020-02-26 17:27:42'),
(101, 1, 1, '2020-02-26 17:30:48', '2020-02-26 18:49:21'),
(102, 2, 1, '2020-02-26 17:30:48', '2020-02-26 18:49:21'),
(103, 3, 1, '2020-02-26 17:30:48', '2020-02-26 18:49:21'),
(104, 4, 1, '2020-02-26 17:30:48', '2020-02-26 18:49:21'),
(105, 1, 1452, '2020-02-26 18:49:22', '2020-02-26 19:08:59'),
(106, 2, 145, '2020-02-26 18:49:22', '2020-02-26 19:08:59'),
(107, 3, 2269, '2020-02-26 18:49:22', '2020-02-26 19:08:59'),
(108, 4, 1938, '2020-02-26 18:49:22', '2020-02-26 19:08:59'),
(109, 1, 16, '2020-02-26 19:09:00', '2020-02-26 19:13:50'),
(110, 2, 245, '2020-02-26 19:09:00', '2020-02-26 19:13:50'),
(111, 3, 3498, '2020-02-26 19:09:00', '2020-02-26 19:13:50'),
(112, 4, 2382, '2020-02-26 19:09:00', '2020-02-26 19:13:50'),
(113, 1, 2627, '2020-02-26 19:13:52', '2020-02-26 19:15:47'),
(114, 2, 3189, '2020-02-26 19:13:52', '2020-02-26 19:15:46'),
(115, 3, 2981, '2020-02-26 19:13:52', '2020-02-26 19:15:47'),
(116, 4, 1307, '2020-02-26 19:13:52', '2020-02-26 19:15:47'),
(117, 1, 1, '2020-02-26 19:16:23', '2020-02-26 19:23:53'),
(118, 2, 1, '2020-02-26 19:16:23', '2020-02-26 19:23:53'),
(119, 3, 1, '2020-02-26 19:16:23', '2020-02-26 19:23:53'),
(120, 4, 0, '2020-02-26 19:16:23', '2020-02-26 19:23:53'),
(121, 1, 1, '2020-02-27 09:40:09', '2020-02-27 09:49:47'),
(122, 2, 1, '2020-02-27 09:40:09', '2020-02-27 09:49:47'),
(123, 3, 1, '2020-02-27 09:40:09', '2020-02-27 09:49:47'),
(124, 4, 0, '2020-02-27 09:40:09', '2020-02-27 09:49:47'),
(125, 1, 0, '2020-02-27 09:50:54', '2020-02-27 10:02:16'),
(126, 2, 1, '2020-02-27 09:50:54', '2020-02-27 10:02:16'),
(127, 3, 0, '2020-02-27 09:50:54', '2020-02-27 10:02:16'),
(128, 4, 0, '2020-02-27 09:50:54', '2020-02-27 10:02:16'),
(129, 1, 1, '2020-02-27 10:04:08', '2020-02-27 10:10:03'),
(130, 2, 0, '2020-02-27 10:04:08', '2020-02-27 10:10:03'),
(131, 3, 0, '2020-02-27 10:04:08', '2020-02-27 10:10:03'),
(132, 4, 0, '2020-02-27 10:04:08', '2020-02-27 10:10:03'),
(133, 1, 1350, '2020-02-27 10:10:04', '2020-02-27 10:11:32'),
(134, 2, 1262, '2020-02-27 10:10:04', '2020-02-27 10:11:32'),
(135, 3, 2689, '2020-02-27 10:10:04', '2020-02-27 10:11:32'),
(136, 4, 2099, '2020-02-27 10:10:04', '2020-02-27 10:11:32'),
(137, 1, 0, '2020-02-27 10:12:06', '2020-02-27 10:17:45'),
(138, 2, 0, '2020-02-27 10:12:06', '2020-02-27 10:17:45'),
(139, 3, 0, '2020-02-27 10:12:06', '2020-02-27 10:17:45'),
(140, 4, 0, '2020-02-27 10:12:06', '2020-02-27 10:17:45'),
(141, 1, 0, '2020-02-27 10:18:27', '2020-02-27 10:23:21'),
(142, 2, 0, '2020-02-27 10:18:27', '2020-02-27 10:23:20'),
(143, 3, 0, '2020-02-27 10:18:27', '2020-02-27 10:23:21'),
(144, 4, 0, '2020-02-27 10:18:27', '2020-02-27 10:23:21'),
(145, 1, 414, '2020-02-27 10:23:22', '2020-02-27 10:26:26'),
(146, 2, 8, '2020-02-27 10:23:22', '2020-02-27 10:26:26'),
(147, 3, 2003, '2020-02-27 10:23:22', '2020-02-27 10:26:26'),
(148, 4, 127, '2020-02-27 10:23:22', '2020-02-27 10:26:26'),
(149, 1, 12, '2020-02-27 10:28:13', '2020-02-27 10:40:02'),
(150, 2, 1, '2020-02-27 10:28:13', '2020-02-27 10:40:02'),
(151, 3, 1, '2020-02-27 10:28:13', '2020-02-27 10:40:02'),
(152, 4, 1, '2020-02-27 10:28:13', '2020-02-27 10:40:02'),
(153, 1, 1446, '2020-02-27 10:40:03', '2020-02-27 10:52:28'),
(154, 2, 152, '2020-02-27 10:40:03', '2020-02-27 10:52:28'),
(155, 3, 3171, '2020-02-27 10:40:03', '2020-02-27 10:52:28'),
(156, 4, 324, '2020-02-27 10:40:03', '2020-02-27 10:52:28'),
(157, 1, 1975, '2020-02-27 10:52:29', '2020-02-27 10:53:26'),
(158, 2, 2898, '2020-02-27 10:52:29', '2020-02-27 10:53:25'),
(159, 3, 657, '2020-02-27 10:52:29', '2020-02-27 10:53:26'),
(160, 4, 1407, '2020-02-27 10:52:29', '2020-02-27 10:53:26'),
(161, 1, 12, '2020-02-27 10:54:06', '2020-02-27 11:03:47'),
(162, 2, 1, '2020-02-27 10:54:06', '2020-02-27 11:03:47'),
(163, 3, 1, '2020-02-27 10:54:06', '2020-02-27 11:03:47'),
(164, 4, 1, '2020-02-27 10:54:06', '2020-02-27 11:03:47'),
(165, 1, 1653, '2020-02-27 11:03:48', '2020-02-27 11:08:53'),
(166, 2, 2022, '2020-02-27 11:03:48', '2020-02-27 11:08:52'),
(167, 3, 503, '2020-02-27 11:03:48', '2020-02-27 11:08:53'),
(168, 4, 1157, '2020-02-27 11:03:48', '2020-02-27 11:08:53'),
(169, 1, 10, '2020-02-27 11:09:28', '2020-02-27 11:27:30'),
(170, 2, 1, '2020-02-27 11:09:28', '2020-02-27 11:27:30'),
(171, 3, 1, '2020-02-27 11:09:28', '2020-02-27 11:27:30'),
(172, 4, 3, '2020-02-27 11:09:28', '2020-02-27 11:27:30'),
(173, 1, 12, '2020-02-27 11:36:16', '2020-02-27 11:48:12'),
(174, 2, 26, '2020-02-27 11:36:16', '2020-02-27 11:48:12'),
(175, 3, 1, '2020-02-27 11:36:16', '2020-02-27 11:48:12'),
(176, 4, 0, '2020-02-27 11:36:16', '2020-02-27 11:48:12'),
(177, 1, 11, '2020-02-27 11:49:48', '2020-02-27 11:51:26'),
(178, 2, 25, '2020-02-27 11:49:48', '2020-02-27 11:51:26'),
(179, 3, 0, '2020-02-27 11:49:48', '2020-02-27 11:51:26'),
(180, 4, 0, '2020-02-27 11:49:48', '2020-02-27 11:51:26'),
(181, 1, 1, '2020-02-27 11:53:04', '2020-02-27 13:22:11'),
(182, 2, 1, '2020-02-27 11:53:04', '2020-02-27 13:22:11'),
(183, 3, 1, '2020-02-27 11:53:04', '2020-02-27 13:22:11'),
(184, 4, 1, '2020-02-27 11:53:04', '2020-02-27 13:22:11'),
(185, 1, 0, '2020-02-27 13:22:12', '2020-02-27 13:22:30'),
(186, 2, 28, '2020-02-27 13:22:12', '2020-02-27 13:22:30'),
(187, 3, 39, '2020-02-27 13:22:12', '2020-02-27 13:22:30'),
(188, 4, 38, '2020-02-27 13:22:12', '2020-02-27 13:22:30'),
(189, 1, 8, '2020-02-27 13:22:32', '2020-02-27 13:39:58'),
(190, 2, 86, '2020-02-27 13:22:32', '2020-02-27 13:39:58'),
(191, 3, 1828, '2020-02-27 13:22:32', '2020-02-27 13:39:58'),
(192, 4, 2501, '2020-02-27 13:22:32', '2020-02-27 13:39:58'),
(193, 1, 27, '2020-02-27 13:40:00', '2020-02-27 13:40:21'),
(194, 2, 12, '2020-02-27 13:40:00', '2020-02-27 13:40:20'),
(195, 3, 2358, '2020-02-27 13:40:00', '2020-02-27 13:40:21'),
(196, 4, 31, '2020-02-27 13:40:00', '2020-02-27 13:40:21'),
(197, 1, 1251, '2020-02-27 13:40:22', '2020-02-27 13:40:59'),
(198, 2, 2548, '2020-02-27 13:40:22', '2020-02-27 13:40:59'),
(199, 3, 1325, '2020-02-27 13:40:22', '2020-02-27 13:40:59'),
(200, 4, 2261, '2020-02-27 13:40:22', '2020-02-27 13:40:59'),
(201, 1, 11, '2020-02-27 13:41:51', '2020-02-27 14:18:28'),
(202, 2, 0, '2020-02-27 13:41:51', '2020-02-27 14:18:28'),
(203, 3, 0, '2020-02-27 13:41:51', '2020-02-27 14:18:28'),
(204, 4, 2, '2020-02-27 13:41:51', '2020-02-27 14:18:26'),
(205, 1, 1823, '2020-02-27 14:18:28', '2020-02-27 14:19:53'),
(206, 2, 231, '2020-02-27 14:18:28', '2020-02-27 14:19:53'),
(207, 3, 3601, '2020-02-27 14:18:28', '2020-02-27 14:19:53'),
(208, 4, 692, '2020-02-27 14:18:28', '2020-02-27 14:19:53'),
(209, 1, 1, '2020-02-27 14:20:33', '2020-02-27 14:24:42'),
(210, 2, 1, '2020-02-27 14:20:33', '2020-02-27 14:24:42'),
(211, 3, 0, '2020-02-27 14:20:33', '2020-02-27 14:24:42'),
(212, 4, 2, '2020-02-27 14:20:33', '2020-02-27 14:24:42'),
(213, 1, 1404, '2020-02-27 14:24:43', '2020-02-27 14:25:30'),
(214, 2, 362, '2020-02-27 14:24:43', '2020-02-27 14:25:30'),
(215, 3, 5, '2020-02-27 14:24:43', '2020-02-27 14:25:30'),
(216, 4, 2298, '2020-02-27 14:24:43', '2020-02-27 14:25:30'),
(217, 1, 1, '2020-02-27 14:26:01', '2020-02-27 15:11:09'),
(218, 2, 1, '2020-02-27 14:26:01', '2020-02-27 15:11:09'),
(219, 3, 1, '2020-02-27 14:26:01', '2020-02-27 15:11:09'),
(220, 4, 6, '2020-02-27 14:26:01', '2020-02-27 15:11:09'),
(221, 1, 2, '2020-02-27 15:11:42', '2020-02-27 15:24:54'),
(222, 2, 1, '2020-02-27 15:11:42', '2020-02-27 15:24:53'),
(223, 3, 1, '2020-02-27 15:11:42', '2020-02-27 15:24:54'),
(224, 4, 1, '2020-02-27 15:11:42', '2020-02-27 15:24:54'),
(225, 1, 0, '2020-02-28 11:11:48', '2020-02-28 11:32:34'),
(226, 2, 1, '2020-02-28 11:11:48', '2020-02-28 11:32:34'),
(227, 3, 1, '2020-02-28 11:11:48', '2020-02-28 11:32:34'),
(228, 4, 0, '2020-02-28 11:11:48', '2020-02-28 11:32:34'),
(229, 1, 0, '2020-02-28 11:33:18', '2020-02-28 12:12:08'),
(230, 2, 1, '2020-02-28 11:33:18', '2020-02-28 12:12:08'),
(231, 3, 1, '2020-02-28 11:33:18', '2020-02-28 12:12:08'),
(232, 4, 0, '2020-02-28 11:33:18', '2020-02-28 12:12:08'),
(233, 1, 0, '2020-02-28 12:12:50', '2020-02-28 12:54:50'),
(234, 2, 0, '2020-02-28 12:12:50', '2020-02-28 12:54:50'),
(235, 3, 0, '2020-02-28 12:12:50', '2020-02-28 12:54:50'),
(236, 4, 0, '2020-02-28 12:12:50', '2020-02-28 12:54:50'),
(237, 1, 0, '2020-02-28 12:55:43', '2020-02-28 12:56:12'),
(238, 2, 0, '2020-02-28 12:55:43', '2020-02-28 12:56:12'),
(239, 3, 0, '2020-02-28 12:55:43', '2020-02-28 12:56:12'),
(240, 4, 0, '2020-02-28 12:55:43', '2020-02-28 12:56:12'),
(241, 1, 1, '2020-02-28 13:16:59', '2020-02-28 13:21:15'),
(242, 2, 1, '2020-02-28 13:16:59', '2020-02-28 13:21:15'),
(243, 3, 0, '2020-02-28 13:16:59', '2020-02-28 13:21:15'),
(244, 4, 0, '2020-02-28 13:16:59', '2020-02-28 13:21:15'),
(245, 1, 0, '2020-02-28 14:35:54', '2020-02-28 14:36:04'),
(246, 2, 0, '2020-02-28 14:35:54', '2020-02-28 14:36:04'),
(247, 3, 0, '2020-02-28 14:35:54', '2020-02-28 14:36:04'),
(248, 4, 0, '2020-02-28 14:35:54', '2020-02-28 14:36:04'),
(249, 1, 0, '2020-02-28 14:36:56', '2020-02-28 14:40:14'),
(250, 2, 0, '2020-02-28 14:36:56', '2020-02-28 14:40:14'),
(251, 3, 0, '2020-02-28 14:36:56', '2020-02-28 14:40:14'),
(252, 4, 0, '2020-02-28 14:36:56', '2020-02-28 14:40:14'),
(253, 1, 0, '2020-02-28 14:41:15', '2020-02-28 15:04:09'),
(254, 2, 0, '2020-02-28 14:41:15', '2020-02-28 15:04:09'),
(255, 3, 0, '2020-02-28 14:41:15', '2020-02-28 15:04:09'),
(256, 4, 0, '2020-02-28 14:41:15', '2020-02-28 15:04:09'),
(257, 1, 0, '2020-02-28 15:05:05', '2020-02-28 15:06:52'),
(258, 2, 0, '2020-02-28 15:05:05', '2020-02-28 15:06:52'),
(259, 3, 0, '2020-02-28 15:05:05', '2020-02-28 15:06:52'),
(260, 4, 0, '2020-02-28 15:05:05', '2020-02-28 15:06:52'),
(261, 1, 0, '2020-02-28 15:35:46', '2020-02-28 15:35:49'),
(262, 2, 0, '2020-02-28 15:35:46', '2020-02-28 15:35:49'),
(263, 3, 0, '2020-02-28 15:35:46', '2020-02-28 15:35:49'),
(264, 4, 0, '2020-02-28 15:35:46', '2020-02-28 15:35:49'),
(265, 1, 0, '2020-02-28 15:36:50', '2020-02-28 15:37:09'),
(266, 2, 0, '2020-02-28 15:36:50', '2020-02-28 15:37:09'),
(267, 3, 0, '2020-02-28 15:36:50', '2020-02-28 15:37:09'),
(268, 4, 0, '2020-02-28 15:36:50', '2020-02-28 15:37:09'),
(269, 1, 0, '2020-02-28 15:38:14', '2020-02-28 15:38:21'),
(270, 2, 0, '2020-02-28 15:38:14', '2020-02-28 15:38:21'),
(271, 3, 0, '2020-02-28 15:38:14', '2020-02-28 15:38:21'),
(272, 4, 0, '2020-02-28 15:38:14', '2020-02-28 15:38:21'),
(273, 1, 0, '2020-02-28 15:39:13', '2020-02-28 15:41:09'),
(274, 2, 0, '2020-02-28 15:39:13', '2020-02-28 15:41:09'),
(275, 3, 0, '2020-02-28 15:39:13', '2020-02-28 15:41:09'),
(276, 4, 0, '2020-02-28 15:39:13', '2020-02-28 15:41:09'),
(277, 1, 1, '2020-02-29 09:18:20', '2020-02-29 09:45:40'),
(278, 2, 1, '2020-02-29 09:18:20', '2020-02-29 09:45:40'),
(279, 3, 1, '2020-02-29 09:18:20', '2020-02-29 09:45:40'),
(280, 4, 0, '2020-02-29 09:18:20', '2020-02-29 09:45:40'),
(281, 1, 1, '2020-02-29 09:46:34', '2020-02-29 09:48:27'),
(282, 2, 0, '2020-02-29 09:46:34', '2020-02-29 09:48:27'),
(283, 3, 0, '2020-02-29 09:46:34', '2020-02-29 09:48:27'),
(284, 4, 0, '2020-02-29 09:46:34', '2020-02-29 09:48:27'),
(285, 1, 1, '2020-02-29 09:48:42', '2020-02-29 09:50:45'),
(286, 2, 0, '2020-02-29 09:48:42', '2020-02-29 09:50:45'),
(287, 3, 0, '2020-02-29 09:48:42', '2020-02-29 09:50:45'),
(288, 4, 0, '2020-02-29 09:48:42', '2020-02-29 09:50:45'),
(289, 1, 12, '2020-02-29 09:50:30', '2020-02-29 10:04:34'),
(290, 2, 0, '2020-02-29 09:50:30', '2020-02-29 10:04:34'),
(291, 3, 1, '2020-02-29 09:50:30', '2020-02-29 10:04:34'),
(292, 4, 0, '2020-02-29 09:50:30', '2020-02-29 10:04:34'),
(293, 1, 1, '2020-02-29 10:05:26', '2020-02-29 10:11:22'),
(294, 2, 0, '2020-02-29 10:05:26', '2020-02-29 10:11:22'),
(295, 3, 3, '2020-02-29 10:05:26', '2020-02-29 10:11:22'),
(296, 4, 0, '2020-02-29 10:05:26', '2020-02-29 10:11:22'),
(297, 1, 0, '2020-02-29 10:12:14', '2020-02-29 10:12:51'),
(298, 2, 0, '2020-02-29 10:12:14', '2020-02-29 10:12:51'),
(299, 3, 0, '2020-02-29 10:12:14', '2020-02-29 10:12:51'),
(300, 4, 0, '2020-02-29 10:12:14', '2020-02-29 10:12:51'),
(301, 1, 1, '2020-02-29 10:13:43', '2020-02-29 10:27:34'),
(302, 2, 0, '2020-02-29 10:13:43', '2020-02-29 10:27:34'),
(303, 3, 1, '2020-02-29 10:13:43', '2020-02-29 10:27:34'),
(304, 4, 0, '2020-02-29 10:13:43', '2020-02-29 10:27:34'),
(305, 1, 3, '2020-02-29 10:28:27', '2020-02-29 10:52:31'),
(306, 2, 1, '2020-02-29 10:28:27', '2020-02-29 10:52:31'),
(307, 3, 1, '2020-02-29 10:28:27', '2020-02-29 10:52:31'),
(308, 4, 1, '2020-02-29 10:28:27', '2020-02-29 10:52:31'),
(309, 1, 10, '2020-02-29 10:53:34', '2020-02-29 11:03:38'),
(310, 2, 26, '2020-02-29 10:53:34', '2020-02-29 11:03:38'),
(311, 3, 0, '2020-02-29 10:53:34', '2020-02-29 11:03:39'),
(312, 4, 0, '2020-02-29 10:53:34', '2020-02-29 11:03:39'),
(313, 1, 1, '2020-02-29 11:04:27', '2020-02-29 13:35:33'),
(314, 2, 1, '2020-02-29 11:04:27', '2020-02-29 13:35:33'),
(315, 3, 0, '2020-02-29 11:04:27', '2020-02-29 13:35:34'),
(316, 4, 1, '2020-02-29 11:04:27', '2020-02-29 13:35:34'),
(317, 1, 1, '2020-02-29 13:36:21', '2020-02-29 13:39:05'),
(318, 2, 26, '2020-02-29 13:36:21', '2020-02-29 13:39:05'),
(319, 3, 41, '2020-02-29 13:36:21', '2020-02-29 13:39:05'),
(320, 4, 6, '2020-02-29 13:36:21', '2020-02-29 13:39:05'),
(321, 1, 1, '2020-02-29 13:46:25', '2020-02-29 14:03:22'),
(322, 2, 1, '2020-02-29 13:46:25', '2020-02-29 14:03:22'),
(323, 3, 5, '2020-02-29 13:46:25', '2020-02-29 14:03:22'),
(324, 4, 1, '2020-02-29 13:46:25', '2020-02-29 14:03:22'),
(325, 1, 0, '2020-02-29 14:03:27', '2020-02-29 14:04:09'),
(326, 2, 0, '2020-02-29 14:03:27', '2020-02-29 14:04:09'),
(327, 3, 0, '2020-02-29 14:03:27', '2020-02-29 14:04:09'),
(328, 4, 0, '2020-02-29 14:03:27', '2020-02-29 14:04:09'),
(329, 1, 0, '2020-02-29 14:03:27', '2020-02-29 14:10:27'),
(330, 2, 0, '2020-02-29 14:03:27', '2020-02-29 14:10:27'),
(331, 3, 0, '2020-02-29 14:03:27', '2020-02-29 14:10:27'),
(332, 4, 0, '2020-02-29 14:03:27', '2020-02-29 14:10:27'),
(333, 1, 0, '2020-03-02 12:22:10', '2020-03-02 12:25:08'),
(334, 2, 0, '2020-03-02 12:22:10', '2020-03-02 12:25:08'),
(335, 3, 0, '2020-03-02 12:22:10', '2020-03-02 12:25:09'),
(336, 4, 0, '2020-03-02 12:22:10', '2020-03-02 12:25:09'),
(337, 1, 1, '2020-03-03 12:06:43', '2020-03-03 13:07:23'),
(338, 2, 0, '2020-03-03 12:06:43', '2020-03-03 13:07:25'),
(339, 3, 0, '2020-03-03 12:06:43', '2020-03-03 13:07:23'),
(340, 4, 1, '2020-03-03 12:06:43', '2020-03-03 13:07:23'),
(341, 1, 0, '2020-03-03 13:07:25', '2020-03-03 13:08:55'),
(342, 2, 0, '2020-03-03 13:07:25', '2020-03-03 13:08:55'),
(343, 3, 0, '2020-03-03 13:07:25', '2020-03-03 13:08:56'),
(344, 4, 0, '2020-03-03 13:07:25', '2020-03-03 13:08:56'),
(345, 1, 480, '2020-03-03 13:08:56', '2020-03-03 13:15:21'),
(346, 2, 493, '2020-03-03 13:08:56', '2020-03-03 13:15:21'),
(347, 3, 3180, '2020-03-03 13:08:56', '2020-03-03 13:15:21'),
(348, 4, 3196, '2020-03-03 13:08:56', '2020-03-03 13:15:21'),
(349, 1, 1934, '2020-03-03 13:15:22', '2020-03-03 13:19:31'),
(350, 2, 1774, '2020-03-03 13:15:22', '2020-03-03 13:19:31'),
(351, 3, 166, '2020-03-03 13:15:22', '2020-03-03 13:19:31'),
(352, 4, 937, '2020-03-03 13:15:22', '2020-03-03 13:19:31'),
(353, 1, 1, '2020-03-03 13:28:48', '2020-03-03 13:54:45'),
(354, 2, 0, '2020-03-03 13:28:48', '2020-03-03 13:54:45'),
(355, 3, 0, '2020-03-03 13:28:48', '2020-03-03 13:54:45'),
(356, 4, 1, '2020-03-03 13:28:48', '2020-03-03 13:54:45'),
(357, 1, 0, '2020-03-03 15:26:12', '2020-03-03 17:04:09'),
(358, 2, 0, '2020-03-03 15:26:12', '2020-03-03 17:04:09'),
(359, 3, 1, '2020-03-03 15:26:12', '2020-03-03 17:04:09'),
(360, 4, 0, '2020-03-03 15:26:12', '2020-03-03 17:04:09'),
(361, 1, 1, '2020-03-03 17:08:40', '2020-03-03 19:53:52'),
(362, 2, 1, '2020-03-03 17:08:40', '2020-03-03 19:53:52'),
(363, 3, 1, '2020-03-03 17:08:40', '2020-03-03 19:53:52'),
(364, 4, 1, '2020-03-03 17:08:40', '2020-03-03 19:53:52'),
(365, 1, 1, '2020-03-03 19:54:42', '2020-03-03 20:09:06'),
(366, 2, 1, '2020-03-03 19:54:42', '2020-03-03 20:09:06'),
(367, 3, 1, '2020-03-03 19:54:42', '2020-03-03 20:09:06'),
(368, 4, 1, '2020-03-03 19:54:42', '2020-03-03 20:09:06'),
(369, 1, 1, '2020-03-03 20:09:57', '2020-03-03 20:14:41'),
(370, 2, 1, '2020-03-03 20:09:57', '2020-03-03 20:14:41'),
(371, 3, 1, '2020-03-03 20:09:57', '2020-03-03 20:14:41'),
(372, 4, 0, '2020-03-03 20:09:57', '2020-03-03 20:14:41'),
(373, 1, 1, '2020-03-03 20:15:30', '2020-03-03 20:22:42'),
(374, 2, 1, '2020-03-03 20:15:30', '2020-03-03 20:22:42'),
(375, 3, 1, '2020-03-03 20:15:30', '2020-03-03 20:22:42'),
(376, 4, 0, '2020-03-03 20:15:30', '2020-03-03 20:22:42'),
(377, 1, 1, '2020-03-03 20:23:33', '2020-03-03 20:38:15'),
(378, 2, 1, '2020-03-03 20:23:33', '2020-03-03 20:38:15'),
(379, 3, 0, '2020-03-03 20:23:33', '2020-03-03 20:38:15'),
(380, 4, 0, '2020-03-03 20:23:33', '2020-03-03 20:38:15'),
(381, 1, 12, '2020-03-03 20:40:10', '2020-03-03 20:52:18'),
(382, 2, 1, '2020-03-03 20:40:10', '2020-03-03 20:52:18'),
(383, 3, 1, '2020-03-03 20:40:10', '2020-03-03 20:52:19'),
(384, 4, 1, '2020-03-03 20:40:10', '2020-03-03 20:52:19'),
(385, 1, 1, '2020-03-03 20:55:40', '2020-03-03 21:00:16'),
(386, 2, 1, '2020-03-03 20:55:40', '2020-03-03 21:00:16'),
(387, 3, 1, '2020-03-03 20:55:40', '2020-03-03 21:00:16'),
(388, 4, 0, '2020-03-03 20:55:40', '2020-03-03 21:00:16'),
(389, 1, 1, '2020-03-03 21:01:07', '2020-03-03 21:03:09'),
(390, 2, 1, '2020-03-03 21:01:07', '2020-03-03 21:03:09'),
(391, 3, 1, '2020-03-03 21:01:07', '2020-03-03 21:03:09'),
(392, 4, 0, '2020-03-03 21:01:07', '2020-03-03 21:03:09'),
(393, 1, 12, '2020-03-03 21:03:59', '2020-03-03 21:19:50'),
(394, 2, 1, '2020-03-03 21:03:59', '2020-03-03 21:19:50'),
(395, 3, 3, '2020-03-03 21:03:59', '2020-03-03 21:19:50'),
(396, 4, 0, '2020-03-03 21:03:59', '2020-03-03 21:19:50'),
(397, 1, 1, '2020-03-03 21:20:41', '2020-03-03 21:30:04'),
(398, 2, 1, '2020-03-03 21:20:41', '2020-03-03 21:30:04'),
(399, 3, 1, '2020-03-03 21:20:41', '2020-03-03 21:30:04'),
(400, 4, 0, '2020-03-03 21:20:41', '2020-03-03 21:30:04'),
(401, 1, 0, '2020-03-04 11:40:40', '2020-03-04 11:40:57'),
(402, 2, 0, '2020-03-04 11:40:40', '2020-03-04 11:40:57'),
(403, 3, 0, '2020-03-04 11:40:40', '2020-03-04 11:40:57'),
(404, 4, 0, '2020-03-04 11:40:40', '2020-03-04 11:40:57'),
(405, 1, 0, '2020-03-04 11:45:00', '2020-03-04 12:12:05'),
(406, 2, 1, '2020-03-04 11:45:00', '2020-03-04 12:12:05'),
(407, 3, 1, '2020-03-04 11:45:00', '2020-03-04 12:12:05'),
(408, 4, 1, '2020-03-04 11:45:00', '2020-03-04 12:12:05'),
(409, 1, 0, '2020-03-04 12:12:57', '2020-03-04 13:21:32'),
(410, 2, 1, '2020-03-04 12:12:57', '2020-03-04 13:21:32'),
(411, 3, 42, '2020-03-04 12:12:57', '2020-03-04 13:21:32'),
(412, 4, 1, '2020-03-04 12:12:57', '2020-03-04 13:21:32'),
(413, 1, 0, '2020-03-04 13:22:27', '2020-03-04 13:23:26'),
(414, 2, 0, '2020-03-04 13:22:27', '2020-03-04 13:23:26'),
(415, 3, 11, '2020-03-04 13:22:27', '2020-03-04 13:23:26'),
(416, 4, 0, '2020-03-04 13:22:27', '2020-03-04 13:23:26'),
(417, 1, 0, '2020-03-04 13:25:04', '2020-03-04 13:37:49'),
(418, 2, 0, '2020-03-04 13:25:04', '2020-03-04 13:37:49'),
(419, 3, 43, '2020-03-04 13:25:04', '2020-03-04 13:37:49'),
(420, 4, 0, '2020-03-04 13:25:04', '2020-03-04 13:37:49'),
(421, 1, 0, '2020-03-04 13:38:56', '2020-03-04 16:05:46'),
(422, 2, 1, '2020-03-04 13:38:56', '2020-03-04 16:05:46'),
(423, 3, 1, '2020-03-04 13:38:56', '2020-03-04 16:05:46'),
(424, 4, 0, '2020-03-04 13:38:56', '2020-03-04 16:05:46'),
(425, 1, 0, '2020-03-06 11:35:52', '2020-03-06 12:20:45'),
(426, 2, 0, '2020-03-06 11:35:52', '2020-03-06 12:20:45'),
(427, 3, 1, '2020-03-06 11:35:52', '2020-03-06 12:20:45'),
(428, 4, 6, '2020-03-06 11:35:52', '2020-03-06 12:20:45'),
(429, 1, 0, '2020-03-06 12:21:38', '2020-03-06 12:26:31'),
(430, 2, 0, '2020-03-06 12:21:38', '2020-03-06 12:26:31'),
(431, 3, 0, '2020-03-06 12:21:38', '2020-03-06 12:26:31'),
(432, 4, 6, '2020-03-06 12:21:38', '2020-03-06 12:26:31'),
(433, 1, 0, '2020-03-06 12:27:22', '2020-03-06 12:39:36'),
(434, 2, 0, '2020-03-06 12:27:22', '2020-03-06 12:39:35'),
(435, 3, 41, '2020-03-06 12:27:22', '2020-03-06 12:39:37'),
(436, 4, 3, '2020-03-06 12:27:22', '2020-03-06 12:39:37'),
(437, 1, 0, '2020-03-06 12:46:03', '2020-03-06 12:59:17'),
(438, 2, 0, '2020-03-06 12:46:03', '2020-03-06 12:59:19'),
(439, 3, 43, '2020-03-06 12:46:03', '2020-03-06 12:59:17'),
(440, 4, 1, '2020-03-06 12:46:03', '2020-03-06 12:59:17'),
(441, 1, 0, '2020-03-06 12:57:47', '2020-03-06 13:05:52'),
(442, 2, 0, '2020-03-06 12:57:47', '2020-03-06 13:05:52'),
(443, 3, 42, '2020-03-06 12:57:47', '2020-03-06 13:05:52'),
(444, 4, 0, '2020-03-06 12:57:47', '2020-03-06 13:05:52'),
(445, 1, 0, '2020-03-06 13:06:55', '2020-03-06 13:47:05'),
(446, 2, 0, '2020-03-06 13:06:55', '2020-03-06 13:47:05'),
(447, 3, 32, '2020-03-06 13:06:55', '2020-03-06 13:47:05'),
(448, 4, 0, '2020-03-06 13:06:55', '2020-03-06 13:47:05');

-- --------------------------------------------------------

--
-- Table structure for table `tbl_unsentNotif`
--

CREATE TABLE `tbl_unsentNotif` (
  `notifID` int(11) NOT NULL,
  `notifMessage` varchar(500) NOT NULL
) ENGINE=InnoDB DEFAULT CHARSET=utf8mb4;

-- --------------------------------------------------------

--
-- Table structure for table `tbl_users`
--

CREATE TABLE `tbl_users` (
  `userID` int(4) NOT NULL,
  `userName` varchar(20) NOT NULL,
  `userPass` varchar(20) NOT NULL,
  `userProf` varchar(20) NOT NULL,
  `userType` tinyint(4) NOT NULL,
  `userFirstName` varchar(50) NOT NULL,
  `userLastName` varchar(50) NOT NULL,
  `userPhoneNumber` varchar(13) DEFAULT NULL
) ENGINE=InnoDB DEFAULT CHARSET=latin1;

--
-- Dumping data for table `tbl_users`
--

INSERT INTO `tbl_users` (`userID`, `userName`, `userPass`, `userProf`, `userType`, `userFirstName`, `userLastName`, `userPhoneNumber`) VALUES
(1, 'abay', 'abay', '', 0, 'Ian Joseph', 'Solon', '9655865892'),
(2, 'znarf', 'znarf', '', 1, 'Franz Dink', 'Catalan', '9956139395');

--
-- Indexes for dumped tables
--

--
-- Indexes for table `tbl_appliances`
--
ALTER TABLE `tbl_appliances`
  ADD PRIMARY KEY (`applianceID`),
  ADD UNIQUE KEY `UK_applianceName` (`applianceName`);

--
-- Indexes for table `tbl_logs`
--
ALTER TABLE `tbl_logs`
  ADD PRIMARY KEY (`logID`);

--
-- Indexes for table `tbl_notifications`
--
ALTER TABLE `tbl_notifications`
  ADD PRIMARY KEY (`notifID`);

--
-- Indexes for table `tbl_notification_status`
--
ALTER TABLE `tbl_notification_status`
  ADD KEY `FK_notifID` (`notifID`);

--
-- Indexes for table `tbl_schedules`
--
ALTER TABLE `tbl_schedules`
  ADD PRIMARY KEY (`scheduleID`),
  ADD KEY `FK_scheduleApplianceID` (`scheduleApplianceID`);

--
-- Indexes for table `tbl_totalconsumption`
--
ALTER TABLE `tbl_totalconsumption`
  ADD PRIMARY KEY (`totalConsID`);

--
-- Indexes for table `tbl_users`
--
ALTER TABLE `tbl_users`
  ADD PRIMARY KEY (`userID`);

--
-- AUTO_INCREMENT for dumped tables
--

--
-- AUTO_INCREMENT for table `tbl_appliances`
--
ALTER TABLE `tbl_appliances`
  MODIFY `applianceID` tinyint(1) NOT NULL AUTO_INCREMENT, AUTO_INCREMENT=6;
--
-- AUTO_INCREMENT for table `tbl_logs`
--
ALTER TABLE `tbl_logs`
  MODIFY `logID` int(100) NOT NULL AUTO_INCREMENT, AUTO_INCREMENT=14;
--
-- AUTO_INCREMENT for table `tbl_notifications`
--
ALTER TABLE `tbl_notifications`
  MODIFY `notifID` int(11) NOT NULL AUTO_INCREMENT, AUTO_INCREMENT=131;
--
-- AUTO_INCREMENT for table `tbl_schedules`
--
ALTER TABLE `tbl_schedules`
  MODIFY `scheduleID` int(11) NOT NULL AUTO_INCREMENT, AUTO_INCREMENT=98;
--
-- AUTO_INCREMENT for table `tbl_totalconsumption`
--
ALTER TABLE `tbl_totalconsumption`
  MODIFY `totalConsID` int(11) NOT NULL AUTO_INCREMENT, AUTO_INCREMENT=449;
--
-- AUTO_INCREMENT for table `tbl_users`
--
ALTER TABLE `tbl_users`
  MODIFY `userID` int(4) NOT NULL AUTO_INCREMENT, AUTO_INCREMENT=3;
--
-- Constraints for dumped tables
--

--
-- Constraints for table `tbl_notification_status`
--
ALTER TABLE `tbl_notification_status`
  ADD CONSTRAINT `FK_notifID` FOREIGN KEY (`notifID`) REFERENCES `tbl_notifications` (`notifID`);

--
-- Constraints for table `tbl_schedules`
--
ALTER TABLE `tbl_schedules`
  ADD CONSTRAINT `FK_scheduleApplianceID` FOREIGN KEY (`scheduleApplianceID`) REFERENCES `tbl_appliances` (`applianceID`);

/*!40101 SET CHARACTER_SET_CLIENT=@OLD_CHARACTER_SET_CLIENT */;
/*!40101 SET CHARACTER_SET_RESULTS=@OLD_CHARACTER_SET_RESULTS */;
/*!40101 SET COLLATION_CONNECTION=@OLD_COLLATION_CONNECTION */;
