-- phpMyAdmin SQL Dump
-- version 4.9.2
-- https://www.phpmyadmin.net/
--
-- Host: 127.0.0.1
-- Generation Time: Jan 03, 2020 at 02:09 PM
-- Server version: 10.4.10-MariaDB
-- PHP Version: 7.3.12

SET SQL_MODE = "NO_AUTO_VALUE_ON_ZERO";
SET AUTOCOMMIT = 0;
START TRANSACTION;
SET time_zone = "+00:00";


/*!40101 SET @OLD_CHARACTER_SET_CLIENT=@@CHARACTER_SET_CLIENT */;
/*!40101 SET @OLD_CHARACTER_SET_RESULTS=@@CHARACTER_SET_RESULTS */;
/*!40101 SET @OLD_COLLATION_CONNECTION=@@COLLATION_CONNECTION */;
/*!40101 SET NAMES utf8mb4 */;

--
-- Database: `homeautomation`
--

-- --------------------------------------------------------

--
-- Table structure for table `tbl_appliances`
--

CREATE TABLE `tbl_appliances` (
  `applianceID` tinyint(1) NOT NULL,
  `applianceName` varchar(20) NOT NULL,
  `applianceRating` smallint(5) NOT NULL,
  `applianceStatus` tinyint(1) NOT NULL,
  `applianceOutputPin` smallint(2) NOT NULL,
  `applianceInputPin` tinyint(4) NOT NULL
) ENGINE=InnoDB DEFAULT CHARSET=latin1;

--
-- Dumping data for table `tbl_appliances`
--

INSERT INTO `tbl_appliances` (`applianceID`, `applianceName`, `applianceRating`, `applianceStatus`, `applianceOutputPin`, `applianceInputPin`) VALUES
(1, 'Fan', 12, 0, 11, 35),
(2, 'Television', 5, 1, 13, 37),
(3, 'Lamp1', 0, 2, 15, 38),
(4, 'Lamp', 0, 1, 29, 40);

-- --------------------------------------------------------

--
-- Table structure for table `tbl_logs`
--

CREATE TABLE `tbl_logs` (
  `logID` int(100) NOT NULL,
  `logDateTime` datetime NOT NULL,
  `logAppliance` varchar(20) NOT NULL,
  `logAction` tinyint(1) NOT NULL,
  `logVia` tinyint(1) NOT NULL,
  `logUser` smallint(5) NOT NULL
) ENGINE=InnoDB DEFAULT CHARSET=latin1;

--
-- Dumping data for table `tbl_logs`
--

INSERT INTO `tbl_logs` (`logID`, `logDateTime`, `logAppliance`, `logAction`, `logVia`, `logUser`) VALUES
(1, '2020-01-03 21:06:00', 'Fan', 0, 0, 0),
(2, '2020-01-03 21:06:00', 'Television', 1, 0, 0),
(3, '2020-01-03 21:06:01', 'Television', 0, 0, 0),
(4, '2020-01-03 21:06:03', 'Television', 1, 0, 0);

-- --------------------------------------------------------

--
-- Table structure for table `tbl_readings`
--

CREATE TABLE `tbl_readings` (
  `applianceID` tinyint(1) NOT NULL,
  `rCurrent` smallint(6) NOT NULL,
  `rVoltage` smallint(6) NOT NULL,
  `rDateTime` datetime NOT NULL
) ENGINE=InnoDB DEFAULT CHARSET=utf8mb4;

--
-- Dumping data for table `tbl_readings`
--

INSERT INTO `tbl_readings` (`applianceID`, `rCurrent`, `rVoltage`, `rDateTime`) VALUES
(1, -2, 10, '2019-12-18 01:27:15'),
(2, -6, 14, '2019-12-18 01:27:15'),
(3, 6, -6, '2019-12-18 01:27:15'),
(4, 3, 0, '2019-12-18 01:27:15'),
(1, 8, -2, '2019-12-18 01:27:17'),
(2, -1, 14, '2019-12-18 01:27:17'),
(3, 2, 18, '2019-12-18 01:27:17'),
(4, -10, -6, '2019-12-18 01:27:17'),
(1, -3, -10, '2019-12-18 01:27:19'),
(2, 7, -8, '2019-12-18 01:27:19'),
(3, 9, 15, '2019-12-18 01:27:19'),
(4, -5, 0, '2019-12-18 01:27:19'),
(1, -10, 15, '2019-12-18 01:27:21'),
(2, -4, 0, '2019-12-18 01:27:21'),
(3, -9, 1, '2019-12-18 01:27:21'),
(4, 4, 19, '2019-12-18 01:27:21'),
(1, 10, -6, '2019-12-18 01:27:24'),
(2, -10, 2, '2019-12-18 01:27:24'),
(3, -8, 17, '2019-12-18 01:27:24'),
(4, 2, -9, '2019-12-18 01:27:24'),
(1, 10, 13, '2019-12-18 01:27:26'),
(2, -4, -10, '2019-12-18 01:27:26'),
(3, 9, -9, '2019-12-18 01:27:26'),
(4, -2, 8, '2019-12-18 01:27:26'),
(1, -10, 2, '2019-12-18 01:27:28'),
(2, 7, 18, '2019-12-18 01:27:28'),
(3, -4, 4, '2019-12-18 01:27:28'),
(4, -6, 13, '2019-12-18 01:27:28'),
(1, -9, 3, '2019-12-18 01:27:30'),
(2, 1, -8, '2019-12-18 01:27:30'),
(3, -2, -5, '2019-12-18 01:27:30'),
(4, -4, 14, '2019-12-18 01:27:30'),
(1, 3, -7, '2019-12-18 01:27:33'),
(2, -6, -7, '2019-12-18 01:27:33'),
(3, -2, 1, '2019-12-18 01:27:33'),
(4, -4, 0, '2019-12-18 01:27:33'),
(1, -8, 20, '2019-12-18 01:27:35'),
(2, 2, 11, '2019-12-18 01:27:35'),
(3, -3, 7, '2019-12-18 01:27:35'),
(4, 5, -5, '2019-12-18 01:27:35'),
(1, -6, 17, '2019-12-18 01:27:37'),
(2, 2, -3, '2019-12-18 01:27:37'),
(3, 5, 2, '2019-12-18 01:27:37'),
(4, -9, 7, '2019-12-18 01:27:37'),
(1, -8, 6, '2019-12-18 01:27:40'),
(2, -10, -5, '2019-12-18 01:27:40'),
(3, 6, 3, '2019-12-18 01:27:40'),
(4, 7, 15, '2019-12-18 01:27:40'),
(1, 6, 5, '2019-12-18 01:27:42'),
(2, -6, 15, '2019-12-18 01:27:42'),
(3, 4, 8, '2019-12-18 01:27:42'),
(4, 8, -9, '2019-12-18 01:27:42'),
(1, 6, -1, '2019-12-18 01:27:44'),
(2, -9, 7, '2019-12-18 01:27:44'),
(3, -4, 11, '2019-12-18 01:27:44'),
(4, 3, 1, '2019-12-18 01:27:44'),
(1, 5, -8, '2019-12-18 01:27:46'),
(2, 1, 14, '2019-12-18 01:27:46'),
(3, 1, 6, '2019-12-18 01:27:46'),
(4, -10, -1, '2019-12-18 01:27:46'),
(1, 6, 18, '2019-12-18 01:27:49'),
(2, 6, -9, '2019-12-18 01:27:49'),
(3, 7, 3, '2019-12-18 01:27:49'),
(4, 3, 11, '2019-12-18 01:27:49'),
(1, -10, -3, '2019-12-18 01:27:51'),
(2, -10, -4, '2019-12-18 01:27:51'),
(3, -7, 0, '2019-12-18 01:27:51'),
(4, 8, 13, '2019-12-18 01:27:51'),
(1, 3, 20, '2019-12-18 01:27:53'),
(2, 7, 7, '2019-12-18 01:27:53'),
(3, 4, 15, '2019-12-18 01:27:53'),
(4, -1, 0, '2019-12-18 01:27:53'),
(1, 1, -3, '2019-12-18 01:27:55'),
(2, 4, 6, '2019-12-18 01:27:55'),
(3, -7, 8, '2019-12-18 01:27:55'),
(4, 3, 8, '2019-12-18 01:27:55'),
(1, 8, -5, '2019-12-18 01:27:58'),
(2, 9, -5, '2019-12-18 01:27:58'),
(3, 6, 3, '2019-12-18 01:27:58'),
(4, -2, -9, '2019-12-18 01:27:58'),
(1, 0, 1, '2019-12-18 01:28:00'),
(2, -8, -2, '2019-12-18 01:28:00'),
(3, -8, 13, '2019-12-18 01:28:00'),
(4, -9, -3, '2019-12-18 01:28:00'),
(1, -8, 8, '2019-12-18 01:28:02'),
(2, -8, -7, '2019-12-18 01:28:02'),
(3, -7, 18, '2019-12-18 01:28:02'),
(4, -4, 15, '2019-12-18 01:28:02'),
(1, 10, 3, '2019-12-18 01:28:05'),
(2, -10, 7, '2019-12-18 01:28:05'),
(3, 9, 20, '2019-12-18 01:28:05'),
(4, -8, 13, '2019-12-18 01:28:05'),
(1, -4, 11, '2019-12-18 01:28:07'),
(2, 5, 1, '2019-12-18 01:28:07'),
(3, 7, -2, '2019-12-18 01:28:07'),
(4, 9, 19, '2019-12-18 01:28:07'),
(1, 2, -5, '2019-12-18 01:28:09'),
(2, -6, -10, '2019-12-18 01:28:09'),
(3, -4, 17, '2019-12-18 01:28:09'),
(4, -4, 14, '2019-12-18 01:28:09'),
(1, -7, 1, '2019-12-18 01:28:11'),
(2, -2, 20, '2019-12-18 01:28:11'),
(3, -10, -9, '2019-12-18 01:28:11'),
(4, -4, 2, '2019-12-18 01:28:11'),
(1, 8, 5, '2019-12-18 01:28:14'),
(2, 3, 6, '2019-12-18 01:28:14'),
(3, -10, -6, '2019-12-18 01:28:14'),
(4, 2, 13, '2019-12-18 01:28:14'),
(1, 6, 18, '2019-12-18 01:28:16'),
(2, -8, 2, '2019-12-18 01:28:16'),
(3, 1, -3, '2019-12-18 01:28:16'),
(4, 4, 8, '2019-12-18 01:28:16'),
(1, -9, 15, '2019-12-18 01:28:19'),
(2, -8, -1, '2019-12-18 01:28:19'),
(3, -2, 5, '2019-12-18 01:28:19'),
(4, 6, 10, '2019-12-18 01:28:19'),
(1, -4, 1, '2019-12-18 01:28:21'),
(2, -10, 15, '2019-12-18 01:28:21'),
(3, 10, 12, '2019-12-18 01:28:21'),
(4, 2, 12, '2019-12-18 01:28:21'),
(1, 2, -4, '2019-12-18 01:28:24'),
(2, -9, 20, '2019-12-18 01:28:24'),
(3, -1, 0, '2019-12-18 01:28:24'),
(4, 8, -10, '2019-12-18 01:28:24'),
(1, 0, 1, '2019-12-18 01:28:26'),
(2, -5, -8, '2019-12-18 01:28:26'),
(3, 5, 14, '2019-12-18 01:28:26'),
(4, -3, -1, '2019-12-18 01:28:26'),
(1, 0, -8, '2019-12-18 01:28:28'),
(2, -5, -1, '2019-12-18 01:28:28'),
(3, 6, 18, '2019-12-18 01:28:28'),
(4, -9, 15, '2019-12-18 01:28:28'),
(1, 1, -10, '2019-12-18 01:28:30'),
(2, -9, 13, '2019-12-18 01:28:30'),
(3, -3, -7, '2019-12-18 01:28:30'),
(4, 9, 7, '2019-12-18 01:28:30'),
(1, 9, 20, '2019-12-18 01:28:33'),
(2, -3, 4, '2019-12-18 01:28:33'),
(3, -8, 0, '2019-12-18 01:28:33'),
(4, 7, -9, '2019-12-18 01:28:33'),
(1, -9, 8, '2019-12-18 01:28:35'),
(2, -10, -2, '2019-12-18 01:28:35'),
(3, 4, 7, '2019-12-18 01:28:35'),
(4, -6, 7, '2019-12-18 01:28:35'),
(1, 2, 17, '2019-12-18 01:28:38'),
(2, 6, 12, '2019-12-18 01:28:38'),
(3, -6, -7, '2019-12-18 01:28:38'),
(4, -5, -7, '2019-12-18 01:28:38'),
(1, -10, 5, '2019-12-18 01:28:40'),
(2, -1, 4, '2019-12-18 01:28:40'),
(3, -9, 19, '2019-12-18 01:28:40'),
(4, -1, -1, '2019-12-18 01:28:40'),
(1, -7, 8, '2019-12-18 01:28:43'),
(2, -3, 15, '2019-12-18 01:28:43'),
(3, 4, 8, '2019-12-18 01:28:43'),
(4, -7, 6, '2019-12-18 01:28:43'),
(1, -3, 15, '2019-12-18 01:28:45'),
(2, -5, 5, '2019-12-18 01:28:45'),
(3, -2, -4, '2019-12-18 01:28:45'),
(4, 6, 4, '2019-12-18 01:28:45'),
(1, -10, 9, '2019-12-18 01:28:47'),
(2, 9, 4, '2019-12-18 01:28:47'),
(3, 9, 17, '2019-12-18 01:28:47'),
(4, 5, 0, '2019-12-18 01:28:47'),
(1, 5, -1, '2019-12-18 01:28:49'),
(2, -8, 7, '2019-12-18 01:28:49'),
(3, 6, -3, '2019-12-18 01:28:49'),
(4, -6, 10, '2019-12-18 01:28:49'),
(1, 6, -7, '2019-12-18 01:28:52'),
(2, 1, -10, '2019-12-18 01:28:52'),
(3, -10, 15, '2019-12-18 01:28:52'),
(4, 5, 7, '2019-12-18 01:28:52'),
(1, 6, 19, '2019-12-18 01:28:55'),
(2, -10, 17, '2019-12-18 01:28:55'),
(3, -6, -8, '2019-12-18 01:28:55'),
(4, 10, 3, '2019-12-18 01:28:55'),
(1, 5, -7, '2019-12-18 01:28:58'),
(2, 1, -4, '2019-12-18 01:28:58'),
(3, 0, -7, '2019-12-18 01:28:58'),
(4, 4, 2, '2019-12-18 01:28:58'),
(1, 10, -9, '2019-12-18 01:29:02'),
(2, 10, 0, '2019-12-18 01:29:02'),
(3, 2, 6, '2019-12-18 01:29:02'),
(4, 3, 15, '2019-12-18 01:29:02'),
(1, 5, 7, '2019-12-18 01:29:04'),
(2, -6, 12, '2019-12-18 01:29:04'),
(3, 3, 1, '2019-12-18 01:29:04'),
(4, -3, -4, '2019-12-18 01:29:04'),
(1, 1, 9, '2019-12-18 01:29:06'),
(2, 5, -8, '2019-12-18 01:29:06'),
(3, 8, -7, '2019-12-18 01:29:06'),
(4, 7, 7, '2019-12-18 01:29:06'),
(1, -1, 12, '2019-12-18 01:29:08'),
(2, -8, 17, '2019-12-18 01:29:08'),
(3, -1, 2, '2019-12-18 01:29:08'),
(4, 2, -8, '2019-12-18 01:29:08'),
(1, -1, 3, '2019-12-18 01:29:11'),
(2, 2, 4, '2019-12-18 01:29:11'),
(3, 9, -8, '2019-12-18 01:29:11'),
(4, -1, 9, '2019-12-18 01:29:11'),
(1, -4, 16, '2019-12-18 01:29:13'),
(2, 5, 5, '2019-12-18 01:29:13'),
(3, 1, 17, '2019-12-18 01:29:13'),
(4, -3, 1, '2019-12-18 01:29:13'),
(1, -9, 2, '2019-12-18 01:29:15'),
(2, 5, 2, '2019-12-18 01:29:15'),
(3, -1, 6, '2019-12-18 01:29:15'),
(4, -4, 14, '2019-12-18 01:29:15'),
(1, 5, 14, '2019-12-18 01:29:17'),
(2, 3, 0, '2019-12-18 01:29:17'),
(3, -8, -8, '2019-12-18 01:29:17'),
(4, -2, 1, '2019-12-18 01:29:17'),
(1, -5, 6, '2019-12-18 01:29:20'),
(2, -5, 13, '2019-12-18 01:29:20'),
(3, 6, 11, '2019-12-18 01:29:20'),
(4, 0, 11, '2019-12-18 01:29:20'),
(1, 8, 6, '2019-12-18 01:29:23'),
(2, -10, 19, '2019-12-18 01:29:23'),
(3, 8, 14, '2019-12-18 01:29:23'),
(4, 4, 17, '2019-12-18 01:29:23'),
(1, 5, 1, '2019-12-18 01:29:25'),
(2, -1, 6, '2019-12-18 01:29:25'),
(3, 9, 4, '2019-12-18 01:29:25'),
(4, 9, 5, '2019-12-18 01:29:25'),
(1, -9, 9, '2019-12-18 01:29:27'),
(2, 5, 9, '2019-12-18 01:29:27'),
(3, -8, 9, '2019-12-18 01:29:27'),
(4, -9, 13, '2019-12-18 01:29:27'),
(1, 7, 0, '2019-12-18 01:29:29'),
(2, -8, 16, '2019-12-18 01:29:29'),
(3, 8, 20, '2019-12-18 01:29:29'),
(4, -4, 19, '2019-12-18 01:29:29'),
(1, -7, 7, '2019-12-18 01:29:32'),
(2, 8, 14, '2019-12-18 01:29:32'),
(3, 4, 6, '2019-12-18 01:29:32'),
(4, -9, -1, '2019-12-18 01:29:32'),
(1, 10, 10, '2019-12-18 01:29:34'),
(2, -3, -3, '2019-12-18 01:29:34'),
(3, 8, 13, '2019-12-18 01:29:34'),
(4, 7, 20, '2019-12-18 01:29:34'),
(1, 4, 9, '2019-12-18 01:29:36'),
(2, 2, 7, '2019-12-18 01:29:36'),
(3, -8, 13, '2019-12-18 01:29:36'),
(4, 8, 8, '2019-12-18 01:29:36'),
(1, 1, 3, '2019-12-18 01:29:38'),
(2, 6, -3, '2019-12-18 01:29:38'),
(3, 4, 6, '2019-12-18 01:29:38'),
(4, -8, 2, '2019-12-18 01:29:38'),
(1, 5, 12, '2019-12-18 01:29:41'),
(2, -6, -3, '2019-12-18 01:29:41'),
(3, 2, 1, '2019-12-18 01:29:41'),
(4, 9, 19, '2019-12-18 01:29:41'),
(1, -1, 7, '2019-12-18 01:29:43'),
(2, 9, -3, '2019-12-18 01:29:43'),
(3, 0, 17, '2019-12-18 01:29:43'),
(4, 0, 1, '2019-12-18 01:29:43'),
(1, -6, 20, '2019-12-18 01:29:45'),
(2, -9, 7, '2019-12-18 01:29:45'),
(3, 1, 15, '2019-12-18 01:29:45'),
(4, 4, -6, '2019-12-18 01:29:45'),
(1, 6, 13, '2019-12-18 01:29:48'),
(2, 10, -1, '2019-12-18 01:29:48'),
(3, 8, 7, '2019-12-18 01:29:48'),
(4, -6, -10, '2019-12-18 01:29:48'),
(1, 9, 11, '2019-12-18 01:29:50'),
(2, -2, 4, '2019-12-18 01:29:50'),
(3, 4, -8, '2019-12-18 01:29:50'),
(4, -1, 7, '2019-12-18 01:29:50'),
(1, -3, -6, '2019-12-18 01:29:52'),
(2, 8, 19, '2019-12-18 01:29:52'),
(3, 5, 20, '2019-12-18 01:29:52'),
(4, 10, -9, '2019-12-18 01:29:52'),
(1, -7, 13, '2019-12-18 01:29:54'),
(2, 4, 4, '2019-12-18 01:29:54'),
(3, 6, 4, '2019-12-18 01:29:54'),
(4, 6, 2, '2019-12-18 01:29:54'),
(1, 7, 16, '2019-12-18 01:29:57'),
(2, -9, -10, '2019-12-18 01:29:57'),
(3, 9, 9, '2019-12-18 01:29:57'),
(4, -3, 12, '2019-12-18 01:29:57'),
(1, -8, -10, '2019-12-18 01:29:59'),
(2, 0, -4, '2019-12-18 01:29:59'),
(3, -8, -4, '2019-12-18 01:29:59'),
(4, 10, 7, '2019-12-18 01:29:59'),
(1, 0, 5, '2019-12-18 01:30:01'),
(2, 9, 11, '2019-12-18 01:30:01'),
(3, 6, -3, '2019-12-18 01:30:01'),
(4, 6, 18, '2019-12-18 01:30:01'),
(1, -10, -8, '2019-12-18 01:30:03'),
(2, 9, 4, '2019-12-18 01:30:03'),
(3, -2, 6, '2019-12-18 01:30:03'),
(4, 4, 6, '2019-12-18 01:30:03'),
(1, -7, 11, '2019-12-18 01:30:06'),
(2, 4, 6, '2019-12-18 01:30:06'),
(3, 7, -2, '2019-12-18 01:30:06'),
(4, 10, 13, '2019-12-18 01:30:06'),
(1, -1, 13, '2019-12-18 01:30:08'),
(2, -6, 13, '2019-12-18 01:30:08'),
(3, -1, -10, '2019-12-18 01:30:08'),
(4, 1, 8, '2019-12-18 01:30:08'),
(1, -8, -2, '2019-12-18 01:30:10'),
(2, 5, 1, '2019-12-18 01:30:10'),
(3, -8, -1, '2019-12-18 01:30:10'),
(4, -4, 9, '2019-12-18 01:30:10'),
(1, -9, 11, '2019-12-18 01:30:12'),
(2, -7, 14, '2019-12-18 01:30:12'),
(3, -8, 9, '2019-12-18 01:30:12'),
(4, -10, 9, '2019-12-18 01:30:12'),
(1, 3, 6, '2019-12-18 01:30:15'),
(2, 9, -4, '2019-12-18 01:30:15'),
(3, 1, 19, '2019-12-18 01:30:15'),
(4, 8, -3, '2019-12-18 01:30:15'),
(1, 7, 19, '2019-12-18 01:30:17'),
(2, 1, -10, '2019-12-18 01:30:17'),
(3, 8, 16, '2019-12-18 01:30:17'),
(4, -6, -6, '2019-12-18 01:30:17'),
(1, 9, -7, '2019-12-18 01:30:19'),
(2, -5, 16, '2019-12-18 01:30:19'),
(3, -2, 4, '2019-12-18 01:30:19'),
(4, 6, 3, '2019-12-18 01:30:19'),
(1, 4, -5, '2019-12-18 01:30:23'),
(2, -3, 13, '2019-12-18 01:30:23'),
(3, 1, 9, '2019-12-18 01:30:23'),
(4, 5, 4, '2019-12-18 01:30:23'),
(1, -4, -10, '2019-12-18 01:30:26'),
(2, -1, 8, '2019-12-18 01:30:26'),
(3, -1, 18, '2019-12-18 01:30:26'),
(4, -1, -4, '2019-12-18 01:30:26'),
(1, 6, 17, '2019-12-18 01:30:28'),
(2, -3, 19, '2019-12-18 01:30:28'),
(3, -5, 9, '2019-12-18 01:30:28'),
(4, -5, 9, '2019-12-18 01:30:28'),
(1, -9, 19, '2019-12-18 01:30:30'),
(2, 0, 14, '2019-12-18 01:30:30'),
(3, 9, 7, '2019-12-18 01:30:30'),
(4, -6, -8, '2019-12-18 01:30:30'),
(1, -9, 11, '2019-12-18 01:30:33'),
(2, -8, -2, '2019-12-18 01:30:33'),
(3, 0, 0, '2019-12-18 01:30:33'),
(4, -3, 8, '2019-12-18 01:30:33'),
(1, -9, 14, '2019-12-18 01:30:35'),
(2, -2, 12, '2019-12-18 01:30:35'),
(3, 2, 4, '2019-12-18 01:30:35'),
(4, -7, 5, '2019-12-18 01:30:35'),
(1, 8, -9, '2019-12-18 01:30:37'),
(2, 6, 14, '2019-12-18 01:30:37'),
(3, -6, -10, '2019-12-18 01:30:37'),
(4, 5, -3, '2019-12-18 01:30:37'),
(1, -7, 20, '2019-12-18 01:30:40'),
(2, 0, -7, '2019-12-18 01:30:40'),
(3, 2, 6, '2019-12-18 01:30:40'),
(4, 9, 20, '2019-12-18 01:30:40'),
(1, -3, 2, '2019-12-18 01:30:42'),
(2, 6, 13, '2019-12-18 01:30:42'),
(3, -2, 5, '2019-12-18 01:30:42'),
(4, -7, 10, '2019-12-18 01:30:42'),
(1, 3, 15, '2019-12-18 01:30:44'),
(2, -10, 8, '2019-12-18 01:30:44'),
(3, -7, 12, '2019-12-18 01:30:44'),
(4, -4, 12, '2019-12-18 01:30:44'),
(1, 3, 16, '2019-12-18 01:30:47'),
(2, 7, 20, '2019-12-18 01:30:47'),
(3, 3, 17, '2019-12-18 01:30:47'),
(4, -8, 18, '2019-12-18 01:30:47'),
(1, 2, -6, '2019-12-18 01:30:49'),
(2, -2, -9, '2019-12-18 01:30:49'),
(3, 8, 1, '2019-12-18 01:30:49'),
(4, 6, 4, '2019-12-18 01:30:49'),
(1, -4, 2, '2019-12-18 01:30:51'),
(2, -6, -6, '2019-12-18 01:30:51'),
(3, -9, 8, '2019-12-18 01:30:51'),
(4, 5, 14, '2019-12-18 01:30:51'),
(1, 7, 6, '2019-12-18 01:30:53'),
(2, 3, -1, '2019-12-18 01:30:53'),
(3, -3, 5, '2019-12-18 01:30:53'),
(4, -5, -8, '2019-12-18 01:30:53'),
(1, -5, 6, '2019-12-18 01:30:56'),
(2, -1, 11, '2019-12-18 01:30:56'),
(3, -4, -10, '2019-12-18 01:30:56'),
(4, -9, -3, '2019-12-18 01:30:56'),
(1, 4, -4, '2019-12-18 01:30:58'),
(2, -2, 20, '2019-12-18 01:30:58'),
(3, 1, 12, '2019-12-18 01:30:58'),
(4, 9, -9, '2019-12-18 01:30:58'),
(1, 8, 11, '2019-12-18 01:31:00'),
(2, -7, 4, '2019-12-18 01:31:00'),
(3, 9, 5, '2019-12-18 01:31:00'),
(4, -10, 1, '2019-12-18 01:31:00'),
(1, -9, 16, '2019-12-18 01:31:03'),
(2, -9, 1, '2019-12-18 01:31:03'),
(3, 7, -6, '2019-12-18 01:31:03'),
(4, 1, -10, '2019-12-18 01:31:03'),
(1, -7, 15, '2019-12-18 01:31:05'),
(2, -4, 8, '2019-12-18 01:31:05'),
(3, 8, 3, '2019-12-18 01:31:05'),
(4, 3, 17, '2019-12-18 01:31:05'),
(1, -2, 13, '2019-12-18 01:31:07'),
(2, 9, 3, '2019-12-18 01:31:07'),
(3, 9, 2, '2019-12-18 01:31:07'),
(4, 1, 16, '2019-12-18 01:31:07'),
(1, 1, 11, '2019-12-18 01:31:09'),
(2, -6, 11, '2019-12-18 01:31:09'),
(3, -4, 11, '2019-12-18 01:31:09'),
(4, 3, 11, '2019-12-18 01:31:09'),
(1, -8, 10, '2019-12-18 01:31:12'),
(2, -3, 3, '2019-12-18 01:31:12'),
(3, 6, 3, '2019-12-18 01:31:12'),
(4, 7, 7, '2019-12-18 01:31:12'),
(1, -3, 0, '2019-12-18 01:31:14'),
(2, -8, -4, '2019-12-18 01:31:14'),
(3, 7, -4, '2019-12-18 01:31:14'),
(4, -10, -6, '2019-12-18 01:31:14'),
(1, -4, 6, '2019-12-18 01:31:16'),
(2, 1, -1, '2019-12-18 01:31:16'),
(3, -3, -4, '2019-12-18 01:31:16'),
(4, -5, 14, '2019-12-18 01:31:16'),
(1, 3, -6, '2019-12-18 01:31:18'),
(2, 9, -3, '2019-12-18 01:31:18'),
(3, 2, -7, '2019-12-18 01:31:18'),
(4, 7, 6, '2019-12-18 01:31:18'),
(1, -7, 4, '2019-12-18 01:31:21'),
(2, -7, -6, '2019-12-18 01:31:21'),
(3, -2, -1, '2019-12-18 01:31:21'),
(4, -5, 13, '2019-12-18 01:31:21'),
(1, 9, 0, '2019-12-18 01:31:23'),
(2, -4, -2, '2019-12-18 01:31:23'),
(3, -2, 13, '2019-12-18 01:31:23'),
(4, 2, -6, '2019-12-18 01:31:23'),
(1, -2, 1, '2019-12-18 01:31:25'),
(2, 8, 18, '2019-12-18 01:31:25'),
(3, -10, -5, '2019-12-18 01:31:25'),
(4, 7, 5, '2019-12-18 01:31:25'),
(1, 9, -5, '2019-12-18 01:31:28'),
(2, 0, 7, '2019-12-18 01:31:28'),
(3, 8, 19, '2019-12-18 01:31:28'),
(4, -2, 6, '2019-12-18 01:31:28'),
(1, 5, 2, '2019-12-18 01:31:30'),
(2, 10, 8, '2019-12-18 01:31:30'),
(3, 7, 14, '2019-12-18 01:31:30'),
(4, 2, 14, '2019-12-18 01:31:30'),
(1, 0, 3, '2019-12-18 01:31:32'),
(2, 4, 4, '2019-12-18 01:31:32'),
(3, 8, 9, '2019-12-18 01:31:32'),
(4, -2, 2, '2019-12-18 01:31:32'),
(1, -6, 16, '2019-12-18 01:31:34'),
(2, -1, -7, '2019-12-18 01:31:34'),
(3, -6, 10, '2019-12-18 01:31:34'),
(4, -5, -6, '2019-12-18 01:31:34'),
(1, 6, 4, '2019-12-18 01:31:37'),
(2, 1, -9, '2019-12-18 01:31:37'),
(3, -6, 8, '2019-12-18 01:31:37'),
(4, 5, -3, '2019-12-18 01:31:37'),
(1, 2, -2, '2019-12-18 01:31:39'),
(2, 10, -8, '2019-12-18 01:31:39'),
(3, 5, -9, '2019-12-18 01:31:39'),
(4, 7, -7, '2019-12-18 01:31:39'),
(1, -1, 11, '2019-12-18 01:31:41'),
(2, -1, 16, '2019-12-18 01:31:41'),
(3, 8, 6, '2019-12-18 01:31:41'),
(4, 1, 3, '2019-12-18 01:31:41'),
(1, -9, 16, '2019-12-18 01:31:44'),
(2, 0, -8, '2019-12-18 01:31:44'),
(3, -10, 10, '2019-12-18 01:31:44'),
(4, -4, 11, '2019-12-18 01:31:44'),
(1, 0, 2, '2019-12-18 01:31:46'),
(2, 8, 4, '2019-12-18 01:31:46'),
(3, 4, 14, '2019-12-18 01:31:46'),
(4, 8, 8, '2019-12-18 01:31:46'),
(1, -4, 13, '2019-12-18 01:31:48'),
(2, -4, 14, '2019-12-18 01:31:48'),
(3, -3, 18, '2019-12-18 01:31:48'),
(4, -5, -5, '2019-12-18 01:31:48'),
(1, 4, 8, '2019-12-18 01:31:50'),
(2, 3, -2, '2019-12-18 01:31:50'),
(3, 8, -2, '2019-12-18 01:31:50'),
(4, -10, 6, '2019-12-18 01:31:50'),
(1, 10, -1, '2019-12-18 01:31:53'),
(2, 6, -1, '2019-12-18 01:31:53'),
(3, -1, 7, '2019-12-18 01:31:53'),
(4, -7, 15, '2019-12-18 01:31:53'),
(1, -6, 13, '2019-12-18 01:31:55'),
(2, -7, -2, '2019-12-18 01:31:55'),
(3, 7, 17, '2019-12-18 01:31:55'),
(4, -3, -9, '2019-12-18 01:31:55'),
(1, -2, -5, '2019-12-18 01:31:57'),
(2, -10, -9, '2019-12-18 01:31:57'),
(3, -7, 6, '2019-12-18 01:31:57'),
(4, -6, 20, '2019-12-18 01:31:57'),
(1, 1, 1, '2019-12-18 01:32:00'),
(2, 8, 11, '2019-12-18 01:32:00'),
(3, -8, 15, '2019-12-18 01:32:00'),
(4, 8, 12, '2019-12-18 01:32:00'),
(1, -10, 18, '2019-12-18 01:32:02'),
(2, -10, 14, '2019-12-18 01:32:02'),
(3, 2, -3, '2019-12-18 01:32:02'),
(4, -2, -4, '2019-12-18 01:32:02'),
(1, -6, -9, '2019-12-18 01:32:04'),
(2, 5, 15, '2019-12-18 01:32:04'),
(3, -10, 3, '2019-12-18 01:32:04'),
(4, -1, 9, '2019-12-18 01:32:04'),
(1, 1, 12, '2019-12-18 01:32:06'),
(2, 8, 5, '2019-12-18 01:32:06'),
(3, 8, -1, '2019-12-18 01:32:06'),
(4, -10, 3, '2019-12-18 01:32:06'),
(1, -1, 7, '2019-12-18 01:32:09'),
(2, -2, -6, '2019-12-18 01:32:09'),
(3, 5, -2, '2019-12-18 01:32:09'),
(4, -4, 16, '2019-12-18 01:32:09'),
(1, -8, -2, '2019-12-18 01:32:11'),
(2, -6, -1, '2019-12-18 01:32:11'),
(3, 7, 2, '2019-12-18 01:32:11'),
(4, 0, 17, '2019-12-18 01:32:11'),
(1, 2, 3, '2019-12-18 01:32:13'),
(2, -7, 11, '2019-12-18 01:32:13'),
(3, -5, 11, '2019-12-18 01:32:13'),
(4, 5, 20, '2019-12-18 01:32:13'),
(1, 10, 20, '2019-12-18 01:32:15'),
(2, -7, 19, '2019-12-18 01:32:15'),
(3, 10, -6, '2019-12-18 01:32:15'),
(4, 10, 2, '2019-12-18 01:32:15');

-- --------------------------------------------------------

--
-- Table structure for table `tbl_schedules`
--

CREATE TABLE `tbl_schedules` (
  `scheduleID` int(11) NOT NULL,
  `scheduleDate` date DEFAULT NULL,
  `scheduleTime` time NOT NULL,
  `scheduleApplianceID` tinyint(1) NOT NULL,
  `scheduleAction` tinyint(1) NOT NULL,
  `scheduleRepeat` varchar(7) DEFAULT NULL
) ENGINE=InnoDB DEFAULT CHARSET=latin1;

--
-- Dumping data for table `tbl_schedules`
--

INSERT INTO `tbl_schedules` (`scheduleID`, `scheduleDate`, `scheduleTime`, `scheduleApplianceID`, `scheduleAction`, `scheduleRepeat`) VALUES
(41, NULL, '10:18:00', 4, 0, '0110010'),
(43, '2019-10-21', '10:18:00', 1, 1, NULL);

-- --------------------------------------------------------

--
-- Table structure for table `tbl_users`
--

CREATE TABLE `tbl_users` (
  `userID` int(2) NOT NULL,
  `userName` varchar(20) NOT NULL,
  `userPass` varchar(20) NOT NULL,
  `userProf` varchar(20) NOT NULL,
  `userType` tinyint(4) NOT NULL,
  `userFirstName` varchar(50) NOT NULL,
  `userLastName` varchar(50) NOT NULL,
  `userPhoneNumber` varchar(13) DEFAULT NULL
) ENGINE=InnoDB DEFAULT CHARSET=latin1;

--
-- Dumping data for table `tbl_users`
--

INSERT INTO `tbl_users` (`userID`, `userName`, `userPass`, `userProf`, `userType`, `userFirstName`, `userLastName`, `userPhoneNumber`) VALUES
(0, 'abay', 'abay', '', 0, 'Ian Joseph', 'Solon', '9956139395'),
(1, 'znarf', 'znarf', '', 1, 'Franz Dink', 'Catalan', '9999999999');

--
-- Indexes for dumped tables
--

--
-- Indexes for table `tbl_appliances`
--
ALTER TABLE `tbl_appliances`
  ADD PRIMARY KEY (`applianceID`),
  ADD UNIQUE KEY `UK_applianceName` (`applianceName`);

--
-- Indexes for table `tbl_logs`
--
ALTER TABLE `tbl_logs`
  ADD PRIMARY KEY (`logID`);

--
-- Indexes for table `tbl_schedules`
--
ALTER TABLE `tbl_schedules`
  ADD PRIMARY KEY (`scheduleID`),
  ADD KEY `FK_applianceID` (`scheduleApplianceID`);

--
-- Indexes for table `tbl_users`
--
ALTER TABLE `tbl_users`
  ADD PRIMARY KEY (`userID`);

--
-- AUTO_INCREMENT for dumped tables
--

--
-- AUTO_INCREMENT for table `tbl_appliances`
--
ALTER TABLE `tbl_appliances`
  MODIFY `applianceID` tinyint(1) NOT NULL AUTO_INCREMENT, AUTO_INCREMENT=6;

--
-- AUTO_INCREMENT for table `tbl_logs`
--
ALTER TABLE `tbl_logs`
  MODIFY `logID` int(100) NOT NULL AUTO_INCREMENT, AUTO_INCREMENT=5;

--
-- AUTO_INCREMENT for table `tbl_schedules`
--
ALTER TABLE `tbl_schedules`
  MODIFY `scheduleID` int(11) NOT NULL AUTO_INCREMENT, AUTO_INCREMENT=44;

--
-- AUTO_INCREMENT for table `tbl_users`
--
ALTER TABLE `tbl_users`
  MODIFY `userID` int(2) NOT NULL AUTO_INCREMENT, AUTO_INCREMENT=3;

--
-- Constraints for dumped tables
--

--
-- Constraints for table `tbl_schedules`
--
ALTER TABLE `tbl_schedules`
  ADD CONSTRAINT `FK_applianceID` FOREIGN KEY (`scheduleApplianceID`) REFERENCES `tbl_appliances` (`applianceID`);
COMMIT;

/*!40101 SET CHARACTER_SET_CLIENT=@OLD_CHARACTER_SET_CLIENT */;
/*!40101 SET CHARACTER_SET_RESULTS=@OLD_CHARACTER_SET_RESULTS */;
/*!40101 SET COLLATION_CONNECTION=@OLD_COLLATION_CONNECTION */;
