-- phpMyAdmin SQL Dump
-- version 4.6.6deb5
-- https://www.phpmyadmin.net/
--
-- Host: localhost:3306
-- Generation Time: Feb 06, 2020 at 11:49 PM
-- Server version: 10.3.15-MariaDB-1
-- PHP Version: 7.3.4-2

SET SQL_MODE = "NO_AUTO_VALUE_ON_ZERO";
SET time_zone = "+00:00";


/*!40101 SET @OLD_CHARACTER_SET_CLIENT=@@CHARACTER_SET_CLIENT */;
/*!40101 SET @OLD_CHARACTER_SET_RESULTS=@@CHARACTER_SET_RESULTS */;
/*!40101 SET @OLD_COLLATION_CONNECTION=@@COLLATION_CONNECTION */;
/*!40101 SET NAMES utf8mb4 */;

--
-- Database: `homeautomation`
--

-- --------------------------------------------------------

--
-- Table structure for table `tbl_appliances`
--

CREATE TABLE `tbl_appliances` (
  `applianceID` tinyint(1) NOT NULL,
  `applianceName` varchar(20) DEFAULT NULL,
  `applianceRating` decimal(6,2) DEFAULT NULL,
  `applianceStatus` tinyint(1) NOT NULL,
  `applianceOutputPin` smallint(2) NOT NULL,
  `applianceInputPin` tinyint(4) NOT NULL
) ENGINE=InnoDB DEFAULT CHARSET=latin1;

--
-- Dumping data for table `tbl_appliances`
--

INSERT INTO `tbl_appliances` (`applianceID`, `applianceName`, `applianceRating`, `applianceStatus`, `applianceOutputPin`, `applianceInputPin`) VALUES
(1, 'aw', NULL, 0, 40, 37),
(2, 'www', '0.00', 0, 38, 35),
(3, 'port3', '0.00', 0, 36, 33),
(4, 'port4', '0.00', 0, 32, 31);

-- --------------------------------------------------------

--
-- Table structure for table `tbl_logs`
--

CREATE TABLE `tbl_logs` (
  `logID` int(100) NOT NULL,
  `logDateTime` datetime NOT NULL,
  `logAppliance` varchar(20) NOT NULL,
  `logAction` tinyint(1) NOT NULL,
  `logVia` tinyint(1) NOT NULL,
  `logUser` smallint(5) NOT NULL
) ENGINE=InnoDB DEFAULT CHARSET=latin1;

--
-- Dumping data for table `tbl_logs`
--

INSERT INTO `tbl_logs` (`logID`, `logDateTime`, `logAppliance`, `logAction`, `logVia`, `logUser`) VALUES
(1, '2020-02-07 12:08:48', 'aw', 0, 0, 0),
(2, '2020-02-07 12:15:00', 'aw', 1, 2, 1),
(3, '2020-02-07 12:16:00', 'aw', 0, 2, 1),
(4, '2020-02-07 12:20:00', 'aw', 1, 2, 1),
(5, '2020-02-07 12:21:00', 'aw', 0, 2, 1),
(6, '2020-02-07 12:26:00', 'aw', 1, 2, 1),
(7, '2020-02-07 12:27:00', 'aw', 0, 2, 1),
(8, '2020-02-07 13:24:00', 'aw', 0, 2, 1),
(9, '2020-02-07 13:25:00', 'aw', 0, 2, 1),
(10, '2020-02-07 13:27:00', 'aw', 1, 2, 1),
(11, '2020-02-07 13:42:19', 'aw', 0, 0, 0),
(12, '2020-02-07 13:43:00', 'aw', 1, 2, 1),
(13, '2020-02-07 13:44:00', 'aw', 0, 2, 1),
(14, '2020-02-07 13:45:39', 'port4', 1, 1, 1),
(15, '2020-02-07 13:45:42', 'port3', 1, 1, 1),
(16, '2020-02-07 13:45:45', 'port3', 0, 1, 1),
(17, '2020-02-07 13:45:47', 'www', 1, 1, 1),
(18, '2020-02-07 13:45:52', 'www', 0, 1, 1),
(19, '2020-02-07 13:45:53', 'aw', 1, 1, 1),
(20, '2020-02-07 13:45:56', 'aw', 0, 1, 1),
(21, '2020-02-07 13:46:03', 'aw', 1, 1, 1),
(22, '2020-02-07 13:46:04', 'www', 1, 1, 1),
(23, '2020-02-07 13:46:06', 'www', 0, 1, 1),
(24, '2020-02-07 13:46:09', 'aw', 0, 1, 1),
(25, '2020-02-07 13:46:12', 'port4', 0, 1, 1),
(26, '2020-02-07 13:46:20', 'port4', 1, 1, 1),
(27, '2020-02-07 13:46:23', 'port4', 0, 1, 1),
(28, '2020-02-07 13:50:00', 'aw', 1, 2, 1),
(29, '2020-02-07 13:50:00', 'aw', 1, 2, 1),
(30, '2020-02-07 13:50:00', 'aw', 1, 2, 1),
(31, '2020-02-07 13:50:00', 'aw', 1, 2, 1),
(32, '2020-02-07 13:50:00', 'aw', 1, 2, 1),
(33, '2020-02-07 13:50:00', 'aw', 1, 2, 1),
(34, '2020-02-07 13:50:00', 'aw', 1, 2, 1),
(35, '2020-02-07 13:50:00', 'aw', 1, 2, 1),
(36, '2020-02-07 13:50:00', 'aw', 1, 2, 1),
(37, '2020-02-07 13:50:00', 'aw', 1, 2, 1),
(38, '2020-02-07 13:50:00', 'aw', 1, 2, 1),
(39, '2020-02-07 13:50:00', 'aw', 1, 2, 1),
(40, '2020-02-07 13:50:00', 'aw', 1, 2, 1),
(41, '2020-02-07 13:50:00', 'aw', 1, 2, 1),
(42, '2020-02-07 13:50:00', 'aw', 1, 2, 1),
(43, '2020-02-07 13:50:00', 'aw', 1, 2, 1),
(44, '2020-02-07 13:50:00', 'aw', 1, 2, 1),
(45, '2020-02-07 13:50:00', 'aw', 1, 2, 1),
(46, '2020-02-07 13:50:00', 'aw', 1, 2, 1),
(47, '2020-02-07 13:50:00', 'aw', 1, 2, 1),
(48, '2020-02-07 13:50:00', 'aw', 1, 2, 1),
(49, '2020-02-07 13:50:00', 'aw', 1, 2, 1),
(50, '2020-02-07 13:50:00', 'aw', 1, 2, 1),
(51, '2020-02-07 13:50:00', 'aw', 1, 2, 1),
(52, '2020-02-07 13:50:00', 'aw', 1, 2, 1),
(53, '2020-02-07 13:50:00', 'aw', 1, 2, 1),
(54, '2020-02-07 13:50:00', 'aw', 1, 2, 1),
(55, '2020-02-07 13:50:00', 'aw', 1, 2, 1),
(56, '2020-02-07 13:50:00', 'aw', 1, 2, 1),
(57, '2020-02-07 13:50:00', 'aw', 1, 2, 1),
(58, '2020-02-07 13:50:00', 'aw', 1, 2, 1),
(59, '2020-02-07 13:50:00', 'aw', 1, 2, 1),
(60, '2020-02-07 13:50:00', 'aw', 1, 2, 1),
(61, '2020-02-07 13:50:00', 'aw', 1, 2, 1),
(62, '2020-02-07 13:50:00', 'aw', 1, 2, 1),
(63, '2020-02-07 13:50:00', 'aw', 1, 2, 1),
(64, '2020-02-07 13:50:00', 'aw', 1, 2, 1),
(65, '2020-02-07 13:50:00', 'aw', 1, 2, 1),
(66, '2020-02-07 13:50:00', 'aw', 1, 2, 1),
(67, '2020-02-07 13:50:00', 'aw', 1, 2, 1),
(68, '2020-02-07 13:50:00', 'aw', 1, 2, 1),
(69, '2020-02-07 13:50:00', 'aw', 1, 2, 1),
(70, '2020-02-07 13:50:00', 'aw', 1, 2, 1),
(71, '2020-02-07 13:50:00', 'aw', 1, 2, 1),
(72, '2020-02-07 13:50:00', 'aw', 1, 2, 1),
(73, '2020-02-07 13:50:00', 'aw', 1, 2, 1),
(74, '2020-02-07 13:50:00', 'aw', 1, 2, 1),
(75, '2020-02-07 13:50:00', 'aw', 1, 2, 1),
(76, '2020-02-07 13:50:00', 'aw', 1, 2, 1),
(77, '2020-02-07 13:50:00', 'aw', 1, 2, 1),
(78, '2020-02-07 13:50:00', 'aw', 1, 2, 1),
(79, '2020-02-07 13:50:00', 'aw', 1, 2, 1),
(80, '2020-02-07 13:50:00', 'aw', 1, 2, 1),
(81, '2020-02-07 13:50:00', 'aw', 1, 2, 1),
(82, '2020-02-07 13:50:00', 'aw', 1, 2, 1),
(83, '2020-02-07 13:50:00', 'aw', 1, 2, 1),
(84, '2020-02-07 13:50:00', 'aw', 1, 2, 1),
(85, '2020-02-07 13:50:00', 'aw', 1, 2, 1),
(86, '2020-02-07 13:50:00', 'aw', 1, 2, 1),
(87, '2020-02-07 13:50:00', 'aw', 1, 2, 1),
(88, '2020-02-07 13:50:00', 'aw', 1, 2, 1),
(89, '2020-02-07 13:50:00', 'aw', 1, 2, 1),
(90, '2020-02-07 13:50:00', 'aw', 1, 2, 1),
(91, '2020-02-07 13:50:00', 'aw', 1, 2, 1),
(92, '2020-02-07 13:50:00', 'aw', 1, 2, 1),
(93, '2020-02-07 13:50:00', 'aw', 1, 2, 1),
(94, '2020-02-07 13:50:00', 'aw', 1, 2, 1),
(95, '2020-02-07 13:50:00', 'aw', 1, 2, 1),
(96, '2020-02-07 13:50:00', 'aw', 1, 2, 1),
(97, '2020-02-07 13:50:00', 'aw', 1, 2, 1),
(98, '2020-02-07 13:50:00', 'aw', 1, 2, 1),
(99, '2020-02-07 13:50:00', 'aw', 1, 2, 1),
(100, '2020-02-07 13:50:00', 'aw', 1, 2, 1),
(101, '2020-02-07 13:50:00', 'aw', 1, 2, 1),
(102, '2020-02-07 13:50:00', 'aw', 1, 2, 1),
(103, '2020-02-07 13:50:00', 'aw', 1, 2, 1),
(104, '2020-02-07 13:50:00', 'aw', 1, 2, 1),
(105, '2020-02-07 13:50:00', 'aw', 1, 2, 1),
(106, '2020-02-07 13:50:00', 'aw', 1, 2, 1),
(107, '2020-02-07 13:50:00', 'aw', 1, 2, 1),
(108, '2020-02-07 13:50:00', 'aw', 1, 2, 1),
(109, '2020-02-07 13:50:00', 'aw', 1, 2, 1),
(110, '2020-02-07 13:50:00', 'aw', 1, 2, 1),
(111, '2020-02-07 13:50:00', 'aw', 1, 2, 1),
(112, '2020-02-07 13:50:00', 'aw', 1, 2, 1),
(113, '2020-02-07 13:50:00', 'aw', 1, 2, 1),
(114, '2020-02-07 13:50:00', 'aw', 1, 2, 1),
(115, '2020-02-07 13:50:00', 'aw', 1, 2, 1),
(116, '2020-02-07 13:50:00', 'aw', 1, 2, 1),
(117, '2020-02-07 13:50:00', 'aw', 1, 2, 1),
(118, '2020-02-07 13:50:00', 'aw', 1, 2, 1),
(119, '2020-02-07 13:50:00', 'aw', 1, 2, 1),
(120, '2020-02-07 13:50:00', 'aw', 1, 2, 1),
(121, '2020-02-07 13:50:00', 'aw', 1, 2, 1),
(122, '2020-02-07 13:50:00', 'aw', 1, 2, 1),
(123, '2020-02-07 13:50:00', 'aw', 1, 2, 1),
(124, '2020-02-07 13:50:00', 'aw', 1, 2, 1),
(125, '2020-02-07 13:50:00', 'aw', 1, 2, 1),
(126, '2020-02-07 13:50:00', 'aw', 1, 2, 1),
(127, '2020-02-07 13:50:00', 'aw', 1, 2, 1),
(128, '2020-02-07 13:50:00', 'aw', 1, 2, 1),
(129, '2020-02-07 13:50:00', 'aw', 1, 2, 1),
(130, '2020-02-07 13:50:00', 'aw', 1, 2, 1),
(131, '2020-02-07 13:50:00', 'aw', 1, 2, 1),
(132, '2020-02-07 13:50:00', 'aw', 1, 2, 1),
(133, '2020-02-07 13:50:00', 'aw', 1, 2, 1),
(134, '2020-02-07 13:50:00', 'aw', 1, 2, 1),
(135, '2020-02-07 13:50:00', 'aw', 1, 2, 1),
(136, '2020-02-07 13:50:00', 'aw', 1, 2, 1),
(137, '2020-02-07 13:50:00', 'aw', 1, 2, 1),
(138, '2020-02-07 13:50:00', 'aw', 1, 2, 1),
(139, '2020-02-07 13:50:00', 'aw', 1, 2, 1),
(140, '2020-02-07 13:50:00', 'aw', 1, 2, 1),
(141, '2020-02-07 13:50:00', 'aw', 1, 2, 1),
(142, '2020-02-07 13:50:00', 'aw', 1, 2, 1),
(143, '2020-02-07 13:50:00', 'aw', 1, 2, 1),
(144, '2020-02-07 13:50:00', 'aw', 1, 2, 1),
(145, '2020-02-07 13:50:00', 'aw', 1, 2, 1),
(146, '2020-02-07 13:50:00', 'aw', 1, 2, 1),
(147, '2020-02-07 13:50:00', 'aw', 1, 2, 1),
(148, '2020-02-07 13:50:00', 'aw', 1, 2, 1),
(149, '2020-02-07 13:50:00', 'aw', 1, 2, 1),
(150, '2020-02-07 13:50:00', 'aw', 1, 2, 1),
(151, '2020-02-07 13:50:00', 'aw', 1, 2, 1),
(152, '2020-02-07 13:50:00', 'aw', 1, 2, 1),
(153, '2020-02-07 13:50:00', 'aw', 1, 2, 1),
(154, '2020-02-07 13:50:00', 'aw', 1, 2, 1),
(155, '2020-02-07 13:50:00', 'aw', 1, 2, 1),
(156, '2020-02-07 13:50:00', 'aw', 1, 2, 1),
(157, '2020-02-07 13:50:00', 'aw', 1, 2, 1),
(158, '2020-02-07 13:50:00', 'aw', 1, 2, 1),
(159, '2020-02-07 13:50:00', 'aw', 1, 2, 1),
(160, '2020-02-07 13:50:00', 'aw', 1, 2, 1),
(161, '2020-02-07 13:50:00', 'aw', 1, 2, 1),
(162, '2020-02-07 13:50:00', 'aw', 1, 2, 1),
(163, '2020-02-07 13:50:00', 'aw', 1, 2, 1),
(164, '2020-02-07 13:50:00', 'aw', 1, 2, 1),
(165, '2020-02-07 13:50:00', 'aw', 1, 2, 1),
(166, '2020-02-07 13:50:00', 'aw', 1, 2, 1),
(167, '2020-02-07 13:50:00', 'aw', 1, 2, 1),
(168, '2020-02-07 13:50:00', 'aw', 1, 2, 1),
(169, '2020-02-07 13:50:00', 'aw', 1, 2, 1),
(170, '2020-02-07 13:50:00', 'aw', 1, 2, 1),
(171, '2020-02-07 13:50:00', 'aw', 1, 2, 1),
(172, '2020-02-07 13:50:00', 'aw', 1, 2, 1),
(173, '2020-02-07 13:50:00', 'aw', 1, 2, 1),
(174, '2020-02-07 13:50:00', 'aw', 1, 2, 1),
(175, '2020-02-07 13:50:00', 'aw', 1, 2, 1),
(176, '2020-02-07 13:50:00', 'aw', 1, 2, 1),
(177, '2020-02-07 13:50:00', 'aw', 1, 2, 1),
(178, '2020-02-07 13:50:00', 'aw', 1, 2, 1),
(179, '2020-02-07 13:50:00', 'aw', 1, 2, 1),
(180, '2020-02-07 13:50:00', 'aw', 1, 2, 1),
(181, '2020-02-07 13:50:00', 'aw', 1, 2, 1),
(182, '2020-02-07 13:50:00', 'aw', 1, 2, 1),
(183, '2020-02-07 13:50:00', 'aw', 1, 2, 1),
(184, '2020-02-07 13:50:00', 'aw', 1, 2, 1),
(185, '2020-02-07 13:50:00', 'aw', 1, 2, 1),
(186, '2020-02-07 13:50:00', 'aw', 1, 2, 1),
(187, '2020-02-07 13:50:00', 'aw', 1, 2, 1),
(188, '2020-02-07 13:50:00', 'aw', 1, 2, 1),
(189, '2020-02-07 13:50:00', 'aw', 1, 2, 1),
(190, '2020-02-07 13:50:00', 'aw', 1, 2, 1),
(191, '2020-02-07 13:50:00', 'aw', 1, 2, 1),
(192, '2020-02-07 13:50:00', 'aw', 1, 2, 1),
(193, '2020-02-07 13:50:00', 'aw', 1, 2, 1),
(194, '2020-02-07 13:50:00', 'aw', 1, 2, 1),
(195, '2020-02-07 13:50:00', 'aw', 1, 2, 1),
(196, '2020-02-07 13:50:00', 'aw', 1, 2, 1),
(197, '2020-02-07 13:50:00', 'aw', 1, 2, 1),
(198, '2020-02-07 13:50:00', 'aw', 1, 2, 1),
(199, '2020-02-07 13:50:00', 'aw', 1, 2, 1),
(200, '2020-02-07 13:50:00', 'aw', 1, 2, 1),
(201, '2020-02-07 13:50:00', 'aw', 1, 2, 1),
(202, '2020-02-07 13:50:00', 'aw', 1, 2, 1),
(203, '2020-02-07 13:50:00', 'aw', 1, 2, 1),
(204, '2020-02-07 13:50:00', 'aw', 1, 2, 1),
(205, '2020-02-07 13:50:00', 'aw', 1, 2, 1),
(206, '2020-02-07 13:50:00', 'aw', 1, 2, 1),
(207, '2020-02-07 13:50:00', 'aw', 1, 2, 1),
(208, '2020-02-07 13:50:00', 'aw', 1, 2, 1),
(209, '2020-02-07 13:50:00', 'aw', 1, 2, 1),
(210, '2020-02-07 13:50:00', 'aw', 1, 2, 1),
(211, '2020-02-07 13:50:00', 'aw', 1, 2, 1),
(212, '2020-02-07 13:50:00', 'aw', 1, 2, 1),
(213, '2020-02-07 13:50:00', 'aw', 1, 2, 1),
(214, '2020-02-07 13:50:00', 'aw', 1, 2, 1),
(215, '2020-02-07 13:50:00', 'aw', 1, 2, 1),
(216, '2020-02-07 13:50:00', 'aw', 1, 2, 1),
(217, '2020-02-07 13:50:00', 'aw', 1, 2, 1),
(218, '2020-02-07 13:50:00', 'aw', 1, 2, 1),
(219, '2020-02-07 13:50:00', 'aw', 1, 2, 1),
(220, '2020-02-07 13:50:00', 'aw', 1, 2, 1),
(221, '2020-02-07 13:50:00', 'aw', 1, 2, 1),
(222, '2020-02-07 13:50:00', 'aw', 1, 2, 1),
(223, '2020-02-07 13:50:00', 'aw', 1, 2, 1),
(224, '2020-02-07 13:50:00', 'aw', 1, 2, 1),
(225, '2020-02-07 13:50:00', 'aw', 1, 2, 1),
(226, '2020-02-07 13:50:00', 'aw', 1, 2, 1),
(227, '2020-02-07 13:50:00', 'aw', 1, 2, 1),
(228, '2020-02-07 13:50:00', 'aw', 1, 2, 1),
(229, '2020-02-07 13:50:00', 'aw', 1, 2, 1),
(230, '2020-02-07 13:50:00', 'aw', 1, 2, 1),
(231, '2020-02-07 13:50:00', 'aw', 1, 2, 1),
(232, '2020-02-07 13:50:00', 'aw', 1, 2, 1),
(233, '2020-02-07 13:50:00', 'aw', 1, 2, 1),
(234, '2020-02-07 13:50:00', 'aw', 1, 2, 1),
(235, '2020-02-07 13:53:00', 'aw', 0, 2, 1),
(236, '2020-02-07 13:53:00', 'aw', 0, 2, 1),
(237, '2020-02-07 13:53:00', 'aw', 0, 2, 1),
(238, '2020-02-07 13:53:00', 'aw', 0, 2, 1),
(239, '2020-02-07 13:53:00', 'aw', 0, 2, 1),
(240, '2020-02-07 13:53:00', 'aw', 0, 2, 1),
(241, '2020-02-07 13:53:00', 'aw', 0, 2, 1),
(242, '2020-02-07 13:53:00', 'aw', 0, 2, 1),
(243, '2020-02-07 13:53:00', 'aw', 0, 2, 1),
(244, '2020-02-07 13:53:00', 'aw', 0, 2, 1),
(245, '2020-02-07 13:53:00', 'aw', 0, 2, 1),
(246, '2020-02-07 13:53:00', 'aw', 0, 2, 1),
(247, '2020-02-07 13:53:00', 'aw', 0, 2, 1),
(248, '2020-02-07 13:53:00', 'aw', 0, 2, 1),
(249, '2020-02-07 13:53:00', 'aw', 0, 2, 1),
(250, '2020-02-07 13:53:00', 'aw', 0, 2, 1),
(251, '2020-02-07 13:53:00', 'aw', 0, 2, 1),
(252, '2020-02-07 13:53:00', 'aw', 0, 2, 1),
(253, '2020-02-07 13:53:00', 'aw', 0, 2, 1),
(254, '2020-02-07 13:53:00', 'aw', 0, 2, 1),
(255, '2020-02-07 13:53:00', 'aw', 0, 2, 1),
(256, '2020-02-07 13:53:00', 'aw', 0, 2, 1),
(257, '2020-02-07 13:53:00', 'aw', 0, 2, 1),
(258, '2020-02-07 13:53:00', 'aw', 0, 2, 1),
(259, '2020-02-07 13:53:00', 'aw', 0, 2, 1),
(260, '2020-02-07 13:53:00', 'aw', 0, 2, 1),
(261, '2020-02-07 13:53:00', 'aw', 0, 2, 1),
(262, '2020-02-07 13:53:00', 'aw', 0, 2, 1),
(263, '2020-02-07 13:53:00', 'aw', 0, 2, 1),
(264, '2020-02-07 13:53:00', 'aw', 0, 2, 1),
(265, '2020-02-07 13:53:00', 'aw', 0, 2, 1),
(266, '2020-02-07 13:53:00', 'aw', 0, 2, 1),
(267, '2020-02-07 13:53:00', 'aw', 0, 2, 1),
(268, '2020-02-07 13:53:00', 'aw', 0, 2, 1),
(269, '2020-02-07 13:53:00', 'aw', 0, 2, 1),
(270, '2020-02-07 13:53:00', 'aw', 0, 2, 1),
(271, '2020-02-07 13:53:00', 'aw', 0, 2, 1),
(272, '2020-02-07 13:53:00', 'aw', 0, 2, 1),
(273, '2020-02-07 13:53:00', 'aw', 0, 2, 1),
(274, '2020-02-07 13:53:00', 'aw', 0, 2, 1),
(275, '2020-02-07 13:53:00', 'aw', 0, 2, 1),
(276, '2020-02-07 13:53:00', 'aw', 0, 2, 1),
(277, '2020-02-07 13:53:00', 'aw', 0, 2, 1),
(278, '2020-02-07 13:53:00', 'aw', 0, 2, 1),
(279, '2020-02-07 13:53:00', 'aw', 0, 2, 1),
(280, '2020-02-07 13:53:00', 'aw', 0, 2, 1),
(281, '2020-02-07 13:53:00', 'aw', 0, 2, 1),
(282, '2020-02-07 13:53:00', 'aw', 0, 2, 1),
(283, '2020-02-07 13:53:00', 'aw', 0, 2, 1),
(284, '2020-02-07 13:53:00', 'aw', 0, 2, 1),
(285, '2020-02-07 13:53:00', 'aw', 0, 2, 1),
(286, '2020-02-07 13:53:00', 'aw', 0, 2, 1),
(287, '2020-02-07 13:53:00', 'aw', 0, 2, 1),
(288, '2020-02-07 13:53:00', 'aw', 0, 2, 1),
(289, '2020-02-07 14:25:06', 'aw', 1, 0, 0),
(290, '2020-02-07 14:25:11', 'aw', 0, 0, 0),
(291, '2020-02-07 14:25:27', 'aw', 1, 0, 0),
(292, '2020-02-07 14:25:35', 'aw', 0, 0, 0),
(293, '2020-02-07 14:25:56', 'aw', 1, 0, 0),
(294, '2020-02-07 14:25:58', 'www', 1, 0, 0),
(295, '2020-02-07 14:26:01', 'port3', 1, 0, 0),
(296, '2020-02-07 14:26:04', 'port4', 1, 0, 0),
(297, '2020-02-07 14:26:08', 'port4', 0, 0, 0),
(298, '2020-02-07 14:26:09', 'port3', 0, 0, 0),
(299, '2020-02-07 14:26:10', 'www', 0, 0, 0),
(300, '2020-02-07 14:26:11', 'aw', 0, 0, 0),
(301, '2020-02-07 14:27:20', 'aw', 1, 0, 0),
(302, '2020-02-07 14:27:24', 'aw', 0, 0, 0),
(303, '2020-02-07 14:27:42', 'port4', 1, 1, 1),
(304, '2020-02-07 14:27:43', 'port3', 1, 1, 1),
(305, '2020-02-07 14:27:43', 'www', 1, 1, 1),
(306, '2020-02-07 14:27:44', 'aw', 1, 1, 1),
(307, '2020-02-07 14:27:46', 'port4', 0, 1, 1),
(308, '2020-02-07 14:27:47', 'port3', 0, 1, 1),
(309, '2020-02-07 14:27:48', 'www', 0, 1, 1),
(310, '2020-02-07 14:27:50', 'aw', 0, 1, 1),
(311, '2020-02-07 14:27:51', 'port4', 1, 1, 1),
(312, '2020-02-07 14:27:52', 'aw', 1, 1, 1),
(313, '2020-02-07 14:27:53', 'www', 1, 1, 1),
(314, '2020-02-07 14:27:54', 'port3', 1, 1, 1),
(315, '2020-02-07 14:27:57', 'aw', 0, 1, 1),
(316, '2020-02-07 14:27:58', 'www', 0, 1, 1),
(317, '2020-02-07 14:27:59', 'port3', 0, 1, 1),
(318, '2020-02-07 14:27:59', 'port4', 0, 1, 1),
(319, '2020-02-07 14:28:05', 'port3', 1, 1, 1),
(320, '2020-02-07 14:28:10', 'port3', 0, 1, 1),
(321, '2020-02-07 14:31:22', 'port4', 1, 1, 1),
(322, '2020-02-07 14:31:24', 'port3', 1, 1, 1),
(323, '2020-02-07 14:31:24', 'aw', 1, 1, 1),
(324, '2020-02-07 14:31:24', 'www', 1, 1, 1),
(325, '2020-02-07 14:31:25', 'port4', 0, 1, 1),
(326, '2020-02-07 14:31:29', 'port3', 0, 1, 1),
(327, '2020-02-07 14:31:30', 'www', 0, 1, 1),
(328, '2020-02-07 14:31:33', 'port3', 1, 1, 1),
(329, '2020-02-07 14:31:35', 'www', 1, 1, 1),
(330, '2020-02-07 14:31:37', 'port3', 0, 1, 1),
(331, '2020-02-07 14:31:38', 'port4', 1, 1, 1),
(332, '2020-02-07 14:31:38', 'www', 0, 1, 1),
(333, '2020-02-07 14:31:40', 'port4', 0, 1, 1),
(334, '2020-02-07 14:31:42', 'port3', 1, 1, 1),
(335, '2020-02-07 14:31:43', 'www', 1, 1, 1),
(336, '2020-02-07 14:31:45', 'aw', 0, 1, 1),
(337, '2020-02-07 14:31:45', 'www', 0, 1, 1),
(338, '2020-02-07 14:31:46', 'port3', 0, 1, 1),
(339, '2020-02-07 14:31:46', 'port4', 1, 1, 1),
(340, '2020-02-07 14:31:48', 'www', 1, 1, 1),
(341, '2020-02-07 14:31:48', 'port4', 0, 1, 1),
(342, '2020-02-07 14:31:48', 'aw', 1, 1, 1),
(343, '2020-02-07 14:31:49', 'port3', 1, 1, 1),
(344, '2020-02-07 14:31:50', 'www', 0, 1, 1),
(345, '2020-02-07 14:31:52', 'www', 1, 1, 1),
(346, '2020-02-07 14:31:55', 'www', 0, 1, 1),
(347, '2020-02-07 14:31:57', 'aw', 1, 0, 0),
(348, '2020-02-07 14:31:59', 'aw', 0, 0, 0),
(349, '2020-02-07 14:31:59', 'aw', 1, 1, 1),
(350, '2020-02-07 14:31:59', 'www', 1, 1, 1),
(351, '2020-02-07 14:32:00', 'port3', 0, 1, 1),
(352, '2020-02-07 14:32:00', 'port4', 1, 1, 1),
(353, '2020-02-07 14:32:00', 'aw', 0, 0, 0),
(354, '2020-02-07 14:32:02', 'aw', 1, 0, 0),
(355, '2020-02-07 14:32:04', 'aw', 0, 0, 0),
(356, '2020-02-07 14:32:05', 'aw', 1, 0, 0),
(357, '2020-02-07 14:32:07', 'aw', 0, 0, 0),
(358, '2020-02-07 14:32:09', 'aw', 1, 0, 0),
(359, '2020-02-07 14:32:22', 'www', 0, 0, 0),
(360, '2020-02-07 14:32:22', 'aw', 0, 1, 1),
(361, '2020-02-07 14:32:22', 'www', 1, 1, 1),
(362, '2020-02-07 14:32:23', 'port3', 1, 1, 1),
(363, '2020-02-07 14:32:23', 'port4', 0, 1, 1),
(364, '2020-02-07 14:32:28', 'aw', 1, 1, 1),
(365, '2020-02-07 14:32:28', 'www', 0, 1, 1),
(366, '2020-02-07 14:32:29', 'port3', 0, 1, 1),
(367, '2020-02-07 14:32:29', 'port4', 1, 1, 1),
(368, '2020-02-07 14:32:33', 'aw', 0, 1, 1),
(369, '2020-02-07 14:32:34', 'www', 1, 1, 1),
(370, '2020-02-07 14:32:34', 'port3', 1, 1, 1),
(371, '2020-02-07 14:32:34', 'port4', 0, 1, 1),
(372, '2020-02-07 14:32:47', 'port4', 1, 1, 1),
(373, '2020-02-07 14:32:48', 'port3', 0, 1, 1),
(374, '2020-02-07 14:32:48', 'aw', 1, 1, 1),
(375, '2020-02-07 14:32:48', 'www', 0, 1, 1),
(376, '2020-02-07 14:33:39', 'aw', 0, 1, 1),
(377, '2020-02-07 14:33:39', 'www', 1, 1, 1),
(378, '2020-02-07 14:33:39', 'port4', 0, 1, 1),
(379, '2020-02-07 14:33:39', 'port3', 1, 1, 1),
(380, '2020-02-07 14:33:41', 'aw', 1, 1, 1),
(381, '2020-02-07 14:33:41', 'port4', 1, 1, 1),
(382, '2020-02-07 14:33:42', 'port3', 0, 1, 1),
(383, '2020-02-07 14:58:42', 'port4', 0, 1, 1),
(384, '2020-02-07 14:58:44', 'port3', 1, 1, 1),
(385, '2020-02-07 14:58:46', 'www', 0, 1, 1),
(386, '2020-02-07 14:58:50', 'port3', 0, 1, 1),
(387, '2020-02-07 14:58:52', 'aw', 0, 1, 1),
(388, '2020-02-07 14:58:54', 'www', 1, 1, 1),
(389, '2020-02-07 14:58:57', 'www', 0, 1, 1),
(390, '2020-02-07 14:59:19', 'port3', 1, 1, 1),
(391, '2020-02-07 14:59:22', 'port3', 0, 1, 1),
(392, '2020-02-07 14:59:23', 'port4', 1, 1, 1),
(393, '2020-02-07 15:00:01', 'port4', 0, 0, 0),
(394, '2020-02-07 15:00:03', 'aw', 1, 0, 0),
(395, '2020-02-07 15:00:06', 'aw', 0, 0, 0),
(396, '2020-02-07 15:00:07', 'www', 1, 0, 0),
(397, '2020-02-07 15:00:09', 'www', 0, 0, 0),
(398, '2020-02-07 15:00:11', 'port3', 1, 0, 0),
(399, '2020-02-07 15:00:12', 'port3', 0, 0, 0),
(400, '2020-02-07 15:00:13', 'port4', 1, 0, 0),
(401, '2020-02-07 15:00:15', 'port4', 0, 0, 0),
(402, '2020-02-07 15:01:09', 'port3', 1, 1, 1),
(403, '2020-02-07 15:01:11', 'port3', 0, 1, 1),
(404, '2020-02-07 15:01:14', 'aw', 1, 0, 0),
(405, '2020-02-07 15:01:17', 'aw', 0, 0, 0),
(406, '2020-02-07 15:01:18', 'www', 1, 0, 0),
(407, '2020-02-07 15:01:21', 'www', 0, 0, 0),
(408, '2020-02-07 15:01:22', 'port3', 1, 0, 0),
(409, '2020-02-07 15:01:23', 'port3', 0, 0, 0),
(410, '2020-02-07 15:01:25', 'port4', 1, 0, 0),
(411, '2020-02-07 15:01:26', 'port4', 0, 0, 0),
(412, '2020-02-07 15:02:21', 'aw', 1, 0, 0),
(413, '2020-02-07 15:02:23', 'aw', 0, 0, 0),
(414, '2020-02-07 15:02:24', 'www', 1, 0, 0),
(415, '2020-02-07 15:02:25', 'www', 0, 0, 0),
(416, '2020-02-07 15:02:26', 'port3', 1, 0, 0),
(417, '2020-02-07 15:02:27', 'port3', 0, 0, 0),
(418, '2020-02-07 15:02:28', 'port4', 1, 0, 0),
(419, '2020-02-07 15:02:29', 'port4', 0, 0, 0),
(420, '2020-02-07 15:03:05', 'aw', 1, 0, 0),
(421, '2020-02-07 15:03:08', 'aw', 0, 0, 0),
(422, '2020-02-07 15:03:09', 'www', 1, 0, 0),
(423, '2020-02-07 15:03:11', 'www', 0, 0, 0),
(424, '2020-02-07 15:03:12', 'port3', 1, 0, 0),
(425, '2020-02-07 15:03:14', 'port3', 0, 0, 0),
(426, '2020-02-07 15:03:15', 'port4', 1, 0, 0),
(427, '2020-02-07 15:03:39', 'port4', 0, 0, 0),
(428, '2020-02-07 15:03:51', 'aw', 1, 1, 1),
(429, '2020-02-07 15:03:51', 'www', 1, 1, 1),
(430, '2020-02-07 15:03:51', 'port3', 1, 1, 1),
(431, '2020-02-07 15:03:51', 'port4', 1, 1, 1),
(432, '2020-02-07 15:04:00', 'aw', 0, 0, 0),
(433, '2020-02-07 15:04:01', 'www', 0, 0, 0),
(434, '2020-02-07 15:04:02', 'port3', 0, 0, 0),
(435, '2020-02-07 15:04:03', 'port4', 0, 0, 0),
(436, '2020-02-07 15:04:04', 'aw', 1, 0, 0),
(437, '2020-02-07 15:04:07', 'aw', 0, 0, 0),
(438, '2020-02-07 15:04:11', 'aw', 1, 1, 1),
(439, '2020-02-07 15:04:12', 'www', 1, 1, 1),
(440, '2020-02-07 15:04:12', 'port4', 1, 1, 1),
(441, '2020-02-07 15:04:12', 'port3', 1, 1, 1),
(442, '2020-02-07 15:04:13', 'aw', 1, 0, 0),
(443, '2020-02-07 15:15:43', 'www', 0, 0, 0),
(444, '2020-02-07 15:15:44', 'port3', 0, 0, 0),
(445, '2020-02-07 15:15:45', 'port4', 0, 0, 0),
(446, '2020-02-07 15:15:47', 'aw', 0, 0, 0),
(447, '2020-02-07 15:15:48', 'aw', 1, 0, 0),
(448, '2020-02-07 15:17:07', 'aw', 0, 0, 0),
(449, '2020-02-07 15:17:11', 'aw', 1, 0, 0),
(450, '2020-02-07 15:18:17', 'www', 1, 0, 0),
(451, '2020-02-07 15:19:03', 'aw', 0, 0, 0),
(452, '2020-02-07 15:19:04', 'www', 0, 0, 0),
(453, '2020-02-07 15:26:35', 'port3', 1, 0, 0),
(454, '2020-02-07 15:27:01', 'port3', 0, 0, 0),
(455, '2020-02-07 15:27:16', 'port4', 1, 0, 0),
(456, '2020-02-07 15:27:26', 'port4', 0, 0, 0),
(457, '2020-02-07 15:33:05', 'port4', 1, 0, 0),
(458, '2020-02-07 15:33:06', 'port4', 1, 0, 0),
(459, '2020-02-07 15:34:52', 'port4', 0, 0, 0);

-- --------------------------------------------------------

--
-- Table structure for table `tbl_readings`
--

CREATE TABLE `tbl_readings` (
  `applianceID` tinyint(1) NOT NULL,
  `rCurrent` decimal(4,2) NOT NULL,
  `rVoltage` smallint(3) NOT NULL,
  `rDateTime` datetime NOT NULL
) ENGINE=InnoDB DEFAULT CHARSET=utf8mb4;

--
-- Dumping data for table `tbl_readings`
--

INSERT INTO `tbl_readings` (`applianceID`, `rCurrent`, `rVoltage`, `rDateTime`) VALUES
(2, '17.71', 0, '2020-02-07 15:35:45'),
(1, '17.35', 0, '2020-02-07 15:35:45'),
(3, '0.00', 228, '2020-02-07 15:35:45'),
(4, '0.00', 232, '2020-02-07 15:35:45'),
(2, '17.72', 0, '2020-02-07 15:35:47'),
(1, '17.28', 0, '2020-02-07 15:35:47'),
(3, '0.00', 229, '2020-02-07 15:35:47'),
(4, '0.00', 231, '2020-02-07 15:35:47'),
(2, '17.76', 0, '2020-02-07 15:35:48'),
(1, '17.34', 0, '2020-02-07 15:35:49'),
(3, '0.00', 230, '2020-02-07 15:35:49'),
(4, '0.00', 231, '2020-02-07 15:35:49'),
(2, '16.48', 0, '2020-02-07 15:35:50'),
(1, '16.43', 0, '2020-02-07 15:35:50'),
(3, '0.00', 230, '2020-02-07 15:35:50'),
(4, '0.00', 231, '2020-02-07 15:35:50'),
(2, '17.79', 0, '2020-02-07 15:35:52'),
(1, '17.36', 0, '2020-02-07 15:35:52'),
(3, '0.00', 230, '2020-02-07 15:35:52'),
(4, '0.00', 230, '2020-02-07 15:35:52'),
(2, '17.79', 0, '2020-02-07 15:35:54'),
(1, '16.87', 0, '2020-02-07 15:35:54'),
(3, '0.00', 230, '2020-02-07 15:35:54'),
(4, '0.00', 231, '2020-02-07 15:35:54'),
(2, '17.69', 0, '2020-02-07 15:35:56'),
(1, '17.36', 0, '2020-02-07 15:35:56'),
(3, '0.00', 229, '2020-02-07 15:35:56'),
(4, '0.00', 232, '2020-02-07 15:35:56'),
(2, '17.76', 0, '2020-02-07 15:35:58'),
(1, '17.37', 0, '2020-02-07 15:35:58'),
(3, '0.00', 231, '2020-02-07 15:35:58'),
(4, '0.00', 229, '2020-02-07 15:35:58'),
(2, '17.26', 0, '2020-02-07 15:36:00'),
(1, '16.21', 0, '2020-02-07 15:36:00'),
(3, '0.00', 229, '2020-02-07 15:36:00'),
(4, '0.00', 232, '2020-02-07 15:36:00'),
(2, '17.75', 0, '2020-02-07 15:36:02'),
(1, '17.35', 0, '2020-02-07 15:36:02'),
(3, '0.00', 231, '2020-02-07 15:36:02'),
(4, '0.00', 230, '2020-02-07 15:36:02'),
(2, '17.79', 0, '2020-02-07 15:36:03'),
(1, '17.11', 0, '2020-02-07 15:36:03'),
(3, '0.00', 230, '2020-02-07 15:36:03'),
(4, '0.00', 231, '2020-02-07 15:36:03'),
(2, '16.80', 0, '2020-02-07 15:36:05'),
(1, '16.89', 0, '2020-02-07 15:36:05'),
(3, '0.00', 230, '2020-02-07 15:36:05'),
(4, '0.00', 231, '2020-02-07 15:36:05'),
(2, '17.78', 0, '2020-02-07 15:36:07'),
(1, '17.35', 0, '2020-02-07 15:36:07'),
(3, '0.00', 229, '2020-02-07 15:36:07'),
(4, '0.00', 232, '2020-02-07 15:36:07'),
(2, '17.01', 0, '2020-02-07 15:36:09'),
(1, '16.96', 0, '2020-02-07 15:36:09'),
(3, '0.00', 229, '2020-02-07 15:36:09'),
(4, '0.00', 231, '2020-02-07 15:36:09'),
(2, '17.65', 0, '2020-02-07 15:36:11'),
(1, '17.35', 0, '2020-02-07 15:36:11'),
(3, '0.00', 231, '2020-02-07 15:36:11'),
(4, '0.00', 231, '2020-02-07 15:36:11'),
(2, '17.13', 0, '2020-02-07 15:36:13'),
(1, '16.14', 0, '2020-02-07 15:36:13'),
(3, '0.00', 229, '2020-02-07 15:36:13'),
(4, '0.00', 231, '2020-02-07 15:36:13'),
(2, '17.79', 0, '2020-02-07 15:36:14'),
(1, '17.35', 0, '2020-02-07 15:36:14'),
(3, '0.00', 229, '2020-02-07 15:36:14'),
(4, '0.00', 232, '2020-02-07 15:36:14'),
(2, '17.80', 0, '2020-02-07 15:36:16'),
(1, '17.37', 0, '2020-02-07 15:36:16'),
(3, '0.00', 230, '2020-02-07 15:36:16'),
(4, '0.00', 230, '2020-02-07 15:36:16'),
(2, '17.08', 0, '2020-02-07 15:36:18'),
(1, '17.19', 0, '2020-02-07 15:36:18'),
(3, '0.00', 229, '2020-02-07 15:36:18'),
(4, '0.00', 232, '2020-02-07 15:36:18'),
(2, '17.57', 0, '2020-02-07 15:36:20'),
(1, '17.34', 0, '2020-02-07 15:36:20'),
(3, '0.00', 230, '2020-02-07 15:36:20'),
(4, '0.00', 230, '2020-02-07 15:36:20'),
(2, '17.77', 0, '2020-02-07 15:36:22'),
(1, '17.37', 0, '2020-02-07 15:36:22'),
(3, '0.00', 227, '2020-02-07 15:36:22'),
(4, '0.00', 232, '2020-02-07 15:36:22'),
(2, '17.66', 0, '2020-02-07 15:36:24'),
(1, '17.34', 0, '2020-02-07 15:36:24'),
(3, '0.00', 231, '2020-02-07 15:36:24'),
(4, '0.00', 230, '2020-02-07 15:36:24'),
(2, '17.77', 0, '2020-02-07 15:36:25'),
(1, '17.37', 0, '2020-02-07 15:36:26'),
(3, '0.00', 229, '2020-02-07 15:36:26'),
(4, '0.00', 232, '2020-02-07 15:36:26'),
(2, '17.70', 0, '2020-02-07 15:36:27'),
(1, '17.33', 0, '2020-02-07 15:36:27'),
(3, '0.00', 231, '2020-02-07 15:36:27'),
(4, '0.00', 229, '2020-02-07 15:36:27'),
(2, '17.72', 0, '2020-02-07 15:36:29'),
(1, '17.34', 0, '2020-02-07 15:36:30'),
(3, '0.00', 229, '2020-02-07 15:36:30'),
(4, '0.00', 232, '2020-02-07 15:36:30'),
(2, '17.68', 0, '2020-02-07 15:36:32'),
(1, '16.70', 0, '2020-02-07 15:36:32'),
(3, '0.00', 230, '2020-02-07 15:36:32'),
(4, '0.00', 231, '2020-02-07 15:36:32'),
(2, '16.84', 0, '2020-02-07 15:36:34'),
(1, '16.72', 0, '2020-02-07 15:36:34'),
(3, '0.00', 230, '2020-02-07 15:36:34'),
(4, '0.00', 231, '2020-02-07 15:36:34'),
(2, '17.77', 0, '2020-02-07 15:36:36'),
(1, '17.37', 0, '2020-02-07 15:36:36'),
(3, '0.00', 231, '2020-02-07 15:36:36'),
(4, '0.00', 230, '2020-02-07 15:36:36'),
(2, '17.79', 0, '2020-02-07 15:36:38'),
(1, '17.31', 0, '2020-02-07 15:36:38'),
(3, '0.00', 228, '2020-02-07 15:36:38'),
(4, '0.00', 232, '2020-02-07 15:36:38'),
(2, '17.75', 0, '2020-02-07 15:36:40'),
(1, '17.37', 0, '2020-02-07 15:36:40'),
(3, '0.00', 229, '2020-02-07 15:36:40'),
(4, '0.00', 231, '2020-02-07 15:36:40'),
(2, '17.77', 0, '2020-02-07 15:36:41'),
(1, '17.36', 0, '2020-02-07 15:36:41'),
(3, '0.00', 227, '2020-02-07 15:36:41'),
(4, '0.00', 232, '2020-02-07 15:36:42'),
(2, '17.79', 0, '2020-02-07 15:36:43'),
(1, '17.35', 0, '2020-02-07 15:36:43'),
(3, '0.00', 228, '2020-02-07 15:36:43'),
(4, '0.00', 232, '2020-02-07 15:36:43'),
(2, '15.87', 0, '2020-02-07 15:36:45'),
(1, '16.38', 0, '2020-02-07 15:36:45'),
(3, '0.00', 230, '2020-02-07 15:36:45'),
(4, '0.00', 231, '2020-02-07 15:36:45'),
(2, '17.54', 0, '2020-02-07 15:36:47'),
(1, '16.46', 0, '2020-02-07 15:36:47'),
(3, '0.00', 230, '2020-02-07 15:36:47'),
(4, '0.00', 231, '2020-02-07 15:36:47'),
(2, '16.52', 0, '2020-02-07 15:36:49'),
(1, '17.16', 0, '2020-02-07 15:36:49'),
(3, '0.00', 230, '2020-02-07 15:36:49'),
(4, '0.00', 231, '2020-02-07 15:36:49'),
(2, '17.23', 0, '2020-02-07 15:36:51'),
(1, '17.34', 0, '2020-02-07 15:36:51'),
(3, '0.00', 229, '2020-02-07 15:36:51'),
(4, '0.00', 231, '2020-02-07 15:36:51'),
(2, '16.42', 0, '2020-02-07 15:36:53'),
(1, '16.97', 0, '2020-02-07 15:36:53'),
(3, '0.00', 230, '2020-02-07 15:36:53'),
(4, '0.00', 231, '2020-02-07 15:36:53'),
(2, '17.76', 0, '2020-02-07 15:36:54'),
(1, '17.36', 0, '2020-02-07 15:36:54'),
(3, '0.00', 228, '2020-02-07 15:36:54'),
(4, '0.00', 232, '2020-02-07 15:36:54'),
(2, '16.58', 0, '2020-02-07 15:36:56'),
(1, '17.15', 0, '2020-02-07 15:36:56'),
(3, '0.00', 229, '2020-02-07 15:36:56'),
(4, '0.00', 231, '2020-02-07 15:36:56'),
(2, '17.71', 0, '2020-02-07 15:36:58'),
(1, '17.34', 0, '2020-02-07 15:36:58'),
(3, '0.00', 230, '2020-02-07 15:36:58'),
(4, '0.00', 230, '2020-02-07 15:36:58'),
(2, '17.28', 0, '2020-02-07 15:37:00'),
(1, '17.18', 0, '2020-02-07 15:37:00'),
(3, '0.00', 229, '2020-02-07 15:37:00'),
(4, '0.00', 231, '2020-02-07 15:37:00'),
(2, '17.79', 0, '2020-02-07 15:37:02'),
(1, '17.26', 0, '2020-02-07 15:37:02'),
(3, '0.00', 228, '2020-02-07 15:37:02'),
(4, '0.00', 232, '2020-02-07 15:37:02'),
(2, '17.12', 0, '2020-02-07 15:37:04'),
(1, '17.36', 0, '2020-02-07 15:37:04'),
(3, '0.00', 230, '2020-02-07 15:37:04'),
(4, '0.00', 231, '2020-02-07 15:37:04'),
(2, '17.81', 0, '2020-02-07 15:37:06'),
(1, '17.39', 0, '2020-02-07 15:37:06'),
(3, '0.00', 229, '2020-02-07 15:37:06'),
(4, '0.00', 231, '2020-02-07 15:37:06'),
(2, '17.02', 0, '2020-02-07 15:37:07'),
(1, '17.00', 0, '2020-02-07 15:37:07'),
(3, '0.00', 230, '2020-02-07 15:37:07'),
(4, '0.00', 231, '2020-02-07 15:37:07'),
(2, '17.62', 0, '2020-02-07 15:37:09'),
(1, '17.37', 0, '2020-02-07 15:37:10'),
(3, '0.00', 229, '2020-02-07 15:37:10'),
(4, '0.00', 231, '2020-02-07 15:37:10'),
(2, '17.76', 0, '2020-02-07 15:37:12'),
(1, '17.02', 0, '2020-02-07 15:37:12'),
(3, '0.00', 230, '2020-02-07 15:37:12'),
(4, '0.00', 231, '2020-02-07 15:37:12'),
(2, '17.65', 0, '2020-02-07 15:37:14'),
(1, '17.36', 0, '2020-02-07 15:37:14'),
(3, '0.00', 227, '2020-02-07 15:37:14'),
(4, '0.00', 233, '2020-02-07 15:37:14'),
(2, '17.78', 0, '2020-02-07 15:37:15'),
(1, '17.35', 0, '2020-02-07 15:37:15'),
(3, '0.00', 231, '2020-02-07 15:37:16'),
(4, '0.00', 230, '2020-02-07 15:37:16'),
(2, '16.70', 0, '2020-02-07 15:37:17'),
(1, '16.12', 0, '2020-02-07 15:37:17'),
(3, '0.00', 229, '2020-02-07 15:37:17'),
(4, '0.00', 231, '2020-02-07 15:37:17'),
(2, '16.86', 0, '2020-02-07 15:37:19'),
(1, '15.91', 0, '2020-02-07 15:37:19'),
(3, '0.00', 230, '2020-02-07 15:37:19'),
(4, '0.00', 231, '2020-02-07 15:37:19'),
(2, '17.54', 0, '2020-02-07 15:37:21'),
(1, '16.68', 0, '2020-02-07 15:37:21'),
(3, '0.00', 230, '2020-02-07 15:37:21'),
(4, '0.00', 231, '2020-02-07 15:37:21'),
(2, '17.65', 0, '2020-02-07 15:37:23'),
(1, '17.33', 0, '2020-02-07 15:37:23'),
(3, '0.00', 229, '2020-02-07 15:37:23'),
(4, '0.00', 232, '2020-02-07 15:37:23'),
(2, '17.75', 0, '2020-02-07 15:37:25'),
(1, '17.19', 0, '2020-02-07 15:37:25'),
(3, '0.00', 228, '2020-02-07 15:37:25'),
(4, '0.00', 232, '2020-02-07 15:37:25'),
(2, '17.53', 0, '2020-02-07 15:37:27'),
(1, '16.76', 0, '2020-02-07 15:37:27'),
(3, '0.00', 229, '2020-02-07 15:37:27'),
(4, '0.00', 231, '2020-02-07 15:37:27'),
(2, '17.80', 0, '2020-02-07 15:37:29'),
(1, '17.37', 0, '2020-02-07 15:37:29'),
(3, '0.00', 228, '2020-02-07 15:37:29'),
(4, '0.00', 231, '2020-02-07 15:37:29'),
(2, '17.66', 0, '2020-02-07 15:37:31'),
(1, '17.40', 0, '2020-02-07 15:37:31'),
(3, '0.00', 230, '2020-02-07 15:37:31'),
(4, '0.00', 231, '2020-02-07 15:37:31'),
(2, '17.73', 0, '2020-02-07 15:37:33'),
(1, '17.27', 0, '2020-02-07 15:37:33'),
(3, '0.00', 230, '2020-02-07 15:37:33'),
(4, '0.00', 232, '2020-02-07 15:37:33'),
(2, '17.59', 0, '2020-02-07 15:37:34'),
(1, '17.32', 0, '2020-02-07 15:37:34'),
(3, '0.00', 228, '2020-02-07 15:37:34'),
(4, '0.00', 232, '2020-02-07 15:37:34'),
(2, '17.00', 0, '2020-02-07 15:37:36'),
(1, '16.25', 0, '2020-02-07 15:37:36'),
(3, '0.00', 230, '2020-02-07 15:37:36'),
(4, '0.00', 231, '2020-02-07 15:37:36'),
(2, '16.20', 0, '2020-02-07 15:37:38'),
(1, '16.98', 0, '2020-02-07 15:37:38'),
(3, '0.00', 229, '2020-02-07 15:37:38'),
(4, '0.00', 232, '2020-02-07 15:37:38'),
(2, '17.47', 0, '2020-02-07 15:37:40'),
(1, '17.34', 0, '2020-02-07 15:37:40'),
(3, '0.00', 230, '2020-02-07 15:37:40'),
(4, '0.00', 232, '2020-02-07 15:37:40'),
(2, '17.24', 0, '2020-02-07 15:37:42'),
(1, '17.32', 0, '2020-02-07 15:37:42'),
(3, '0.00', 229, '2020-02-07 15:37:42'),
(4, '0.00', 232, '2020-02-07 15:37:42'),
(2, '17.73', 0, '2020-02-07 15:37:44'),
(1, '17.36', 0, '2020-02-07 15:37:44'),
(3, '0.00', 228, '2020-02-07 15:37:44'),
(4, '0.00', 232, '2020-02-07 15:37:44'),
(2, '17.72', 0, '2020-02-07 15:37:45'),
(1, '17.38', 0, '2020-02-07 15:37:45'),
(3, '0.00', 230, '2020-02-07 15:37:46'),
(4, '0.00', 231, '2020-02-07 15:37:46'),
(2, '16.17', 0, '2020-02-07 15:37:47'),
(1, '16.98', 0, '2020-02-07 15:37:47'),
(3, '0.00', 230, '2020-02-07 15:37:47'),
(4, '0.00', 231, '2020-02-07 15:37:47'),
(2, '17.21', 0, '2020-02-07 15:37:49'),
(1, '17.34', 0, '2020-02-07 15:37:49'),
(3, '0.00', 230, '2020-02-07 15:37:49'),
(4, '0.00', 231, '2020-02-07 15:37:49'),
(2, '15.73', 0, '2020-02-07 15:37:51'),
(1, '16.40', 0, '2020-02-07 15:37:51'),
(3, '0.00', 230, '2020-02-07 15:37:51'),
(4, '0.00', 231, '2020-02-07 15:37:51'),
(2, '16.88', 0, '2020-02-07 15:37:53'),
(1, '17.27', 0, '2020-02-07 15:37:53'),
(3, '0.00', 230, '2020-02-07 15:37:53'),
(4, '0.00', 230, '2020-02-07 15:37:53'),
(2, '17.56', 0, '2020-02-07 15:37:55'),
(1, '16.56', 0, '2020-02-07 15:37:55'),
(3, '0.00', 229, '2020-02-07 15:37:55'),
(4, '0.00', 231, '2020-02-07 15:37:55'),
(2, '16.36', 0, '2020-02-07 15:37:57'),
(1, '16.61', 0, '2020-02-07 15:37:58'),
(3, '0.00', 230, '2020-02-07 15:37:58'),
(4, '0.00', 232, '2020-02-07 15:37:58'),
(2, '16.90', 0, '2020-02-07 15:38:00'),
(1, '17.27', 0, '2020-02-07 15:38:00'),
(3, '0.00', 230, '2020-02-07 15:38:00'),
(4, '0.00', 231, '2020-02-07 15:38:00'),
(2, '17.34', 0, '2020-02-07 15:38:02'),
(1, '17.36', 0, '2020-02-07 15:38:02'),
(3, '0.00', 229, '2020-02-07 15:38:02'),
(4, '0.00', 232, '2020-02-07 15:38:02'),
(2, '17.62', 0, '2020-02-07 15:38:04'),
(1, '17.10', 0, '2020-02-07 15:38:04'),
(3, '0.00', 229, '2020-02-07 15:38:04'),
(4, '0.00', 231, '2020-02-07 15:38:04'),
(2, '17.67', 0, '2020-02-07 15:38:06'),
(1, '17.06', 0, '2020-02-07 15:38:06'),
(3, '0.00', 229, '2020-02-07 15:38:06'),
(4, '0.00', 231, '2020-02-07 15:38:06'),
(2, '16.03', 0, '2020-02-07 15:38:07'),
(1, '16.15', 0, '2020-02-07 15:38:07'),
(3, '0.00', 230, '2020-02-07 15:38:07'),
(4, '0.00', 231, '2020-02-07 15:38:07'),
(2, '17.47', 0, '2020-02-07 15:38:09'),
(1, '17.36', 0, '2020-02-07 15:38:09'),
(3, '0.00', 229, '2020-02-07 15:38:09'),
(4, '0.00', 232, '2020-02-07 15:38:09'),
(2, '17.77', 0, '2020-02-07 15:38:11'),
(1, '17.36', 0, '2020-02-07 15:38:11'),
(3, '0.00', 229, '2020-02-07 15:38:11'),
(4, '0.00', 231, '2020-02-07 15:38:11'),
(2, '17.18', 0, '2020-02-07 15:38:13'),
(1, '17.26', 0, '2020-02-07 15:38:13'),
(3, '0.00', 229, '2020-02-07 15:38:13'),
(4, '0.00', 232, '2020-02-07 15:38:13'),
(2, '17.73', 0, '2020-02-07 15:38:15'),
(1, '17.38', 0, '2020-02-07 15:38:15'),
(3, '0.00', 230, '2020-02-07 15:38:15'),
(4, '0.00', 231, '2020-02-07 15:38:15'),
(2, '16.50', 0, '2020-02-07 15:38:17'),
(1, '16.90', 0, '2020-02-07 15:38:17'),
(3, '0.00', 230, '2020-02-07 15:38:17'),
(4, '0.00', 231, '2020-02-07 15:38:17'),
(2, '17.21', 0, '2020-02-07 15:38:19'),
(1, '17.25', 0, '2020-02-07 15:38:19'),
(3, '0.00', 230, '2020-02-07 15:38:19'),
(4, '0.00', 231, '2020-02-07 15:38:19'),
(2, '17.16', 0, '2020-02-07 15:38:20'),
(1, '16.42', 0, '2020-02-07 15:38:20'),
(3, '0.00', 229, '2020-02-07 15:38:20'),
(4, '0.00', 231, '2020-02-07 15:38:20'),
(2, '17.62', 0, '2020-02-07 15:38:22'),
(1, '17.38', 0, '2020-02-07 15:38:22'),
(3, '0.00', 229, '2020-02-07 15:38:22'),
(4, '0.00', 231, '2020-02-07 15:38:22'),
(2, '17.63', 0, '2020-02-07 15:38:24'),
(1, '17.39', 0, '2020-02-07 15:38:24'),
(3, '0.00', 229, '2020-02-07 15:38:24'),
(4, '0.00', 232, '2020-02-07 15:38:24'),
(2, '16.56', 0, '2020-02-07 15:38:26'),
(1, '17.18', 0, '2020-02-07 15:38:26'),
(3, '0.00', 229, '2020-02-07 15:38:26'),
(4, '0.00', 232, '2020-02-07 15:38:26'),
(2, '16.36', 0, '2020-02-07 15:38:28'),
(1, '16.62', 0, '2020-02-07 15:38:28'),
(3, '0.00', 229, '2020-02-07 15:38:28'),
(4, '0.00', 231, '2020-02-07 15:38:28'),
(2, '16.31', 0, '2020-02-07 15:38:30'),
(1, '16.99', 0, '2020-02-07 15:38:30'),
(3, '0.00', 230, '2020-02-07 15:38:30'),
(4, '0.00', 232, '2020-02-07 15:38:30'),
(2, '17.80', 0, '2020-02-07 15:38:31'),
(1, '17.39', 0, '2020-02-07 15:38:32'),
(3, '0.00', 230, '2020-02-07 15:38:32'),
(4, '0.00', 231, '2020-02-07 15:38:32'),
(2, '17.53', 0, '2020-02-07 15:38:33'),
(1, '17.36', 0, '2020-02-07 15:38:33'),
(3, '0.00', 230, '2020-02-07 15:38:33'),
(4, '0.00', 231, '2020-02-07 15:38:33'),
(2, '15.87', 0, '2020-02-07 15:38:35'),
(1, '16.27', 0, '2020-02-07 15:38:35'),
(3, '0.00', 230, '2020-02-07 15:38:35'),
(4, '0.00', 231, '2020-02-07 15:38:35'),
(2, '16.62', 0, '2020-02-07 15:38:37'),
(1, '16.04', 0, '2020-02-07 15:38:37'),
(3, '0.00', 230, '2020-02-07 15:38:37'),
(4, '0.00', 231, '2020-02-07 15:38:37'),
(2, '16.86', 0, '2020-02-07 15:38:39'),
(1, '16.38', 0, '2020-02-07 15:38:39'),
(3, '0.00', 229, '2020-02-07 15:38:39'),
(4, '0.00', 231, '2020-02-07 15:38:39'),
(2, '17.78', 0, '2020-02-07 15:38:41'),
(1, '17.31', 0, '2020-02-07 15:38:41'),
(3, '0.00', 230, '2020-02-07 15:38:41'),
(4, '0.00', 231, '2020-02-07 15:38:41'),
(2, '17.79', 0, '2020-02-07 15:38:43'),
(1, '17.21', 0, '2020-02-07 15:38:43'),
(3, '0.00', 229, '2020-02-07 15:38:43'),
(4, '0.00', 231, '2020-02-07 15:38:43'),
(2, '16.51', 0, '2020-02-07 15:38:45'),
(1, '16.99', 0, '2020-02-07 15:38:45'),
(3, '0.00', 229, '2020-02-07 15:38:45'),
(4, '0.00', 232, '2020-02-07 15:38:45'),
(2, '17.79', 0, '2020-02-07 15:38:46'),
(1, '17.24', 0, '2020-02-07 15:38:46'),
(3, '0.00', 229, '2020-02-07 15:38:46'),
(4, '0.00', 232, '2020-02-07 15:38:46'),
(2, '16.79', 0, '2020-02-07 15:38:48'),
(1, '17.02', 0, '2020-02-07 15:38:48'),
(3, '0.00', 229, '2020-02-07 15:38:48'),
(4, '0.00', 232, '2020-02-07 15:38:48'),
(2, '17.79', 0, '2020-02-07 15:38:50'),
(1, '17.39', 0, '2020-02-07 15:38:50'),
(3, '0.00', 228, '2020-02-07 15:38:50'),
(4, '0.00', 232, '2020-02-07 15:38:50'),
(2, '17.65', 0, '2020-02-07 15:38:53'),
(1, '17.38', 0, '2020-02-07 15:38:53'),
(3, '0.00', 229, '2020-02-07 15:38:53'),
(4, '0.00', 232, '2020-02-07 15:38:53'),
(2, '17.15', 0, '2020-02-07 15:38:54'),
(1, '17.24', 0, '2020-02-07 15:38:55'),
(3, '0.00', 229, '2020-02-07 15:38:55'),
(4, '0.00', 231, '2020-02-07 15:38:55'),
(2, '17.75', 0, '2020-02-07 15:38:56'),
(1, '17.32', 0, '2020-02-07 15:38:58'),
(3, '0.00', 230, '2020-02-07 15:38:58'),
(4, '0.00', 230, '2020-02-07 15:38:58'),
(2, '16.36', 0, '2020-02-07 15:39:00'),
(1, '16.88', 0, '2020-02-07 15:39:00'),
(3, '0.00', 229, '2020-02-07 15:39:00'),
(4, '0.00', 231, '2020-02-07 15:39:00'),
(2, '17.54', 0, '2020-02-07 15:39:02'),
(1, '17.31', 0, '2020-02-07 15:39:02'),
(3, '0.00', 231, '2020-02-07 15:39:02'),
(4, '0.00', 231, '2020-02-07 15:39:02'),
(2, '17.39', 0, '2020-02-07 15:39:04'),
(1, '17.32', 0, '2020-02-07 15:39:04'),
(3, '0.00', 231, '2020-02-07 15:39:04'),
(4, '0.00', 230, '2020-02-07 15:39:04'),
(2, '17.78', 0, '2020-02-07 15:39:06'),
(1, '17.39', 0, '2020-02-07 15:39:06'),
(3, '0.00', 230, '2020-02-07 15:39:06'),
(4, '0.00', 230, '2020-02-07 15:39:06'),
(2, '17.79', 0, '2020-02-07 15:39:08'),
(1, '17.37', 0, '2020-02-07 15:39:08'),
(3, '0.00', 230, '2020-02-07 15:39:08'),
(4, '0.00', 230, '2020-02-07 15:39:08'),
(2, '17.81', 0, '2020-02-07 15:39:10'),
(1, '17.38', 0, '2020-02-07 15:39:10'),
(3, '0.00', 232, '2020-02-07 15:39:10'),
(4, '0.00', 230, '2020-02-07 15:39:10'),
(2, '17.27', 0, '2020-02-07 15:39:12'),
(1, '17.33', 0, '2020-02-07 15:39:12'),
(3, '0.00', 228, '2020-02-07 15:39:12'),
(4, '0.00', 232, '2020-02-07 15:39:12'),
(2, '16.08', 0, '2020-02-07 15:39:13'),
(1, '17.05', 0, '2020-02-07 15:39:14'),
(3, '0.00', 230, '2020-02-07 15:39:14'),
(4, '0.00', 230, '2020-02-07 15:39:14'),
(2, '16.79', 0, '2020-02-07 15:39:15'),
(1, '17.36', 0, '2020-02-07 15:39:15'),
(3, '0.00', 230, '2020-02-07 15:39:15'),
(4, '0.00', 231, '2020-02-07 15:39:15'),
(2, '17.74', 0, '2020-02-07 15:39:17'),
(1, '17.32', 0, '2020-02-07 15:39:17'),
(3, '0.00', 229, '2020-02-07 15:39:17'),
(4, '0.00', 231, '2020-02-07 15:39:17'),
(2, '17.73', 0, '2020-02-07 15:39:19'),
(1, '17.36', 0, '2020-02-07 15:39:19'),
(3, '0.00', 228, '2020-02-07 15:39:19'),
(4, '0.00', 232, '2020-02-07 15:39:19'),
(2, '17.13', 0, '2020-02-07 15:39:21'),
(1, '17.31', 0, '2020-02-07 15:39:21'),
(3, '0.00', 230, '2020-02-07 15:39:21'),
(4, '0.00', 231, '2020-02-07 15:39:21'),
(2, '17.15', 0, '2020-02-07 15:39:23'),
(1, '16.40', 0, '2020-02-07 15:39:23'),
(3, '0.00', 229, '2020-02-07 15:39:23'),
(4, '0.00', 231, '2020-02-07 15:39:23'),
(2, '16.89', 0, '2020-02-07 15:39:25'),
(1, '17.33', 0, '2020-02-07 15:39:25'),
(3, '0.00', 230, '2020-02-07 15:39:25'),
(4, '0.00', 230, '2020-02-07 15:39:25'),
(2, '17.79', 0, '2020-02-07 15:39:27'),
(1, '17.39', 0, '2020-02-07 15:39:27'),
(3, '0.00', 228, '2020-02-07 15:39:27'),
(4, '0.00', 231, '2020-02-07 15:39:27'),
(2, '17.38', 0, '2020-02-07 15:39:28'),
(1, '17.35', 0, '2020-02-07 15:39:28'),
(3, '0.00', 229, '2020-02-07 15:39:28'),
(4, '0.00', 232, '2020-02-07 15:39:28'),
(2, '16.89', 0, '2020-02-07 15:39:30'),
(1, '16.43', 0, '2020-02-07 15:39:30'),
(3, '0.00', 229, '2020-02-07 15:39:30'),
(4, '0.00', 231, '2020-02-07 15:39:30'),
(2, '16.52', 0, '2020-02-07 15:39:32'),
(1, '16.24', 0, '2020-02-07 15:39:32'),
(3, '0.00', 230, '2020-02-07 15:39:32'),
(4, '0.00', 231, '2020-02-07 15:39:32'),
(2, '17.15', 0, '2020-02-07 15:39:34'),
(1, '16.68', 0, '2020-02-07 15:39:34'),
(3, '0.00', 229, '2020-02-07 15:39:34'),
(4, '0.00', 232, '2020-02-07 15:39:34'),
(2, '17.59', 0, '2020-02-07 15:39:36'),
(1, '16.60', 0, '2020-02-07 15:39:36'),
(3, '0.00', 231, '2020-02-07 15:39:36'),
(4, '0.00', 231, '2020-02-07 15:39:36'),
(2, '17.16', 0, '2020-02-07 15:39:38'),
(1, '17.34', 0, '2020-02-07 15:39:38'),
(3, '0.00', 231, '2020-02-07 15:39:38'),
(4, '0.00', 230, '2020-02-07 15:39:38'),
(2, '17.70', 0, '2020-02-07 15:39:40'),
(1, '17.38', 0, '2020-02-07 15:39:40'),
(3, '0.00', 228, '2020-02-07 15:39:40'),
(4, '0.00', 232, '2020-02-07 15:39:40'),
(2, '16.18', 0, '2020-02-07 15:39:41'),
(1, '16.46', 0, '2020-02-07 15:39:41'),
(3, '0.00', 230, '2020-02-07 15:39:41'),
(4, '0.00', 231, '2020-02-07 15:39:41'),
(2, '17.26', 0, '2020-02-07 15:39:43'),
(1, '16.16', 0, '2020-02-07 15:39:43'),
(3, '0.00', 230, '2020-02-07 15:39:43'),
(4, '0.00', 231, '2020-02-07 15:39:43'),
(2, '17.81', 0, '2020-02-07 15:39:45'),
(1, '17.38', 0, '2020-02-07 15:39:45'),
(3, '0.00', 230, '2020-02-07 15:39:45'),
(4, '0.00', 230, '2020-02-07 15:39:45'),
(2, '17.43', 0, '2020-02-07 15:39:47'),
(1, '16.45', 0, '2020-02-07 15:39:47'),
(3, '0.00', 230, '2020-02-07 15:39:47'),
(4, '0.00', 231, '2020-02-07 15:39:47'),
(2, '16.78', 0, '2020-02-07 15:39:49'),
(1, '17.25', 0, '2020-02-07 15:39:49'),
(3, '0.00', 229, '2020-02-07 15:39:49'),
(4, '0.00', 232, '2020-02-07 15:39:49'),
(2, '16.12', 0, '2020-02-07 15:39:51'),
(1, '15.76', 0, '2020-02-07 15:39:51'),
(3, '0.00', 230, '2020-02-07 15:39:51'),
(4, '0.00', 231, '2020-02-07 15:39:51'),
(2, '17.80', 0, '2020-02-07 15:39:53'),
(1, '17.33', 0, '2020-02-07 15:39:53'),
(3, '0.00', 230, '2020-02-07 15:39:53'),
(4, '0.00', 230, '2020-02-07 15:39:53'),
(2, '17.76', 0, '2020-02-07 15:39:54'),
(1, '17.37', 0, '2020-02-07 15:39:54'),
(3, '0.00', 230, '2020-02-07 15:39:55'),
(4, '0.00', 230, '2020-02-07 15:39:55'),
(2, '15.78', 0, '2020-02-07 15:39:56'),
(1, '16.53', 0, '2020-02-07 15:39:56'),
(3, '0.00', 229, '2020-02-07 15:39:56'),
(4, '0.00', 231, '2020-02-07 15:39:56'),
(2, '15.79', 0, '2020-02-07 15:39:58'),
(1, '16.54', 0, '2020-02-07 15:39:58'),
(3, '0.00', 229, '2020-02-07 15:39:58'),
(4, '0.00', 231, '2020-02-07 15:39:58'),
(2, '17.44', 0, '2020-02-07 15:40:00'),
(1, '17.38', 0, '2020-02-07 15:40:00'),
(3, '0.00', 229, '2020-02-07 15:40:00'),
(4, '0.00', 231, '2020-02-07 15:40:00'),
(2, '17.77', 0, '2020-02-07 15:40:02'),
(1, '17.37', 0, '2020-02-07 15:40:02'),
(3, '0.00', 229, '2020-02-07 15:40:02'),
(4, '0.00', 231, '2020-02-07 15:40:02'),
(2, '17.79', 0, '2020-02-07 15:40:04'),
(1, '17.22', 0, '2020-02-07 15:40:04'),
(3, '0.00', 231, '2020-02-07 15:40:04'),
(4, '0.00', 230, '2020-02-07 15:40:04'),
(2, '16.87', 0, '2020-02-07 15:40:06'),
(1, '16.26', 0, '2020-02-07 15:40:06'),
(3, '0.00', 229, '2020-02-07 15:40:06'),
(4, '0.00', 231, '2020-02-07 15:40:06'),
(2, '17.71', 0, '2020-02-07 15:40:08'),
(1, '17.37', 0, '2020-02-07 15:40:08'),
(3, '0.00', 229, '2020-02-07 15:40:08'),
(4, '0.00', 231, '2020-02-07 15:40:08'),
(2, '16.60', 0, '2020-02-07 15:40:10'),
(1, '16.78', 0, '2020-02-07 15:40:10'),
(3, '0.00', 230, '2020-02-07 15:40:10'),
(4, '0.00', 231, '2020-02-07 15:40:10'),
(2, '17.56', 0, '2020-02-07 15:40:12'),
(1, '16.61', 0, '2020-02-07 15:40:12'),
(3, '0.00', 230, '2020-02-07 15:40:12'),
(4, '0.00', 231, '2020-02-07 15:40:12'),
(2, '17.79', 0, '2020-02-07 15:40:14'),
(1, '17.19', 0, '2020-02-07 15:40:14'),
(3, '0.00', 231, '2020-02-07 15:40:14'),
(4, '0.00', 230, '2020-02-07 15:40:14'),
(2, '17.78', 0, '2020-02-07 15:40:16'),
(1, '17.38', 0, '2020-02-07 15:40:16'),
(3, '0.00', 229, '2020-02-07 15:40:16'),
(4, '0.00', 231, '2020-02-07 15:40:16'),
(2, '17.18', 0, '2020-02-07 15:40:18'),
(1, '16.46', 0, '2020-02-07 15:40:18'),
(3, '0.00', 230, '2020-02-07 15:40:18'),
(4, '0.00', 231, '2020-02-07 15:40:18'),
(2, '15.72', 0, '2020-02-07 15:40:19'),
(1, '16.19', 0, '2020-02-07 15:40:19'),
(3, '0.00', 230, '2020-02-07 15:40:20'),
(4, '0.00', 231, '2020-02-07 15:40:20'),
(2, '17.61', 0, '2020-02-07 15:40:21'),
(1, '17.15', 0, '2020-02-07 15:40:21'),
(3, '0.00', 229, '2020-02-07 15:40:21'),
(4, '0.00', 232, '2020-02-07 15:40:21'),
(2, '17.52', 0, '2020-02-07 15:40:23'),
(1, '17.02', 0, '2020-02-07 15:40:23'),
(3, '0.00', 229, '2020-02-07 15:40:23'),
(4, '0.00', 231, '2020-02-07 15:40:23'),
(2, '17.50', 0, '2020-02-07 15:40:25'),
(1, '17.39', 0, '2020-02-07 15:40:25'),
(3, '0.00', 230, '2020-02-07 15:40:25'),
(4, '0.00', 230, '2020-02-07 15:40:25'),
(2, '17.80', 0, '2020-02-07 15:40:27'),
(1, '17.37', 0, '2020-02-07 15:40:27'),
(3, '0.00', 229, '2020-02-07 15:40:27'),
(4, '0.00', 231, '2020-02-07 15:40:27'),
(2, '17.51', 0, '2020-02-07 15:40:29'),
(1, '16.48', 0, '2020-02-07 15:40:29'),
(3, '0.00', 230, '2020-02-07 15:40:29'),
(4, '0.00', 231, '2020-02-07 15:40:29'),
(2, '17.80', 0, '2020-02-07 15:40:31'),
(1, '17.35', 0, '2020-02-07 15:40:31'),
(3, '0.00', 229, '2020-02-07 15:40:31'),
(4, '0.00', 231, '2020-02-07 15:40:31'),
(2, '17.59', 0, '2020-02-07 15:40:33'),
(1, '17.36', 0, '2020-02-07 15:40:33'),
(3, '0.00', 229, '2020-02-07 15:40:33'),
(4, '0.00', 232, '2020-02-07 15:40:33'),
(2, '17.17', 0, '2020-02-07 15:40:34'),
(1, '16.33', 0, '2020-02-07 15:40:34'),
(3, '0.00', 229, '2020-02-07 15:40:34'),
(4, '0.00', 232, '2020-02-07 15:40:34'),
(2, '16.00', 0, '2020-02-07 15:40:36'),
(1, '16.69', 0, '2020-02-07 15:40:36'),
(3, '0.00', 229, '2020-02-07 15:40:36'),
(4, '0.00', 231, '2020-02-07 15:40:36'),
(2, '17.52', 0, '2020-02-07 15:40:38'),
(1, '17.17', 0, '2020-02-07 15:40:38'),
(3, '0.00', 229, '2020-02-07 15:40:38'),
(4, '0.00', 231, '2020-02-07 15:40:38'),
(2, '17.68', 0, '2020-02-07 15:40:40'),
(1, '17.27', 0, '2020-02-07 15:40:40'),
(3, '0.00', 231, '2020-02-07 15:40:40'),
(4, '0.00', 231, '2020-02-07 15:40:40'),
(2, '16.76', 0, '2020-02-07 15:40:42'),
(1, '16.17', 0, '2020-02-07 15:40:42'),
(3, '0.00', 229, '2020-02-07 15:40:42'),
(4, '0.00', 231, '2020-02-07 15:40:42'),
(2, '17.50', 0, '2020-02-07 15:40:44'),
(1, '16.71', 0, '2020-02-07 15:40:45'),
(3, '0.00', 229, '2020-02-07 15:40:45'),
(4, '0.00', 232, '2020-02-07 15:40:45'),
(2, '17.80', 0, '2020-02-07 15:40:46'),
(1, '17.38', 0, '2020-02-07 15:40:46'),
(3, '0.00', 229, '2020-02-07 15:40:46'),
(4, '0.00', 230, '2020-02-07 15:40:47'),
(2, '17.28', 0, '2020-02-07 15:40:48'),
(1, '16.46', 0, '2020-02-07 15:40:48'),
(3, '0.00', 229, '2020-02-07 15:40:48'),
(4, '0.00', 231, '2020-02-07 15:40:48'),
(2, '16.58', 0, '2020-02-07 15:40:50'),
(1, '17.16', 0, '2020-02-07 15:40:50'),
(3, '0.00', 230, '2020-02-07 15:40:50'),
(4, '0.00', 231, '2020-02-07 15:40:50'),
(2, '17.79', 0, '2020-02-07 15:40:52'),
(1, '17.37', 0, '2020-02-07 15:40:52'),
(3, '0.00', 230, '2020-02-07 15:40:52'),
(4, '0.00', 232, '2020-02-07 15:40:52'),
(2, '15.80', 0, '2020-02-07 15:40:54'),
(1, '15.87', 0, '2020-02-07 15:40:54'),
(3, '0.00', 229, '2020-02-07 15:40:54'),
(4, '0.00', 231, '2020-02-07 15:40:54'),
(2, '16.59', 0, '2020-02-07 15:40:56'),
(1, '16.93', 0, '2020-02-07 15:40:56'),
(3, '0.00', 229, '2020-02-07 15:40:56'),
(4, '0.00', 231, '2020-02-07 15:40:56'),
(2, '17.03', 0, '2020-02-07 15:40:58'),
(1, '16.30', 0, '2020-02-07 15:40:58'),
(3, '0.00', 230, '2020-02-07 15:40:58'),
(4, '0.00', 231, '2020-02-07 15:40:58'),
(2, '16.52', 0, '2020-02-07 15:41:00'),
(1, '17.03', 0, '2020-02-07 15:41:00'),
(3, '0.00', 229, '2020-02-07 15:41:00'),
(4, '0.00', 232, '2020-02-07 15:41:00'),
(2, '17.80', 0, '2020-02-07 15:41:01'),
(1, '17.26', 0, '2020-02-07 15:41:01'),
(3, '0.00', 229, '2020-02-07 15:41:01'),
(4, '0.00', 231, '2020-02-07 15:41:01'),
(2, '16.83', 0, '2020-02-07 15:41:03'),
(1, '17.18', 0, '2020-02-07 15:41:03'),
(3, '0.00', 230, '2020-02-07 15:41:03'),
(4, '0.00', 231, '2020-02-07 15:41:03'),
(2, '16.95', 0, '2020-02-07 15:41:05'),
(1, '16.33', 0, '2020-02-07 15:41:05'),
(3, '0.00', 229, '2020-02-07 15:41:05'),
(4, '0.00', 232, '2020-02-07 15:41:05'),
(2, '16.37', 0, '2020-02-07 15:41:07'),
(1, '16.92', 0, '2020-02-07 15:41:07'),
(3, '0.00', 229, '2020-02-07 15:41:07'),
(4, '0.00', 231, '2020-02-07 15:41:07'),
(2, '17.14', 0, '2020-02-07 15:41:09'),
(1, '16.29', 0, '2020-02-07 15:41:09'),
(3, '0.00', 230, '2020-02-07 15:41:09'),
(4, '0.00', 231, '2020-02-07 15:41:09'),
(2, '17.83', 0, '2020-02-07 15:41:11'),
(1, '17.23', 0, '2020-02-07 15:41:11'),
(3, '0.00', 229, '2020-02-07 15:41:11'),
(4, '0.00', 231, '2020-02-07 15:41:11'),
(2, '15.76', 0, '2020-02-07 15:41:13'),
(1, '16.55', 0, '2020-02-07 15:41:13'),
(3, '0.00', 229, '2020-02-07 15:41:13'),
(4, '0.00', 231, '2020-02-07 15:41:13'),
(2, '17.82', 0, '2020-02-07 15:41:14'),
(1, '17.23', 0, '2020-02-07 15:41:14'),
(3, '0.00', 228, '2020-02-07 15:41:14'),
(4, '0.00', 231, '2020-02-07 15:41:14'),
(2, '17.72', 0, '2020-02-07 15:41:16'),
(1, '17.02', 0, '2020-02-07 15:41:16'),
(3, '0.00', 229, '2020-02-07 15:41:16'),
(4, '0.00', 231, '2020-02-07 15:41:16'),
(2, '17.82', 0, '2020-02-07 15:41:18'),
(1, '17.34', 0, '2020-02-07 15:41:18'),
(3, '0.00', 228, '2020-02-07 15:41:18'),
(4, '0.00', 232, '2020-02-07 15:41:18'),
(2, '17.79', 0, '2020-02-07 15:41:20'),
(1, '17.23', 0, '2020-02-07 15:41:20'),
(3, '0.00', 229, '2020-02-07 15:41:20'),
(4, '0.00', 232, '2020-02-07 15:41:20'),
(2, '17.61', 0, '2020-02-07 15:41:22'),
(1, '17.41', 0, '2020-02-07 15:41:22'),
(3, '0.00', 229, '2020-02-07 15:41:22'),
(4, '0.00', 231, '2020-02-07 15:41:22'),
(2, '17.13', 0, '2020-02-07 15:41:24'),
(1, '17.23', 0, '2020-02-07 15:41:24'),
(3, '0.00', 229, '2020-02-07 15:41:24'),
(4, '0.00', 232, '2020-02-07 15:41:24'),
(2, '17.52', 0, '2020-02-07 15:41:26'),
(1, '17.39', 0, '2020-02-07 15:41:26'),
(3, '0.00', 227, '2020-02-07 15:41:26'),
(4, '0.00', 232, '2020-02-07 15:41:26'),
(2, '16.51', 0, '2020-02-07 15:41:27'),
(1, '17.22', 0, '2020-02-07 15:41:27'),
(3, '0.00', 230, '2020-02-07 15:41:27'),
(4, '0.00', 230, '2020-02-07 15:41:27'),
(2, '17.72', 0, '2020-02-07 15:41:29'),
(1, '17.40', 0, '2020-02-07 15:41:29'),
(3, '0.00', 230, '2020-02-07 15:41:29'),
(4, '0.00', 230, '2020-02-07 15:41:29'),
(2, '17.31', 0, '2020-02-07 15:41:31'),
(1, '17.35', 0, '2020-02-07 15:41:31'),
(3, '0.00', 229, '2020-02-07 15:41:31'),
(4, '0.00', 232, '2020-02-07 15:41:31'),
(2, '16.67', 0, '2020-02-07 15:41:33'),
(1, '17.10', 0, '2020-02-07 15:41:33'),
(3, '0.00', 229, '2020-02-07 15:41:34'),
(4, '0.00', 231, '2020-02-07 15:41:34'),
(2, '16.54', 0, '2020-02-07 15:41:35'),
(1, '16.09', 0, '2020-02-07 15:41:35'),
(3, '0.00', 229, '2020-02-07 15:41:36'),
(4, '0.00', 231, '2020-02-07 15:41:36'),
(2, '15.73', 0, '2020-02-07 15:41:37'),
(1, '16.44', 0, '2020-02-07 15:41:37'),
(3, '0.00', 230, '2020-02-07 15:41:37'),
(4, '0.00', 231, '2020-02-07 15:41:37'),
(2, '17.77', 0, '2020-02-07 15:41:39'),
(1, '17.39', 0, '2020-02-07 15:41:39'),
(3, '0.00', 230, '2020-02-07 15:41:39'),
(4, '0.00', 231, '2020-02-07 15:41:39'),
(2, '17.39', 0, '2020-02-07 15:41:41'),
(1, '16.67', 0, '2020-02-07 15:41:41'),
(3, '0.00', 230, '2020-02-07 15:41:41'),
(4, '0.00', 231, '2020-02-07 15:41:41'),
(2, '17.83', 0, '2020-02-07 15:41:43'),
(1, '17.29', 0, '2020-02-07 15:41:43'),
(3, '0.00', 230, '2020-02-07 15:41:43'),
(4, '0.00', 230, '2020-02-07 15:41:43'),
(2, '16.79', 0, '2020-02-07 15:41:45'),
(1, '17.23', 0, '2020-02-07 15:41:45'),
(3, '0.00', 230, '2020-02-07 15:41:45'),
(4, '0.00', 231, '2020-02-07 15:41:45'),
(2, '16.51', 0, '2020-02-07 15:41:47'),
(1, '16.02', 0, '2020-02-07 15:41:47'),
(3, '0.00', 230, '2020-02-07 15:41:47'),
(4, '0.00', 231, '2020-02-07 15:41:47'),
(2, '17.47', 0, '2020-02-07 15:41:49'),
(1, '16.54', 0, '2020-02-07 15:41:49'),
(3, '0.00', 230, '2020-02-07 15:41:49'),
(4, '0.00', 231, '2020-02-07 15:41:49'),
(2, '17.73', 0, '2020-02-07 15:41:50'),
(1, '17.43', 0, '2020-02-07 15:41:50'),
(3, '0.00', 229, '2020-02-07 15:41:51'),
(4, '0.00', 232, '2020-02-07 15:41:51'),
(2, '16.34', 0, '2020-02-07 15:41:52'),
(1, '16.44', 0, '2020-02-07 15:41:52'),
(3, '0.00', 229, '2020-02-07 15:41:52'),
(4, '0.00', 231, '2020-02-07 15:41:52'),
(2, '16.26', 0, '2020-02-07 15:41:54'),
(1, '16.31', 0, '2020-02-07 15:41:54'),
(3, '0.00', 230, '2020-02-07 15:41:54'),
(4, '0.00', 231, '2020-02-07 15:41:54'),
(2, '17.84', 0, '2020-02-07 15:41:56'),
(1, '17.39', 0, '2020-02-07 15:41:56'),
(3, '0.00', 228, '2020-02-07 15:41:56'),
(4, '0.00', 232, '2020-02-07 15:41:56'),
(2, '17.82', 0, '2020-02-07 15:41:58'),
(1, '17.35', 0, '2020-02-07 15:41:58'),
(3, '0.00', 229, '2020-02-07 15:41:58'),
(4, '0.00', 231, '2020-02-07 15:41:58'),
(2, '15.81', 0, '2020-02-07 15:42:00'),
(1, '16.38', 0, '2020-02-07 15:42:00'),
(3, '0.00', 230, '2020-02-07 15:42:00'),
(4, '0.00', 231, '2020-02-07 15:42:00'),
(2, '17.55', 0, '2020-02-07 15:42:02'),
(1, '17.40', 0, '2020-02-07 15:42:02'),
(3, '0.00', 228, '2020-02-07 15:42:02'),
(4, '0.00', 231, '2020-02-07 15:42:02'),
(2, '17.49', 0, '2020-02-07 15:42:03'),
(1, '17.29', 0, '2020-02-07 15:42:04'),
(3, '0.00', 230, '2020-02-07 15:42:04'),
(4, '0.00', 230, '2020-02-07 15:42:04'),
(2, '15.97', 0, '2020-02-07 15:42:05'),
(1, '16.55', 0, '2020-02-07 15:42:05'),
(3, '0.00', 230, '2020-02-07 15:42:05'),
(4, '0.00', 231, '2020-02-07 15:42:05'),
(2, '17.30', 0, '2020-02-07 15:42:07'),
(1, '17.31', 0, '2020-02-07 15:42:07'),
(3, '0.00', 229, '2020-02-07 15:42:07'),
(4, '0.00', 232, '2020-02-07 15:42:07'),
(2, '17.37', 0, '2020-02-07 15:42:09'),
(1, '16.48', 0, '2020-02-07 15:42:09'),
(3, '0.00', 229, '2020-02-07 15:42:09'),
(4, '0.00', 231, '2020-02-07 15:42:09'),
(2, '17.50', 0, '2020-02-07 15:42:11'),
(1, '16.64', 0, '2020-02-07 15:42:11'),
(3, '0.00', 231, '2020-02-07 15:42:11'),
(4, '0.00', 231, '2020-02-07 15:42:11'),
(2, '17.80', 0, '2020-02-07 15:42:13'),
(1, '16.76', 0, '2020-02-07 15:42:13'),
(3, '0.00', 230, '2020-02-07 15:42:13'),
(4, '0.00', 231, '2020-02-07 15:42:13'),
(2, '17.82', 0, '2020-02-07 15:42:15'),
(1, '17.25', 0, '2020-02-07 15:42:15'),
(3, '0.00', 230, '2020-02-07 15:42:15'),
(4, '0.00', 231, '2020-02-07 15:42:15'),
(2, '15.95', 0, '2020-02-07 15:42:17'),
(1, '16.55', 0, '2020-02-07 15:42:17'),
(3, '0.00', 230, '2020-02-07 15:42:17'),
(4, '0.00', 231, '2020-02-07 15:42:17'),
(2, '16.94', 0, '2020-02-07 15:42:19'),
(1, '17.27', 0, '2020-02-07 15:42:19'),
(3, '0.00', 230, '2020-02-07 15:42:19'),
(4, '0.00', 231, '2020-02-07 15:42:19'),
(2, '17.72', 0, '2020-02-07 15:42:21'),
(1, '16.86', 0, '2020-02-07 15:42:21'),
(3, '0.00', 230, '2020-02-07 15:42:21'),
(4, '0.00', 231, '2020-02-07 15:42:21'),
(2, '17.83', 0, '2020-02-07 15:42:23'),
(1, '17.37', 0, '2020-02-07 15:42:24'),
(3, '0.00', 230, '2020-02-07 15:42:24'),
(4, '0.00', 230, '2020-02-07 15:42:24'),
(2, '15.79', 0, '2020-02-07 15:42:26'),
(1, '16.82', 0, '2020-02-07 15:42:26'),
(3, '0.00', 229, '2020-02-07 15:42:26'),
(4, '0.00', 231, '2020-02-07 15:42:26'),
(2, '15.74', 0, '2020-02-07 15:42:28'),
(1, '16.05', 0, '2020-02-07 15:42:28'),
(3, '0.00', 230, '2020-02-07 15:42:28'),
(4, '0.00', 231, '2020-02-07 15:42:28'),
(2, '17.83', 0, '2020-02-07 15:42:30'),
(1, '17.38', 0, '2020-02-07 15:42:30'),
(3, '0.00', 229, '2020-02-07 15:42:30'),
(4, '0.00', 231, '2020-02-07 15:42:30'),
(2, '15.95', 0, '2020-02-07 15:42:32'),
(1, '16.45', 0, '2020-02-07 15:42:32'),
(3, '0.00', 230, '2020-02-07 15:42:32'),
(4, '0.00', 231, '2020-02-07 15:42:32'),
(2, '17.50', 0, '2020-02-07 15:42:34'),
(1, '16.82', 0, '2020-02-07 15:42:34'),
(3, '0.00', 229, '2020-02-07 15:42:34'),
(4, '0.00', 232, '2020-02-07 15:42:34'),
(2, '16.18', 0, '2020-02-07 15:42:35'),
(1, '16.92', 0, '2020-02-07 15:42:35'),
(3, '0.00', 230, '2020-02-07 15:42:35'),
(4, '0.00', 231, '2020-02-07 15:42:36'),
(2, '17.67', 0, '2020-02-07 15:42:37'),
(1, '16.38', 0, '2020-02-07 15:42:37'),
(3, '0.00', 230, '2020-02-07 15:42:37'),
(4, '0.00', 231, '2020-02-07 15:42:37'),
(2, '17.52', 0, '2020-02-07 15:42:39'),
(1, '17.38', 0, '2020-02-07 15:42:39'),
(3, '0.00', 229, '2020-02-07 15:42:39'),
(4, '0.00', 232, '2020-02-07 15:42:39'),
(2, '17.82', 0, '2020-02-07 15:42:41'),
(1, '17.13', 0, '2020-02-07 15:42:41'),
(3, '0.00', 229, '2020-02-07 15:42:41'),
(4, '0.00', 231, '2020-02-07 15:42:41'),
(2, '17.81', 0, '2020-02-07 15:42:43'),
(1, '17.39', 0, '2020-02-07 15:42:43'),
(3, '0.00', 229, '2020-02-07 15:42:43'),
(4, '0.00', 231, '2020-02-07 15:42:43'),
(2, '17.69', 0, '2020-02-07 15:42:45'),
(1, '17.11', 0, '2020-02-07 15:42:45'),
(3, '0.00', 230, '2020-02-07 15:42:45'),
(4, '0.00', 232, '2020-02-07 15:42:45'),
(2, '17.81', 0, '2020-02-07 15:42:47'),
(1, '17.32', 0, '2020-02-07 15:42:47'),
(3, '0.00', 230, '2020-02-07 15:42:47'),
(4, '0.00', 232, '2020-02-07 15:42:47'),
(2, '17.58', 0, '2020-02-07 15:42:49'),
(1, '17.33', 0, '2020-02-07 15:42:49'),
(3, '0.00', 229, '2020-02-07 15:42:49'),
(4, '0.00', 232, '2020-02-07 15:42:49'),
(2, '17.82', 0, '2020-02-07 15:42:50'),
(1, '17.16', 0, '2020-02-07 15:42:50'),
(3, '0.00', 228, '2020-02-07 15:42:51'),
(4, '0.00', 232, '2020-02-07 15:42:51'),
(2, '17.79', 0, '2020-02-07 15:42:52'),
(1, '17.16', 0, '2020-02-07 15:42:52'),
(3, '0.00', 229, '2020-02-07 15:42:52'),
(4, '0.00', 232, '2020-02-07 15:42:52'),
(2, '17.30', 0, '2020-02-07 15:42:54'),
(1, '16.36', 0, '2020-02-07 15:42:54'),
(3, '0.00', 230, '2020-02-07 15:42:54'),
(4, '0.00', 231, '2020-02-07 15:42:54'),
(2, '17.76', 0, '2020-02-07 15:42:56'),
(1, '17.22', 0, '2020-02-07 15:42:56'),
(3, '0.00', 228, '2020-02-07 15:42:56'),
(4, '0.00', 232, '2020-02-07 15:42:56'),
(2, '17.81', 0, '2020-02-07 15:42:58'),
(1, '17.28', 0, '2020-02-07 15:42:58'),
(3, '0.00', 230, '2020-02-07 15:42:58'),
(4, '0.00', 230, '2020-02-07 15:42:58'),
(2, '17.84', 0, '2020-02-07 15:43:00'),
(1, '17.41', 0, '2020-02-07 15:43:00'),
(3, '0.00', 230, '2020-02-07 15:43:00'),
(4, '0.00', 230, '2020-02-07 15:43:00'),
(2, '17.72', 0, '2020-02-07 15:43:02'),
(1, '17.41', 0, '2020-02-07 15:43:02'),
(3, '0.00', 228, '2020-02-07 15:43:02'),
(4, '0.00', 232, '2020-02-07 15:43:02'),
(2, '17.37', 0, '2020-02-07 15:43:03'),
(1, '17.37', 0, '2020-02-07 15:43:03'),
(3, '0.00', 230, '2020-02-07 15:43:04'),
(4, '0.00', 231, '2020-02-07 15:43:04'),
(2, '17.65', 0, '2020-02-07 15:43:05'),
(1, '16.91', 0, '2020-02-07 15:43:05'),
(3, '0.00', 230, '2020-02-07 15:43:05'),
(4, '0.00', 231, '2020-02-07 15:43:05'),
(2, '17.75', 0, '2020-02-07 15:43:07'),
(1, '16.93', 0, '2020-02-07 15:43:07'),
(3, '0.00', 229, '2020-02-07 15:43:07'),
(4, '0.00', 230, '2020-02-07 15:43:07'),
(2, '17.61', 0, '2020-02-07 15:43:09'),
(1, '17.41', 0, '2020-02-07 15:43:09'),
(3, '0.00', 230, '2020-02-07 15:43:09'),
(4, '0.00', 231, '2020-02-07 15:43:09'),
(2, '15.82', 0, '2020-02-07 15:43:11'),
(1, '16.65', 0, '2020-02-07 15:43:11'),
(3, '0.00', 229, '2020-02-07 15:43:11'),
(4, '0.00', 231, '2020-02-07 15:43:11'),
(2, '16.26', 0, '2020-02-07 15:43:13'),
(1, '16.34', 0, '2020-02-07 15:43:13'),
(3, '0.00', 230, '2020-02-07 15:43:13'),
(4, '0.00', 231, '2020-02-07 15:43:13'),
(2, '17.53', 0, '2020-02-07 15:43:15'),
(1, '17.39', 0, '2020-02-07 15:43:15'),
(3, '0.00', 231, '2020-02-07 15:43:15'),
(4, '0.00', 231, '2020-02-07 15:43:15'),
(2, '17.49', 0, '2020-02-07 15:43:17'),
(1, '17.19', 0, '2020-02-07 15:43:17'),
(3, '0.00', 229, '2020-02-07 15:43:17'),
(4, '0.00', 232, '2020-02-07 15:43:17'),
(2, '16.11', 0, '2020-02-07 15:43:18'),
(1, '16.57', 0, '2020-02-07 15:43:18'),
(3, '0.00', 229, '2020-02-07 15:43:18'),
(4, '0.00', 231, '2020-02-07 15:43:19'),
(2, '16.78', 0, '2020-02-07 15:43:20'),
(1, '17.09', 0, '2020-02-07 15:43:20'),
(3, '0.00', 230, '2020-02-07 15:43:21'),
(4, '0.00', 231, '2020-02-07 15:43:21'),
(2, '15.78', 0, '2020-02-07 15:43:22'),
(1, '16.66', 0, '2020-02-07 15:43:22'),
(3, '0.00', 229, '2020-02-07 15:43:22'),
(4, '0.00', 231, '2020-02-07 15:43:22'),
(2, '15.98', 0, '2020-02-07 15:43:24'),
(1, '15.84', 0, '2020-02-07 15:43:24'),
(3, '0.00', 230, '2020-02-07 15:43:24'),
(4, '0.00', 231, '2020-02-07 15:43:24'),
(2, '16.98', 0, '2020-02-07 15:43:26'),
(1, '17.17', 0, '2020-02-07 15:43:26'),
(3, '0.00', 233, '2020-02-07 15:43:26'),
(4, '0.00', 230, '2020-02-07 15:43:26'),
(2, '16.54', 0, '2020-02-07 15:43:28'),
(1, '17.13', 0, '2020-02-07 15:43:28'),
(3, '0.00', 230, '2020-02-07 15:43:28'),
(4, '0.00', 231, '2020-02-07 15:43:28'),
(2, '17.83', 0, '2020-02-07 15:43:30'),
(1, '17.31', 0, '2020-02-07 15:43:30'),
(3, '0.00', 230, '2020-02-07 15:43:30'),
(4, '0.00', 231, '2020-02-07 15:43:30'),
(2, '17.82', 0, '2020-02-07 15:43:32'),
(1, '17.32', 0, '2020-02-07 15:43:33'),
(3, '0.00', 230, '2020-02-07 15:43:33'),
(4, '0.00', 231, '2020-02-07 15:43:33'),
(2, '17.64', 0, '2020-02-07 15:43:35'),
(1, '17.40', 0, '2020-02-07 15:43:35'),
(3, '0.00', 228, '2020-02-07 15:43:35'),
(4, '0.00', 232, '2020-02-07 15:43:35'),
(2, '17.28', 0, '2020-02-07 15:43:37'),
(1, '16.22', 0, '2020-02-07 15:43:37'),
(3, '0.00', 230, '2020-02-07 15:43:37'),
(4, '0.00', 231, '2020-02-07 15:43:37'),
(2, '16.08', 0, '2020-02-07 15:43:39'),
(1, '16.87', 0, '2020-02-07 15:43:39'),
(3, '0.00', 229, '2020-02-07 15:43:39'),
(4, '0.00', 232, '2020-02-07 15:43:39'),
(2, '17.82', 0, '2020-02-07 15:43:41'),
(1, '17.28', 0, '2020-02-07 15:43:41'),
(3, '0.00', 229, '2020-02-07 15:43:41'),
(4, '0.00', 231, '2020-02-07 15:43:41'),
(2, '16.39', 0, '2020-02-07 15:43:43'),
(1, '15.98', 0, '2020-02-07 15:43:43'),
(3, '0.00', 230, '2020-02-07 15:43:43'),
(4, '0.00', 231, '2020-02-07 15:43:43'),
(2, '17.82', 0, '2020-02-07 15:43:45'),
(1, '17.35', 0, '2020-02-07 15:43:45'),
(3, '0.00', 229, '2020-02-07 15:43:45'),
(4, '0.00', 231, '2020-02-07 15:43:45'),
(2, '17.26', 0, '2020-02-07 15:43:47'),
(1, '16.51', 0, '2020-02-07 15:43:47'),
(3, '0.00', 229, '2020-02-07 15:43:47'),
(4, '0.00', 232, '2020-02-07 15:43:47'),
(2, '16.01', 0, '2020-02-07 15:43:49'),
(1, '16.80', 0, '2020-02-07 15:43:49'),
(3, '0.00', 230, '2020-02-07 15:43:49'),
(4, '0.00', 231, '2020-02-07 15:43:49'),
(2, '17.83', 0, '2020-02-07 15:43:50'),
(1, '17.39', 0, '2020-02-07 15:43:50'),
(3, '0.00', 229, '2020-02-07 15:43:50'),
(4, '0.00', 232, '2020-02-07 15:43:51'),
(2, '17.53', 0, '2020-02-07 15:43:52'),
(1, '17.41', 0, '2020-02-07 15:43:52'),
(3, '0.00', 230, '2020-02-07 15:43:52'),
(4, '0.00', 231, '2020-02-07 15:43:52'),
(2, '17.25', 0, '2020-02-07 15:43:54'),
(1, '16.77', 0, '2020-02-07 15:43:54'),
(3, '0.00', 229, '2020-02-07 15:43:54'),
(4, '0.00', 232, '2020-02-07 15:43:54'),
(2, '17.75', 0, '2020-02-07 15:43:56'),
(1, '17.41', 0, '2020-02-07 15:43:56'),
(3, '0.00', 232, '2020-02-07 15:43:56'),
(4, '0.00', 229, '2020-02-07 15:43:56'),
(2, '17.82', 0, '2020-02-07 15:43:58'),
(1, '17.38', 0, '2020-02-07 15:43:58'),
(3, '0.00', 230, '2020-02-07 15:43:58'),
(4, '0.00', 231, '2020-02-07 15:43:58'),
(2, '17.74', 0, '2020-02-07 15:44:00'),
(1, '17.19', 0, '2020-02-07 15:44:00'),
(3, '0.00', 228, '2020-02-07 15:44:00'),
(4, '0.00', 232, '2020-02-07 15:44:00'),
(2, '17.84', 0, '2020-02-07 15:44:02'),
(1, '17.40', 0, '2020-02-07 15:44:02'),
(3, '0.00', 230, '2020-02-07 15:44:02'),
(4, '0.00', 231, '2020-02-07 15:44:02'),
(2, '17.36', 0, '2020-02-07 15:44:03'),
(1, '16.51', 0, '2020-02-07 15:44:03'),
(3, '0.00', 230, '2020-02-07 15:44:03'),
(4, '0.00', 231, '2020-02-07 15:44:04'),
(2, '17.29', 0, '2020-02-07 15:44:05'),
(1, '17.40', 0, '2020-02-07 15:44:05'),
(3, '0.00', 229, '2020-02-07 15:44:05'),
(4, '0.00', 232, '2020-02-07 15:44:05'),
(2, '17.43', 0, '2020-02-07 15:44:07'),
(1, '17.38', 0, '2020-02-07 15:44:07'),
(3, '0.00', 229, '2020-02-07 15:44:07'),
(4, '0.00', 232, '2020-02-07 15:44:07'),
(2, '16.52', 0, '2020-02-07 15:44:09'),
(1, '15.94', 0, '2020-02-07 15:44:09'),
(3, '0.00', 230, '2020-02-07 15:44:09'),
(4, '0.00', 231, '2020-02-07 15:44:09'),
(2, '17.52', 0, '2020-02-07 15:44:11'),
(1, '16.75', 0, '2020-02-07 15:44:11'),
(3, '0.00', 230, '2020-02-07 15:44:11'),
(4, '0.00', 231, '2020-02-07 15:44:11'),
(2, '17.66', 0, '2020-02-07 15:44:13'),
(1, '17.42', 0, '2020-02-07 15:44:13'),
(3, '0.00', 231, '2020-02-07 15:44:13'),
(4, '0.00', 230, '2020-02-07 15:44:13'),
(2, '17.68', 0, '2020-02-07 15:44:15'),
(1, '17.01', 0, '2020-02-07 15:44:15'),
(3, '0.00', 229, '2020-02-07 15:44:15'),
(4, '0.00', 231, '2020-02-07 15:44:15'),
(2, '16.52', 0, '2020-02-07 15:44:16'),
(1, '16.98', 0, '2020-02-07 15:44:17'),
(3, '0.00', 230, '2020-02-07 15:44:17'),
(4, '0.00', 232, '2020-02-07 15:44:17'),
(2, '17.73', 0, '2020-02-07 15:44:18'),
(1, '17.39', 0, '2020-02-07 15:44:18'),
(3, '0.00', 229, '2020-02-07 15:44:18'),
(4, '0.00', 231, '2020-02-07 15:44:18'),
(2, '17.75', 0, '2020-02-07 15:44:20'),
(1, '17.06', 0, '2020-02-07 15:44:20'),
(3, '0.00', 229, '2020-02-07 15:44:20'),
(4, '0.00', 231, '2020-02-07 15:44:20'),
(2, '17.34', 0, '2020-02-07 15:44:22'),
(1, '15.95', 0, '2020-02-07 15:44:22'),
(3, '0.00', 230, '2020-02-07 15:44:22'),
(4, '0.00', 231, '2020-02-07 15:44:22'),
(2, '17.81', 0, '2020-02-07 15:44:24'),
(1, '17.41', 0, '2020-02-07 15:44:24'),
(3, '0.00', 230, '2020-02-07 15:44:24'),
(4, '0.00', 231, '2020-02-07 15:44:24'),
(2, '17.03', 0, '2020-02-07 15:44:26'),
(1, '17.32', 0, '2020-02-07 15:44:26'),
(3, '0.00', 230, '2020-02-07 15:44:26'),
(4, '0.00', 231, '2020-02-07 15:44:26'),
(2, '17.81', 0, '2020-02-07 15:44:28'),
(1, '17.40', 0, '2020-02-07 15:44:28'),
(3, '0.00', 229, '2020-02-07 15:44:28'),
(4, '0.00', 232, '2020-02-07 15:44:28'),
(2, '17.57', 0, '2020-02-07 15:44:30'),
(1, '17.36', 0, '2020-02-07 15:44:30'),
(3, '0.00', 230, '2020-02-07 15:44:30'),
(4, '0.00', 231, '2020-02-07 15:44:30'),
(2, '16.78', 0, '2020-02-07 15:44:31'),
(1, '17.09', 0, '2020-02-07 15:44:31'),
(3, '0.00', 229, '2020-02-07 15:44:31'),
(4, '0.00', 232, '2020-02-07 15:44:31'),
(2, '17.81', 0, '2020-02-07 15:44:33'),
(1, '17.24', 0, '2020-02-07 15:44:33'),
(3, '0.00', 231, '2020-02-07 15:44:33'),
(4, '0.00', 231, '2020-02-07 15:44:33'),
(2, '17.80', 0, '2020-02-07 15:44:35'),
(1, '17.39', 0, '2020-02-07 15:44:35'),
(3, '0.00', 230, '2020-02-07 15:44:35'),
(4, '0.00', 230, '2020-02-07 15:44:35'),
(2, '17.12', 0, '2020-02-07 15:44:37'),
(1, '16.17', 0, '2020-02-07 15:44:37'),
(3, '0.00', 230, '2020-02-07 15:44:37'),
(4, '0.00', 231, '2020-02-07 15:44:37'),
(2, '15.80', 0, '2020-02-07 15:44:39'),
(1, '16.68', 0, '2020-02-07 15:44:39'),
(3, '0.00', 230, '2020-02-07 15:44:39'),
(4, '0.00', 231, '2020-02-07 15:44:39'),
(2, '17.80', 0, '2020-02-07 15:44:41'),
(1, '17.38', 0, '2020-02-07 15:44:41'),
(3, '0.00', 228, '2020-02-07 15:44:41'),
(4, '0.00', 233, '2020-02-07 15:44:41'),
(2, '17.13', 0, '2020-02-07 15:44:43'),
(1, '17.02', 0, '2020-02-07 15:44:43'),
(3, '0.00', 229, '2020-02-07 15:44:43'),
(4, '0.00', 232, '2020-02-07 15:44:43'),
(2, '16.14', 0, '2020-02-07 15:44:44'),
(1, '17.03', 0, '2020-02-07 15:44:44'),
(3, '0.00', 229, '2020-02-07 15:44:44'),
(4, '0.00', 232, '2020-02-07 15:44:44'),
(2, '17.82', 0, '2020-02-07 15:44:46'),
(1, '17.15', 0, '2020-02-07 15:44:46'),
(3, '0.00', 230, '2020-02-07 15:44:46'),
(4, '0.00', 231, '2020-02-07 15:44:46'),
(2, '17.36', 0, '2020-02-07 15:44:48'),
(1, '17.39', 0, '2020-02-07 15:44:48'),
(3, '0.00', 229, '2020-02-07 15:44:48'),
(4, '0.00', 232, '2020-02-07 15:44:48'),
(2, '17.79', 0, '2020-02-07 15:44:50'),
(1, '17.39', 0, '2020-02-07 15:44:50'),
(3, '0.00', 229, '2020-02-07 15:44:50'),
(4, '0.00', 231, '2020-02-07 15:44:50'),
(2, '17.72', 0, '2020-02-07 15:44:52'),
(1, '16.98', 0, '2020-02-07 15:44:52'),
(3, '0.00', 229, '2020-02-07 15:44:52'),
(4, '0.00', 231, '2020-02-07 15:44:52'),
(2, '17.83', 0, '2020-02-07 15:44:54'),
(1, '17.34', 0, '2020-02-07 15:44:54'),
(3, '0.00', 229, '2020-02-07 15:44:54'),
(4, '0.00', 231, '2020-02-07 15:44:54'),
(2, '17.72', 0, '2020-02-07 15:44:56'),
(1, '17.03', 0, '2020-02-07 15:44:56'),
(3, '0.00', 229, '2020-02-07 15:44:56'),
(4, '0.00', 232, '2020-02-07 15:44:56'),
(2, '17.55', 0, '2020-02-07 15:44:57'),
(1, '17.38', 0, '2020-02-07 15:44:57'),
(3, '0.00', 229, '2020-02-07 15:44:57'),
(4, '0.00', 232, '2020-02-07 15:44:57'),
(2, '16.01', 0, '2020-02-07 15:44:59'),
(1, '16.71', 0, '2020-02-07 15:44:59'),
(3, '0.00', 229, '2020-02-07 15:44:59'),
(4, '0.00', 231, '2020-02-07 15:44:59'),
(2, '17.44', 0, '2020-02-07 15:45:01'),
(1, '17.05', 0, '2020-02-07 15:45:01'),
(3, '0.00', 229, '2020-02-07 15:45:01'),
(4, '0.00', 231, '2020-02-07 15:45:01'),
(2, '16.31', 0, '2020-02-07 15:45:03'),
(1, '16.90', 0, '2020-02-07 15:45:03'),
(3, '0.00', 229, '2020-02-07 15:45:03'),
(4, '0.00', 231, '2020-02-07 15:45:03'),
(2, '17.07', 0, '2020-02-07 15:45:05'),
(1, '16.43', 0, '2020-02-07 15:45:05'),
(3, '0.00', 229, '2020-02-07 15:45:05'),
(4, '0.00', 231, '2020-02-07 15:45:05'),
(2, '16.33', 0, '2020-02-07 15:45:07'),
(1, '15.79', 0, '2020-02-07 15:45:07'),
(3, '0.00', 230, '2020-02-07 15:45:07'),
(4, '0.00', 231, '2020-02-07 15:45:07'),
(2, '17.57', 0, '2020-02-07 15:45:09'),
(1, '16.58', 0, '2020-02-07 15:45:09'),
(3, '0.00', 228, '2020-02-07 15:45:09'),
(4, '0.00', 232, '2020-02-07 15:45:09'),
(2, '17.83', 0, '2020-02-07 15:45:10'),
(1, '17.36', 0, '2020-02-07 15:45:10'),
(3, '0.00', 230, '2020-02-07 15:45:10'),
(4, '0.00', 230, '2020-02-07 15:45:10'),
(2, '17.78', 0, '2020-02-07 15:45:12'),
(1, '16.90', 0, '2020-02-07 15:45:12'),
(3, '0.00', 230, '2020-02-07 15:45:12'),
(4, '0.00', 231, '2020-02-07 15:45:12'),
(2, '17.83', 0, '2020-02-07 15:45:14'),
(1, '17.20', 0, '2020-02-07 15:45:14'),
(3, '0.00', 231, '2020-02-07 15:45:14'),
(4, '0.00', 231, '2020-02-07 15:45:14'),
(2, '16.08', 0, '2020-02-07 15:45:16'),
(1, '16.48', 0, '2020-02-07 15:45:16'),
(3, '0.00', 230, '2020-02-07 15:45:16'),
(4, '0.00', 231, '2020-02-07 15:45:16'),
(2, '16.81', 0, '2020-02-07 15:45:18'),
(1, '16.40', 0, '2020-02-07 15:45:18'),
(3, '0.00', 229, '2020-02-07 15:45:18'),
(4, '0.00', 231, '2020-02-07 15:45:18'),
(2, '16.48', 0, '2020-02-07 15:45:20'),
(1, '16.73', 0, '2020-02-07 15:45:20'),
(3, '0.00', 229, '2020-02-07 15:45:20'),
(4, '0.00', 231, '2020-02-07 15:45:20'),
(2, '16.84', 0, '2020-02-07 15:45:21'),
(1, '16.90', 0, '2020-02-07 15:45:22'),
(3, '0.00', 229, '2020-02-07 15:45:22'),
(4, '0.00', 232, '2020-02-07 15:45:22'),
(2, '16.52', 0, '2020-02-07 15:45:23'),
(1, '17.07', 0, '2020-02-07 15:45:23'),
(3, '0.00', 230, '2020-02-07 15:45:23'),
(4, '0.00', 231, '2020-02-07 15:45:23'),
(2, '16.97', 0, '2020-02-07 15:45:25'),
(1, '16.53', 0, '2020-02-07 15:45:25'),
(3, '0.00', 229, '2020-02-07 15:45:25'),
(4, '0.00', 231, '2020-02-07 15:45:25'),
(2, '16.73', 0, '2020-02-07 15:45:27'),
(1, '16.90', 0, '2020-02-07 15:45:27'),
(3, '0.00', 230, '2020-02-07 15:45:27'),
(4, '0.00', 231, '2020-02-07 15:45:27'),
(2, '17.65', 0, '2020-02-07 15:45:29'),
(1, '17.37', 0, '2020-02-07 15:45:29'),
(3, '0.00', 229, '2020-02-07 15:45:29'),
(4, '0.00', 232, '2020-02-07 15:45:29'),
(2, '15.82', 0, '2020-02-07 15:45:31'),
(1, '17.09', 0, '2020-02-07 15:45:31'),
(3, '0.00', 229, '2020-02-07 15:45:31'),
(4, '0.00', 231, '2020-02-07 15:45:31'),
(2, '17.40', 0, '2020-02-07 15:45:33'),
(1, '16.94', 0, '2020-02-07 15:45:33'),
(3, '0.00', 227, '2020-02-07 15:45:33'),
(4, '0.00', 232, '2020-02-07 15:45:33'),
(2, '17.77', 0, '2020-02-07 15:45:35'),
(1, '17.39', 0, '2020-02-07 15:45:35'),
(3, '0.00', 229, '2020-02-07 15:45:35'),
(4, '0.00', 230, '2020-02-07 15:45:35'),
(2, '17.07', 0, '2020-02-07 15:45:37'),
(1, '17.17', 0, '2020-02-07 15:45:37'),
(3, '0.00', 230, '2020-02-07 15:45:37'),
(4, '0.00', 231, '2020-02-07 15:45:37'),
(2, '17.78', 0, '2020-02-07 15:45:39'),
(1, '17.37', 0, '2020-02-07 15:45:39'),
(3, '0.00', 229, '2020-02-07 15:45:39'),
(4, '0.00', 230, '2020-02-07 15:45:39'),
(2, '17.80', 0, '2020-02-07 15:45:41'),
(1, '17.31', 0, '2020-02-07 15:45:41'),
(3, '0.00', 230, '2020-02-07 15:45:41'),
(4, '0.00', 230, '2020-02-07 15:45:41'),
(2, '17.12', 0, '2020-02-07 15:45:43'),
(1, '17.32', 0, '2020-02-07 15:45:43'),
(3, '0.00', 231, '2020-02-07 15:45:43'),
(4, '0.00', 230, '2020-02-07 15:45:43'),
(2, '17.58', 0, '2020-02-07 15:45:45'),
(1, '17.31', 0, '2020-02-07 15:45:45'),
(3, '0.00', 230, '2020-02-07 15:45:45'),
(4, '0.00', 229, '2020-02-07 15:45:45');

-- --------------------------------------------------------

--
-- Table structure for table `tbl_schedules`
--

CREATE TABLE `tbl_schedules` (
  `scheduleID` int(11) NOT NULL,
  `scheduleDate` date DEFAULT NULL,
  `scheduleTime` time NOT NULL,
  `scheduleApplianceID` tinyint(1) NOT NULL,
  `scheduleAction` tinyint(1) NOT NULL,
  `scheduleRepeat` varchar(7) DEFAULT NULL
) ENGINE=InnoDB DEFAULT CHARSET=latin1;

-- --------------------------------------------------------

--
-- Table structure for table `tbl_users`
--

CREATE TABLE `tbl_users` (
  `userID` int(2) NOT NULL,
  `userName` varchar(20) NOT NULL,
  `userPass` varchar(20) NOT NULL,
  `userProf` varchar(20) NOT NULL,
  `userType` tinyint(4) NOT NULL,
  `userFirstName` varchar(50) NOT NULL,
  `userLastName` varchar(50) NOT NULL,
  `userPhoneNumber` varchar(13) DEFAULT NULL
) ENGINE=InnoDB DEFAULT CHARSET=latin1;

--
-- Dumping data for table `tbl_users`
--

INSERT INTO `tbl_users` (`userID`, `userName`, `userPass`, `userProf`, `userType`, `userFirstName`, `userLastName`, `userPhoneNumber`) VALUES
(0, 'abay', 'abay', '', 0, 'Ian Joseph', 'Solon', '9956139395'),
(1, 'znarf', 'znarf', '', 1, 'Franz Dink', 'Catalan', '9999999999');

--
-- Indexes for dumped tables
--

--
-- Indexes for table `tbl_appliances`
--
ALTER TABLE `tbl_appliances`
  ADD PRIMARY KEY (`applianceID`),
  ADD UNIQUE KEY `UK_applianceName` (`applianceName`);

--
-- Indexes for table `tbl_logs`
--
ALTER TABLE `tbl_logs`
  ADD PRIMARY KEY (`logID`);

--
-- Indexes for table `tbl_schedules`
--
ALTER TABLE `tbl_schedules`
  ADD PRIMARY KEY (`scheduleID`),
  ADD KEY `FK_applianceID` (`scheduleApplianceID`);

--
-- Indexes for table `tbl_users`
--
ALTER TABLE `tbl_users`
  ADD PRIMARY KEY (`userID`);

--
-- AUTO_INCREMENT for dumped tables
--

--
-- AUTO_INCREMENT for table `tbl_appliances`
--
ALTER TABLE `tbl_appliances`
  MODIFY `applianceID` tinyint(1) NOT NULL AUTO_INCREMENT, AUTO_INCREMENT=6;
--
-- AUTO_INCREMENT for table `tbl_logs`
--
ALTER TABLE `tbl_logs`
  MODIFY `logID` int(100) NOT NULL AUTO_INCREMENT, AUTO_INCREMENT=460;
--
-- AUTO_INCREMENT for table `tbl_schedules`
--
ALTER TABLE `tbl_schedules`
  MODIFY `scheduleID` int(11) NOT NULL AUTO_INCREMENT;
--
-- AUTO_INCREMENT for table `tbl_users`
--
ALTER TABLE `tbl_users`
  MODIFY `userID` int(2) NOT NULL AUTO_INCREMENT, AUTO_INCREMENT=3;
--
-- Constraints for dumped tables
--

--
-- Constraints for table `tbl_schedules`
--
ALTER TABLE `tbl_schedules`
  ADD CONSTRAINT `FK_applianceID` FOREIGN KEY (`scheduleApplianceID`) REFERENCES `tbl_appliances` (`applianceID`);

/*!40101 SET CHARACTER_SET_CLIENT=@OLD_CHARACTER_SET_CLIENT */;
/*!40101 SET CHARACTER_SET_RESULTS=@OLD_CHARACTER_SET_RESULTS */;
/*!40101 SET COLLATION_CONNECTION=@OLD_COLLATION_CONNECTION */;
