-- phpMyAdmin SQL Dump
-- version 4.6.6deb5
-- https://www.phpmyadmin.net/
--
-- Host: localhost:3306
-- Generation Time: Feb 28, 2020 at 12:51 PM
-- Server version: 10.3.22-MariaDB-0+deb10u1
-- PHP Version: 7.3.14-1~deb10u1

SET SQL_MODE = "NO_AUTO_VALUE_ON_ZERO";
SET time_zone = "+00:00";


/*!40101 SET @OLD_CHARACTER_SET_CLIENT=@@CHARACTER_SET_CLIENT */;
/*!40101 SET @OLD_CHARACTER_SET_RESULTS=@@CHARACTER_SET_RESULTS */;
/*!40101 SET @OLD_COLLATION_CONNECTION=@@COLLATION_CONNECTION */;
/*!40101 SET NAMES utf8mb4 */;

--
-- Database: `homeautomation`
--

-- --------------------------------------------------------

--
-- Table structure for table `tbl_appliances`
--

CREATE TABLE `tbl_appliances` (
  `applianceID` tinyint(1) NOT NULL,
  `applianceName` varchar(20) DEFAULT NULL,
  `applianceRating` decimal(6,2) DEFAULT NULL,
  `applianceStatus` tinyint(1) NOT NULL,
  `applianceOutputPin` smallint(2) NOT NULL,
  `applianceInputPin` tinyint(4) NOT NULL,
  `applianceUCL` smallint(5) DEFAULT NULL,
  `applianceLCL` smallint(5) DEFAULT NULL,
  `applianceReadingStatus` tinyint(1) NOT NULL
) ENGINE=InnoDB DEFAULT CHARSET=latin1;

--
-- Dumping data for table `tbl_appliances`
--

INSERT INTO `tbl_appliances` (`applianceID`, `applianceName`, `applianceRating`, `applianceStatus`, `applianceOutputPin`, `applianceInputPin`, `applianceUCL`, `applianceLCL`, `applianceReadingStatus`) VALUES
(1, 'Lights-Kitchen', '11.26', 0, 40, 37, 15, 7, 0),
(2, 'Fan-Bedroom', NULL, 2, 38, 35, NULL, NULL, 0),
(3, 'Fan-Livingroom', NULL, 0, 36, 33, NULL, NULL, 0),
(4, 'Charger-Phone', NULL, 0, 32, 31, NULL, NULL, 0);

-- --------------------------------------------------------

--
-- Table structure for table `tbl_logs`
--

CREATE TABLE `tbl_logs` (
  `logID` int(100) NOT NULL,
  `logDateTime` datetime NOT NULL,
  `logAppliance` varchar(20) NOT NULL,
  `logAction` tinyint(1) NOT NULL,
  `logVia` tinyint(1) NOT NULL,
  `logUser` smallint(5) NOT NULL
) ENGINE=InnoDB DEFAULT CHARSET=latin1;

--
-- Dumping data for table `tbl_logs`
--

INSERT INTO `tbl_logs` (`logID`, `logDateTime`, `logAppliance`, `logAction`, `logVia`, `logUser`) VALUES
(1, '2020-02-27 15:20:31', 'Lights-Kitchen', 1, 3, 1),
(2, '2020-02-27 15:21:08', 'Fan-Bedroom', 0, 3, 1),
(3, '2020-02-27 15:24:46', 'Lights-Kitchen', 0, 1, 1),
(4, '2020-02-28 11:12:16', 'Lights-Kitchen', 1, 1, 1),
(5, '2020-02-28 11:12:17', 'Lights-Kitchen', 0, 1, 1),
(6, '2020-02-28 11:12:19', 'Fan-Livingroom', 1, 1, 1),
(7, '2020-02-28 11:12:19', 'Fan-Livingroom', 1, 1, 1),
(8, '2020-02-28 11:12:20', 'Fan-Livingroom', 0, 1, 1),
(9, '2020-02-28 11:12:22', 'Charger-Phone', 1, 1, 1),
(10, '2020-02-28 11:12:22', 'Charger-Phone', 1, 1, 1),
(11, '2020-02-28 11:12:24', 'Charger-Phone', 0, 1, 1),
(12, '2020-02-28 11:12:26', 'Fan-Bedroom', 1, 1, 1),
(13, '2020-02-28 11:12:26', 'Fan-Bedroom', 1, 1, 1),
(14, '2020-02-28 11:12:28', 'Fan-Bedroom', 0, 1, 1),
(15, '2020-02-28 11:12:30', 'Fan-Livingroom', 1, 1, 1),
(16, '2020-02-28 11:12:33', 'Fan-Livingroom', 0, 1, 1),
(17, '2020-02-28 11:12:35', 'Charger-Phone', 1, 1, 1),
(18, '2020-02-28 11:12:38', 'Charger-Phone', 0, 1, 1),
(19, '2020-02-28 11:26:23', 'Lights-Kitchen', 1, 0, 1),
(20, '2020-02-28 11:26:24', 'Lights-Kitchen', 0, 0, 1),
(21, '2020-02-28 11:26:28', 'Lights-Kitchen', 1, 0, 1),
(22, '2020-02-28 11:26:31', 'Lights-Kitchen', 0, 0, 1),
(23, '2020-02-28 11:26:35', 'Charger-Phone', 1, 0, 1),
(24, '2020-02-28 11:26:40', 'Charger-Phone', 0, 0, 1),
(25, '2020-02-28 11:26:54', 'Lights-Kitchen', 1, 0, 1),
(26, '2020-02-28 11:26:57', 'Lights-Kitchen', 0, 0, 1),
(27, '2020-02-28 11:27:02', 'Fan-Bedroom', 1, 0, 1),
(28, '2020-02-28 11:27:04', 'Fan-Bedroom', 0, 0, 1),
(29, '2020-02-28 11:28:00', 'Lights-Kitchen', 1, 2, 1),
(30, '2020-02-28 11:33:20', 'Lights-Kitchen', 0, 1, 1),
(31, '2020-02-28 11:33:22', 'Fan-Bedroom', 1, 1, 1),
(32, '2020-02-28 11:33:24', 'Fan-Bedroom', 0, 1, 1),
(33, '2020-02-28 11:34:04', 'Lights-Kitchen', 1, 0, 1),
(34, '2020-02-28 11:34:06', 'Lights-Kitchen', 0, 0, 1),
(35, '2020-02-28 11:35:00', 'Lights-Kitchen', 1, 2, 1),
(36, '2020-02-28 11:36:01', 'Lights-Kitchen', 0, 1, 1),
(37, '2020-02-28 11:36:03', 'Fan-Bedroom', 1, 1, 1),
(38, '2020-02-28 11:36:03', 'Fan-Bedroom', 1, 1, 1),
(39, '2020-02-28 11:36:09', 'Lights-Kitchen', 1, 1, 1),
(40, '2020-02-28 11:38:28', 'Charger-Phone', 1, 0, 1),
(41, '2020-02-28 11:38:39', 'Lights-Kitchen', 0, 0, 1),
(42, '2020-02-28 11:39:00', 'Lights-Kitchen', 1, 2, 1),
(43, '2020-02-28 11:39:03', 'Fan-Bedroom', 0, 1, 1),
(44, '2020-02-28 11:39:03', 'Fan-Bedroom', 0, 1, 1),
(45, '2020-02-28 11:39:05', 'Lights-Kitchen', 0, 1, 1),
(46, '2020-02-28 11:39:07', 'Charger-Phone', 0, 1, 1),
(47, '2020-02-28 11:39:09', 'Fan-Livingroom', 1, 1, 1),
(48, '2020-02-28 11:39:54', 'Fan-Livingroom', 0, 1, 1),
(49, '2020-02-28 11:39:56', 'Charger-Phone', 1, 1, 1),
(50, '2020-02-28 11:39:59', 'Charger-Phone', 0, 1, 1),
(51, '2020-02-28 11:41:16', 'Lights-Kitchen', 2, 0, 1),
(52, '2020-02-28 11:41:22', 'Fan-Bedroom', 2, 0, 1),
(53, '2020-02-28 11:41:27', 'Charger-Phone', 1, 1, 1),
(54, '2020-02-28 11:41:27', 'Charger-Phone', 1, 1, 1),
(55, '2020-02-28 11:41:29', 'Charger-Phone', 0, 1, 1),
(56, '2020-02-28 11:42:24', 'Lights-Kitchen', 3, 0, 1),
(57, '2020-02-28 11:45:26', 'Lights-Kitchen', 1, 0, 1),
(58, '2020-02-28 11:46:30', 'Lights-Kitchen', 0, 1, 1),
(59, '2020-02-28 11:46:33', 'Lights-Kitchen', 1, 0, 1),
(60, '2020-02-28 11:46:35', 'Lights-Kitchen', 0, 0, 1),
(61, '2020-02-28 11:46:37', 'Lights-Kitchen', 1, 0, 1),
(62, '2020-02-28 11:46:39', 'Lights-Kitchen', 0, 0, 1),
(63, '2020-02-28 11:46:40', 'Fan-Livingroom', 1, 1, 1),
(64, '2020-02-28 11:46:42', 'Fan-Livingroom', 0, 1, 1),
(65, '2020-02-28 11:46:45', 'Charger-Phone', 1, 1, 1),
(66, '2020-02-28 11:46:45', 'Lights-Kitchen', 1, 0, 1),
(67, '2020-02-28 11:46:46', 'Charger-Phone', 0, 1, 1),
(68, '2020-02-28 11:46:52', 'Lights-Kitchen', 0, 0, 1),
(69, '2020-02-28 11:46:58', 'Lights-Kitchen', 1, 0, 1),
(70, '2020-02-28 11:46:58', 'Fan-Livingroom', 1, 1, 1),
(71, '2020-02-28 11:46:59', 'Fan-Livingroom', 0, 1, 1),
(72, '2020-02-28 11:47:03', 'Lights-Kitchen', 0, 0, 1),
(73, '2020-02-28 11:47:03', 'Fan-Livingroom', 1, 1, 1),
(74, '2020-02-28 11:47:04', 'Fan-Livingroom', 0, 1, 1),
(75, '2020-02-28 11:47:07', 'Fan-Livingroom', 1, 1, 1),
(76, '2020-02-28 11:47:09', 'Lights-Kitchen', 1, 0, 1),
(77, '2020-02-28 11:47:10', 'Fan-Livingroom', 0, 1, 1),
(78, '2020-02-28 11:47:13', 'Lights-Kitchen', 0, 0, 1),
(79, '2020-02-28 11:47:17', 'Lights-Kitchen', 1, 0, 1),
(80, '2020-02-28 11:47:19', 'Lights-Kitchen', 0, 1, 1),
(81, '2020-02-28 11:47:20', 'Lights-Kitchen', 0, 0, 1),
(82, '2020-02-28 11:47:23', 'Lights-Kitchen', 1, 1, 1),
(83, '2020-02-28 11:47:23', 'Lights-Kitchen', 1, 0, 1),
(84, '2020-02-28 11:47:30', 'Lights-Kitchen', 0, 0, 1),
(85, '2020-02-28 11:47:31', 'Lights-Kitchen', 1, 0, 1),
(86, '2020-02-28 11:47:34', 'Lights-Kitchen', 0, 0, 1),
(87, '2020-02-28 11:48:06', 'Fan-Livingroom', 1, 1, 1),
(88, '2020-02-28 11:48:10', 'Fan-Livingroom', 0, 1, 1),
(89, '2020-02-28 11:49:00', 'Fan-Livingroom', 1, 1, 1),
(90, '2020-02-28 11:49:03', 'Fan-Livingroom', 0, 1, 1),
(91, '2020-02-28 11:49:05', 'Fan-Livingroom', 1, 1, 1),
(92, '2020-02-28 11:49:08', 'Fan-Livingroom', 0, 1, 1),
(93, '2020-02-28 11:49:11', 'Lights-Kitchen', 1, 0, 1),
(94, '2020-02-28 11:49:57', 'Lights-Kitchen', 0, 0, 1),
(95, '2020-02-28 12:11:33', 'Lights-Kitchen', 1, 0, 1),
(96, '2020-02-28 12:11:35', 'Lights-Kitchen', 0, 0, 1),
(97, '2020-02-28 12:11:39', 'Lights-Kitchen', 1, 1, 1),
(98, '2020-02-28 12:11:41', 'Lights-Kitchen', 0, 1, 1),
(99, '2020-02-28 12:11:43', 'Charger-Phone', 1, 1, 1),
(100, '2020-02-28 12:11:49', 'Charger-Phone', 0, 1, 1);

-- --------------------------------------------------------

--
-- Table structure for table `tbl_notifications`
--

CREATE TABLE `tbl_notifications` (
  `notifID` int(11) NOT NULL,
  `notifMessage` varchar(500) NOT NULL,
  `notifText` text NOT NULL,
  `notifDateTime` datetime NOT NULL
) ENGINE=InnoDB DEFAULT CHARSET=utf8mb4;

--
-- Dumping data for table `tbl_notifications`
--

INSERT INTO `tbl_notifications` (`notifID`, `notifMessage`, `notifText`, `notifDateTime`) VALUES
(1, 'Abnormal low watt readings on Port 1 Lights', '0.0 W lower than acceptable levels', '2020-02-26 11:29:59'),
(2, 'Abnormal low watt readings on Port 1 Lights', '0.0 W lower than acceptable levels', '2020-02-26 11:30:06'),
(3, 'Abnormal low watt readings on Port 1 Lights', '0.0 W lower than acceptable levels', '2020-02-26 11:31:25'),
(4, 'Abnormal low watt readings on Port 1 Lights', '0.0 W lower than acceptable levels', '2020-02-26 11:32:50'),
(5, 'Abnormal low watt readings on Port 1 Lights', '0.0 W lower than acceptable levels', '2020-02-26 11:38:48'),
(6, 'Abnormal low watt readings on Port 1 Lights', '0.0 W lower than acceptable levels', '2020-02-26 11:41:24'),
(7, 'Abnormal low watt readings on Port 1 Lights', '0.0 W lower than acceptable levels', '2020-02-26 11:43:34'),
(8, 'Abnormal low watt readings on Port 1 Lights', '0.0 W lower than acceptable levels', '2020-02-26 11:49:32'),
(9, 'Abnormal low watt readings on Port 1 Lights', '0.0 W lower than acceptable levels', '2020-02-26 11:51:19'),
(10, 'Abnormal low watt readings on Port 1 Lights', '0.0 W lower than acceptable levels', '2020-02-26 11:59:00'),
(11, 'Abnormal low watt readings on Port 1 Lights', '0.0 W lower than acceptable levels', '2020-02-26 12:36:05'),
(12, 'Abnormal low watt readings on Port 1 Lights', '0.0 W lower than acceptable levels', '2020-02-26 12:36:40'),
(13, 'Abnormal high watt readings on Port 1 Lights', '3868.497 W lower than acceptable levels', '2020-02-26 12:36:42'),
(14, 'Abnormal low watt readings on Port 1 Lights', '0.0 W lower than acceptable levels', '2020-02-26 12:36:56'),
(15, 'Abnormal low watt readings on Port 1 Lights', '0.0 W lower than acceptable levels', '2020-02-26 12:37:00'),
(16, 'Abnormal low watt readings on Port 1 Lights', '0.0 W lower than acceptable levels', '2020-02-26 12:37:13'),
(17, 'Abnormal low watt readings on Port 1 Lights', '0.0 W lower than acceptable levels', '2020-02-26 12:37:40'),
(18, 'Abnormal low watt readings on Port 1 Lights', '0.0 W lower than acceptable levels', '2020-02-26 12:39:47'),
(19, 'Abnormal low watt readings on Port 1 Lights', '0.0 W lower than acceptable levels', '2020-02-26 12:47:55'),
(20, 'Abnormal low watt readings on Port 1 Lights', '0.0 W lower than acceptable levels', '2020-02-26 12:55:55'),
(21, 'Abnormal low watt readings on Port 1 Lights Kitchen', '0.0 W lower than acceptable levels', '2020-02-26 13:25:43'),
(22, 'Abnormal low watt readings on Port 1 Lights Kitchen', '0.0 W lower than acceptable levels', '2020-02-26 13:29:08'),
(23, 'Abnormal low watt readings on Port 1 Lights Kitchen', '0.0 W lower than acceptable levels', '2020-02-26 13:31:57'),
(24, 'Abnormal low watt readings on Port 1 Lights Kitchen', '0.0 W lower than acceptable levels', '2020-02-26 13:36:49'),
(25, 'Abnormal low watt readings on Port 2 Fan Bedroom', '0.0 W lower than acceptable levels', '2020-02-26 13:41:31'),
(26, 'Abnormal low watt readings on Port 1 Lights Kitchen', '0.0 W lower than acceptable levels', '2020-02-26 13:41:31'),
(27, 'Abnormal low watt readings on Port 1 Lights Kitchen', '0.0 W lower than acceptable levels', '2020-02-26 13:43:03'),
(28, 'Abnormal low watt readings on Port 2 Fan Bedroom', '0.0 W lower than acceptable levels', '2020-02-26 13:44:24'),
(29, 'Abnormal low watt readings on Port 1 Lights Kitchen', '0.0 W lower than acceptable levels', '2020-02-26 13:54:26'),
(30, 'Abnormal low watt readings on Port 1 Lights Kitchen', '0.0 W lower than acceptable levels', '2020-02-26 13:55:30'),
(31, 'Abnormal low watt readings on Port 1 Lights Kitchen', '0.0 W lower than acceptable levels', '2020-02-26 14:01:27'),
(32, 'Abnormal low watt readings on Port 2 Fan Bedroom', '15.87 W lower than acceptable levels', '2020-02-26 14:02:40'),
(33, 'Abnormal low watt readings on Port 1 L Kitchen', '0.0 W lower than acceptable levels', '2020-02-26 14:35:14'),
(34, 'Abnormal low watt readings on Port 1 L Kitchen', '8.05 W lower than acceptable levels', '2020-02-26 14:42:35'),
(35, 'Abnormal low watt readings on Port 4 C Phone', '0.0 W lower than acceptable levels', '2020-02-26 14:44:00'),
(36, 'Abnormal low watt readings on Port 4 C Phone', '0.0 W lower than acceptable levels', '2020-02-26 14:46:31'),
(37, 'Abnormal low watt readings on Port 1 L Kitchen', '8.778 W lower than acceptable levels', '2020-02-26 15:22:49'),
(38, 'Abnormal low watt readings on Port 1 Light Kitchen', '0.0 W lower than acceptable levels', '2020-02-26 17:20:25'),
(39, 'Abnormal low watt readings on Port 1 Lights-Kitchen', '0.0 W lower than acceptable levels', '2020-02-26 19:19:21'),
(40, 'Abnormal low watt readings on Port 1 Lights-Kitchen', '0.0 W lower than acceptable levels', '2020-02-27 09:45:54'),
(41, 'Abnormal low watt readings on Port 2 Fan-Bedroom', '0.0 W lower than acceptable levels', '2020-02-27 09:57:39'),
(42, 'Abnormal low watt readings on Port 2 Fan-Bedroom', '0.0 W lower than acceptable levels', '2020-02-27 10:58:37'),
(43, 'Abnormal low watt readings on Port 2 Fan-Bedroom', '0.0 W lower than acceptable levels', '2020-02-27 11:18:19'),
(44, 'Abnormal low watt readings on Port 2 Fan-Bedroom', '0.0 W lower than acceptable levels', '2020-02-27 11:49:52'),
(45, 'Abnormal low watt readings on Port 1 Lights-Kitchen', '0.0 W lower than acceptable levels', '2020-02-27 11:58:45'),
(46, 'Abnormal low watt readings on Port 1 Lights-Kitchen', '0.0 W lower than acceptable levels', '2020-02-27 13:37:09'),
(47, 'Abnormal low watt readings on Port 1 Lights-Kitchen', '0.0 W lower than acceptable levels', '2020-02-27 13:44:01'),
(48, 'Abnormal low watt readings on Port 1 Lights-Kitchen', '0.0 W lower than acceptable levels', '2020-02-27 14:25:09'),
(49, 'Abnormal high watt readings on Port 1 Lights-Kitchen', '3200.019 W lower than acceptable levels', '2020-02-27 14:25:13'),
(50, 'Abnormal low watt readings on Port 1 Lights-Kitchen', '0.0 W lower than acceptable levels', '2020-02-27 14:25:22'),
(51, 'Abnormal high watt readings on Port 1 Lights-Kitchen', '3600.406 W lower than acceptable levels', '2020-02-27 14:25:27'),
(52, 'Abnormal low watt readings on Port 1 Lights-Kitchen', '0.0 W lower than acceptable levels', '2020-02-27 15:14:14'),
(53, 'Abnormal low watt readings on Port 1 Lights-Kitchen', '0.0 W lower than acceptable levels', '2020-02-28 11:26:31'),
(54, 'Abnormal low watt readings on Port 1 Lights-Kitchen', '0.0 W lower than acceptable levels', '2020-02-28 11:28:04'),
(55, 'Abnormal low watt readings on Port 1 Lights-Kitchen', '0.0 W lower than acceptable levels', '2020-02-28 11:35:12'),
(56, 'Abnormal low watt readings on Port 1 Lights-Kitchen', '0.0 W lower than acceptable levels', '2020-02-28 11:36:12'),
(57, 'Abnormal low watt readings on Port 1 Lights-Kitchen', '0.0 W lower than acceptable levels', '2020-02-28 11:39:04'),
(58, 'Abnormal low watt readings on Port 1 Lights-Kitchen', '0.0 W lower than acceptable levels', '2020-02-28 11:45:30'),
(59, 'Abnormal low watt readings on Port 1 Lights-Kitchen', '0.0 W lower than acceptable levels', '2020-02-28 11:46:48'),
(60, 'Abnormal low watt readings on Port 1 Lights-Kitchen', '0.0 W lower than acceptable levels', '2020-02-28 11:47:00'),
(61, 'Abnormal low watt readings on Port 1 Lights-Kitchen', '0.0 W lower than acceptable levels', '2020-02-28 11:47:13'),
(62, 'Abnormal low watt readings on Port 1 Lights-Kitchen', '0.0 W lower than acceptable levels', '2020-02-28 11:47:25'),
(63, 'Abnormal low watt readings on Port 1 Lights-Kitchen', '0.0 W lower than acceptable levels', '2020-02-28 11:49:14'),
(64, 'Abnormal low watt readings on Port 1 Lights-Kitchen', '0.0 W lower than acceptable levels', '2020-02-28 12:11:41');

-- --------------------------------------------------------

--
-- Table structure for table `tbl_notification_status`
--

CREATE TABLE `tbl_notification_status` (
  `notifUserID` tinyint(1) NOT NULL,
  `notifID` int(11) NOT NULL,
  `notifStatus` tinyint(1) NOT NULL
) ENGINE=InnoDB DEFAULT CHARSET=utf8mb4;

--
-- Dumping data for table `tbl_notification_status`
--

INSERT INTO `tbl_notification_status` (`notifUserID`, `notifID`, `notifStatus`) VALUES
(2, 46, 0),
(2, 47, 0),
(2, 48, 0),
(2, 49, 0),
(2, 50, 0),
(2, 51, 0),
(2, 52, 0),
(1, 53, 0),
(2, 53, 0),
(1, 54, 0),
(2, 54, 0),
(1, 55, 0),
(2, 55, 0),
(1, 56, 0),
(2, 56, 0),
(1, 57, 0),
(2, 57, 0),
(1, 58, 0),
(2, 58, 0),
(1, 59, 0),
(2, 59, 0),
(1, 60, 0),
(2, 60, 0),
(2, 61, 0),
(2, 62, 0),
(1, 63, 0),
(2, 63, 0),
(1, 64, 0),
(2, 64, 0);

-- --------------------------------------------------------

--
-- Table structure for table `tbl_readings`
--

CREATE TABLE `tbl_readings` (
  `applianceID` tinyint(1) NOT NULL,
  `rCurrent` decimal(4,2) NOT NULL,
  `rVoltage` smallint(3) NOT NULL,
  `rDateTime` datetime NOT NULL
) ENGINE=InnoDB DEFAULT CHARSET=utf8mb4;

--
-- Dumping data for table `tbl_readings`
--

INSERT INTO `tbl_readings` (`applianceID`, `rCurrent`, `rVoltage`, `rDateTime`) VALUES
(2, '0.00', 0, '2020-02-28 12:46:02'),
(1, '0.00', 0, '2020-02-28 12:46:02'),
(3, '0.00', 0, '2020-02-28 12:46:02'),
(4, '0.00', 0, '2020-02-28 12:46:02'),
(2, '0.00', 0, '2020-02-28 12:46:04'),
(1, '0.00', 0, '2020-02-28 12:46:04'),
(3, '0.00', 0, '2020-02-28 12:46:04'),
(4, '0.00', 0, '2020-02-28 12:46:04'),
(2, '0.00', 0, '2020-02-28 12:46:05'),
(1, '0.00', 0, '2020-02-28 12:46:05'),
(3, '0.00', 0, '2020-02-28 12:46:05'),
(4, '0.00', 0, '2020-02-28 12:46:06'),
(2, '0.00', 0, '2020-02-28 12:46:07'),
(1, '0.00', 0, '2020-02-28 12:46:07'),
(3, '0.00', 0, '2020-02-28 12:46:07'),
(4, '0.00', 0, '2020-02-28 12:46:07'),
(2, '0.00', 0, '2020-02-28 12:46:09'),
(1, '0.00', 0, '2020-02-28 12:46:09'),
(3, '0.00', 0, '2020-02-28 12:46:09'),
(4, '0.00', 0, '2020-02-28 12:46:09'),
(2, '0.00', 0, '2020-02-28 12:46:11'),
(1, '0.00', 0, '2020-02-28 12:46:11'),
(3, '0.00', 0, '2020-02-28 12:46:11'),
(4, '0.00', 0, '2020-02-28 12:46:11'),
(2, '0.00', 0, '2020-02-28 12:46:13'),
(1, '0.00', 0, '2020-02-28 12:46:13'),
(3, '0.00', 0, '2020-02-28 12:46:13'),
(4, '0.00', 0, '2020-02-28 12:46:13'),
(2, '0.00', 0, '2020-02-28 12:46:15'),
(1, '0.00', 0, '2020-02-28 12:46:15'),
(3, '0.00', 0, '2020-02-28 12:46:15'),
(4, '0.00', 0, '2020-02-28 12:46:15'),
(2, '0.00', 0, '2020-02-28 12:46:17'),
(1, '0.00', 0, '2020-02-28 12:46:17'),
(3, '0.00', 0, '2020-02-28 12:46:17'),
(4, '0.00', 0, '2020-02-28 12:46:17'),
(2, '0.00', 0, '2020-02-28 12:46:19'),
(1, '0.00', 0, '2020-02-28 12:46:19'),
(3, '0.00', 0, '2020-02-28 12:46:19'),
(4, '0.00', 0, '2020-02-28 12:46:19'),
(2, '0.00', 0, '2020-02-28 12:46:20'),
(1, '0.00', 0, '2020-02-28 12:46:20'),
(3, '0.00', 0, '2020-02-28 12:46:20'),
(4, '0.00', 0, '2020-02-28 12:46:20'),
(2, '0.00', 0, '2020-02-28 12:46:22'),
(1, '0.00', 0, '2020-02-28 12:46:22'),
(3, '0.00', 0, '2020-02-28 12:46:22'),
(4, '0.00', 0, '2020-02-28 12:46:22'),
(2, '0.00', 0, '2020-02-28 12:46:24'),
(1, '0.00', 0, '2020-02-28 12:46:24'),
(3, '0.00', 0, '2020-02-28 12:46:24'),
(4, '0.00', 0, '2020-02-28 12:46:24'),
(2, '0.00', 0, '2020-02-28 12:46:26'),
(1, '0.00', 0, '2020-02-28 12:46:26'),
(3, '0.00', 0, '2020-02-28 12:46:26'),
(4, '0.00', 0, '2020-02-28 12:46:26'),
(2, '0.00', 0, '2020-02-28 12:46:28'),
(1, '0.00', 0, '2020-02-28 12:46:29'),
(3, '0.00', 0, '2020-02-28 12:46:29'),
(4, '0.00', 0, '2020-02-28 12:46:29'),
(2, '0.00', 0, '2020-02-28 12:46:31'),
(1, '0.00', 0, '2020-02-28 12:46:31'),
(3, '0.00', 0, '2020-02-28 12:46:31'),
(4, '0.00', 0, '2020-02-28 12:46:31'),
(2, '0.00', 0, '2020-02-28 12:46:33'),
(1, '0.00', 0, '2020-02-28 12:46:33'),
(3, '0.00', 0, '2020-02-28 12:46:33'),
(4, '0.00', 0, '2020-02-28 12:46:33'),
(2, '0.00', 0, '2020-02-28 12:46:35'),
(1, '0.00', 0, '2020-02-28 12:46:35'),
(3, '0.00', 0, '2020-02-28 12:46:35'),
(4, '0.00', 0, '2020-02-28 12:46:35'),
(2, '0.00', 0, '2020-02-28 12:46:37'),
(1, '0.00', 0, '2020-02-28 12:46:37'),
(3, '0.00', 0, '2020-02-28 12:46:37'),
(4, '0.00', 0, '2020-02-28 12:46:37'),
(2, '0.00', 0, '2020-02-28 12:46:39'),
(1, '0.00', 0, '2020-02-28 12:46:39'),
(3, '0.00', 0, '2020-02-28 12:46:39'),
(4, '0.00', 0, '2020-02-28 12:46:39'),
(2, '0.00', 0, '2020-02-28 12:46:41'),
(1, '0.00', 0, '2020-02-28 12:46:41'),
(3, '0.00', 0, '2020-02-28 12:46:41'),
(4, '0.00', 0, '2020-02-28 12:46:41'),
(2, '0.00', 0, '2020-02-28 12:46:43'),
(1, '0.00', 0, '2020-02-28 12:46:43'),
(3, '0.00', 0, '2020-02-28 12:46:43'),
(4, '0.00', 0, '2020-02-28 12:46:43'),
(2, '0.00', 0, '2020-02-28 12:46:45'),
(1, '0.00', 0, '2020-02-28 12:46:45'),
(3, '0.00', 0, '2020-02-28 12:46:45'),
(4, '0.00', 0, '2020-02-28 12:46:45'),
(2, '0.00', 0, '2020-02-28 12:46:46'),
(1, '0.00', 0, '2020-02-28 12:46:46'),
(3, '0.00', 0, '2020-02-28 12:46:46'),
(4, '0.00', 0, '2020-02-28 12:46:46'),
(2, '0.00', 0, '2020-02-28 12:46:48'),
(1, '0.00', 0, '2020-02-28 12:46:48'),
(3, '0.00', 0, '2020-02-28 12:46:48'),
(4, '0.00', 0, '2020-02-28 12:46:48'),
(2, '0.00', 0, '2020-02-28 12:46:50'),
(1, '0.00', 0, '2020-02-28 12:46:50'),
(3, '0.00', 0, '2020-02-28 12:46:50'),
(4, '0.00', 0, '2020-02-28 12:46:50'),
(2, '0.00', 0, '2020-02-28 12:46:52'),
(1, '0.00', 0, '2020-02-28 12:46:52'),
(3, '0.00', 0, '2020-02-28 12:46:52'),
(4, '0.00', 0, '2020-02-28 12:46:52'),
(2, '0.00', 0, '2020-02-28 12:46:54'),
(1, '0.00', 0, '2020-02-28 12:46:54'),
(3, '0.00', 0, '2020-02-28 12:46:54'),
(4, '0.00', 0, '2020-02-28 12:46:54'),
(2, '0.00', 0, '2020-02-28 12:46:56'),
(1, '0.00', 0, '2020-02-28 12:46:56'),
(3, '0.00', 0, '2020-02-28 12:46:56'),
(4, '0.00', 0, '2020-02-28 12:46:56'),
(2, '0.00', 0, '2020-02-28 12:46:59'),
(1, '0.00', 0, '2020-02-28 12:46:59'),
(3, '0.00', 0, '2020-02-28 12:46:59'),
(4, '0.00', 0, '2020-02-28 12:46:59'),
(2, '0.00', 0, '2020-02-28 12:47:02'),
(1, '0.00', 0, '2020-02-28 12:47:02'),
(3, '0.00', 0, '2020-02-28 12:47:02'),
(4, '0.00', 0, '2020-02-28 12:47:02'),
(2, '0.00', 0, '2020-02-28 12:47:05'),
(1, '0.00', 0, '2020-02-28 12:47:05'),
(3, '0.00', 0, '2020-02-28 12:47:05'),
(4, '0.00', 0, '2020-02-28 12:47:05'),
(2, '0.00', 0, '2020-02-28 12:47:07'),
(1, '0.00', 0, '2020-02-28 12:47:07'),
(3, '0.00', 0, '2020-02-28 12:47:07'),
(4, '0.00', 0, '2020-02-28 12:47:07'),
(2, '0.00', 0, '2020-02-28 12:47:09'),
(1, '0.00', 0, '2020-02-28 12:47:09'),
(3, '0.00', 0, '2020-02-28 12:47:09'),
(4, '0.00', 0, '2020-02-28 12:47:09'),
(2, '0.00', 0, '2020-02-28 12:47:11'),
(1, '0.00', 0, '2020-02-28 12:47:11'),
(3, '0.00', 0, '2020-02-28 12:47:11'),
(4, '0.00', 0, '2020-02-28 12:47:11'),
(2, '0.00', 0, '2020-02-28 12:47:13'),
(1, '0.00', 0, '2020-02-28 12:47:13'),
(3, '0.00', 0, '2020-02-28 12:47:13'),
(4, '0.00', 0, '2020-02-28 12:47:13'),
(2, '0.00', 0, '2020-02-28 12:47:15'),
(1, '0.00', 0, '2020-02-28 12:47:15'),
(3, '0.00', 0, '2020-02-28 12:47:15'),
(4, '0.00', 0, '2020-02-28 12:47:15'),
(2, '0.00', 0, '2020-02-28 12:47:17'),
(1, '0.00', 0, '2020-02-28 12:47:17'),
(3, '0.00', 0, '2020-02-28 12:47:17'),
(4, '0.00', 0, '2020-02-28 12:47:17'),
(2, '0.00', 0, '2020-02-28 12:47:19'),
(1, '0.00', 0, '2020-02-28 12:47:19'),
(3, '0.00', 0, '2020-02-28 12:47:19'),
(4, '0.00', 0, '2020-02-28 12:47:19'),
(2, '0.00', 0, '2020-02-28 12:47:21'),
(1, '0.00', 0, '2020-02-28 12:47:21'),
(3, '0.00', 0, '2020-02-28 12:47:21'),
(4, '0.00', 0, '2020-02-28 12:47:21'),
(2, '0.00', 0, '2020-02-28 12:47:23'),
(1, '0.00', 0, '2020-02-28 12:47:23'),
(3, '0.00', 0, '2020-02-28 12:47:23'),
(4, '0.00', 0, '2020-02-28 12:47:23'),
(2, '0.00', 0, '2020-02-28 12:47:25'),
(1, '0.00', 0, '2020-02-28 12:47:25'),
(3, '0.00', 0, '2020-02-28 12:47:25'),
(4, '0.00', 0, '2020-02-28 12:47:25'),
(2, '0.00', 0, '2020-02-28 12:47:27'),
(1, '0.00', 0, '2020-02-28 12:47:27'),
(3, '0.00', 0, '2020-02-28 12:47:27'),
(4, '0.00', 0, '2020-02-28 12:47:27'),
(2, '0.00', 0, '2020-02-28 12:47:29'),
(1, '0.00', 0, '2020-02-28 12:47:29'),
(3, '0.00', 0, '2020-02-28 12:47:29'),
(4, '0.00', 0, '2020-02-28 12:47:29'),
(2, '0.00', 0, '2020-02-28 12:47:30'),
(1, '0.00', 0, '2020-02-28 12:47:31'),
(3, '0.00', 0, '2020-02-28 12:47:31'),
(4, '0.00', 0, '2020-02-28 12:47:31'),
(2, '0.00', 0, '2020-02-28 12:47:32'),
(1, '0.00', 0, '2020-02-28 12:47:32'),
(3, '0.00', 0, '2020-02-28 12:47:32'),
(4, '0.00', 0, '2020-02-28 12:47:32'),
(2, '0.00', 0, '2020-02-28 12:47:34'),
(1, '0.00', 0, '2020-02-28 12:47:34'),
(3, '0.00', 0, '2020-02-28 12:47:34'),
(4, '0.00', 0, '2020-02-28 12:47:34'),
(2, '0.00', 0, '2020-02-28 12:47:36'),
(1, '0.00', 0, '2020-02-28 12:47:36'),
(3, '0.00', 0, '2020-02-28 12:47:36'),
(4, '0.00', 0, '2020-02-28 12:47:36'),
(2, '0.00', 0, '2020-02-28 12:47:38'),
(1, '0.00', 0, '2020-02-28 12:47:38'),
(3, '0.00', 0, '2020-02-28 12:47:38'),
(4, '0.00', 0, '2020-02-28 12:47:38'),
(2, '0.00', 0, '2020-02-28 12:47:40'),
(1, '0.00', 0, '2020-02-28 12:47:40'),
(3, '0.00', 0, '2020-02-28 12:47:40'),
(4, '0.00', 0, '2020-02-28 12:47:40'),
(2, '0.00', 0, '2020-02-28 12:47:42'),
(1, '0.00', 0, '2020-02-28 12:47:42'),
(3, '0.00', 0, '2020-02-28 12:47:42'),
(4, '0.00', 0, '2020-02-28 12:47:42'),
(2, '0.00', 0, '2020-02-28 12:47:44'),
(1, '0.00', 0, '2020-02-28 12:47:44'),
(3, '0.00', 0, '2020-02-28 12:47:44'),
(4, '0.00', 0, '2020-02-28 12:47:44'),
(2, '0.00', 0, '2020-02-28 12:47:46'),
(1, '0.00', 0, '2020-02-28 12:47:46'),
(3, '0.00', 0, '2020-02-28 12:47:46'),
(4, '0.00', 0, '2020-02-28 12:47:46'),
(2, '0.00', 0, '2020-02-28 12:47:48'),
(1, '0.00', 0, '2020-02-28 12:47:48'),
(3, '0.00', 0, '2020-02-28 12:47:48'),
(4, '0.00', 0, '2020-02-28 12:47:48'),
(2, '0.00', 0, '2020-02-28 12:47:49'),
(1, '0.00', 0, '2020-02-28 12:47:49'),
(3, '0.00', 0, '2020-02-28 12:47:49'),
(4, '0.00', 0, '2020-02-28 12:47:49'),
(2, '0.00', 0, '2020-02-28 12:47:51'),
(1, '0.00', 0, '2020-02-28 12:47:51'),
(3, '0.00', 0, '2020-02-28 12:47:51'),
(4, '0.00', 0, '2020-02-28 12:47:51'),
(2, '0.00', 0, '2020-02-28 12:47:53'),
(1, '0.00', 0, '2020-02-28 12:47:53'),
(3, '0.00', 0, '2020-02-28 12:47:53'),
(4, '0.00', 0, '2020-02-28 12:47:53'),
(2, '0.00', 0, '2020-02-28 12:47:55'),
(1, '0.00', 0, '2020-02-28 12:47:55'),
(3, '0.00', 0, '2020-02-28 12:47:55'),
(4, '0.00', 0, '2020-02-28 12:47:55'),
(2, '0.00', 0, '2020-02-28 12:47:57'),
(1, '0.00', 0, '2020-02-28 12:47:57'),
(3, '0.00', 0, '2020-02-28 12:47:57'),
(4, '0.00', 0, '2020-02-28 12:47:57'),
(2, '0.00', 0, '2020-02-28 12:47:59'),
(1, '0.00', 0, '2020-02-28 12:47:59'),
(3, '0.00', 0, '2020-02-28 12:47:59'),
(4, '0.00', 0, '2020-02-28 12:47:59'),
(2, '0.00', 0, '2020-02-28 12:48:01'),
(1, '0.00', 0, '2020-02-28 12:48:01'),
(3, '0.00', 0, '2020-02-28 12:48:01'),
(4, '0.00', 0, '2020-02-28 12:48:01'),
(2, '0.00', 0, '2020-02-28 12:48:03'),
(1, '0.00', 0, '2020-02-28 12:48:03'),
(3, '0.00', 0, '2020-02-28 12:48:03'),
(4, '0.00', 0, '2020-02-28 12:48:03'),
(2, '0.00', 0, '2020-02-28 12:48:05'),
(1, '0.00', 0, '2020-02-28 12:48:05'),
(3, '0.00', 0, '2020-02-28 12:48:05'),
(4, '0.00', 0, '2020-02-28 12:48:05'),
(2, '0.00', 0, '2020-02-28 12:48:06'),
(1, '0.00', 0, '2020-02-28 12:48:07'),
(3, '0.00', 0, '2020-02-28 12:48:07'),
(4, '0.00', 0, '2020-02-28 12:48:07'),
(2, '0.00', 0, '2020-02-28 12:48:08'),
(1, '0.00', 0, '2020-02-28 12:48:08'),
(3, '0.00', 0, '2020-02-28 12:48:08'),
(4, '0.00', 0, '2020-02-28 12:48:08'),
(2, '0.00', 0, '2020-02-28 12:48:10'),
(1, '0.00', 0, '2020-02-28 12:48:10'),
(3, '0.00', 0, '2020-02-28 12:48:10'),
(4, '0.00', 0, '2020-02-28 12:48:10'),
(2, '0.00', 0, '2020-02-28 12:48:12'),
(1, '0.00', 0, '2020-02-28 12:48:12'),
(3, '0.00', 0, '2020-02-28 12:48:12'),
(4, '0.00', 0, '2020-02-28 12:48:12'),
(2, '0.00', 0, '2020-02-28 12:48:14'),
(1, '0.00', 0, '2020-02-28 12:48:14'),
(3, '0.00', 0, '2020-02-28 12:48:14'),
(4, '0.00', 0, '2020-02-28 12:48:14'),
(2, '0.00', 0, '2020-02-28 12:48:16'),
(1, '0.00', 0, '2020-02-28 12:48:16'),
(3, '0.00', 0, '2020-02-28 12:48:16'),
(4, '0.00', 0, '2020-02-28 12:48:16'),
(2, '0.00', 0, '2020-02-28 12:48:18'),
(1, '0.00', 0, '2020-02-28 12:48:18'),
(3, '0.00', 0, '2020-02-28 12:48:18'),
(4, '0.00', 0, '2020-02-28 12:48:18'),
(2, '0.00', 0, '2020-02-28 12:48:20'),
(1, '0.00', 0, '2020-02-28 12:48:20'),
(3, '0.00', 0, '2020-02-28 12:48:20'),
(4, '0.00', 0, '2020-02-28 12:48:20'),
(2, '0.00', 0, '2020-02-28 12:48:22'),
(1, '0.00', 0, '2020-02-28 12:48:22'),
(3, '0.00', 0, '2020-02-28 12:48:22'),
(4, '0.00', 0, '2020-02-28 12:48:22'),
(2, '0.00', 0, '2020-02-28 12:48:23'),
(1, '0.00', 0, '2020-02-28 12:48:23'),
(3, '0.00', 0, '2020-02-28 12:48:23'),
(4, '0.00', 0, '2020-02-28 12:48:23'),
(2, '0.00', 0, '2020-02-28 12:48:27'),
(1, '0.00', 0, '2020-02-28 12:48:27'),
(3, '0.00', 0, '2020-02-28 12:48:27'),
(4, '0.00', 0, '2020-02-28 12:48:27'),
(2, '0.00', 0, '2020-02-28 12:48:29'),
(1, '0.00', 0, '2020-02-28 12:48:29'),
(3, '0.00', 0, '2020-02-28 12:48:29'),
(4, '0.00', 0, '2020-02-28 12:48:29'),
(2, '0.00', 0, '2020-02-28 12:48:31'),
(1, '0.00', 0, '2020-02-28 12:48:31'),
(3, '0.00', 0, '2020-02-28 12:48:31'),
(4, '0.00', 0, '2020-02-28 12:48:31'),
(2, '0.00', 0, '2020-02-28 12:48:33'),
(1, '0.00', 0, '2020-02-28 12:48:33'),
(3, '0.00', 0, '2020-02-28 12:48:33'),
(4, '0.00', 0, '2020-02-28 12:48:33'),
(2, '0.00', 0, '2020-02-28 12:48:35'),
(1, '0.00', 0, '2020-02-28 12:48:35'),
(3, '0.00', 0, '2020-02-28 12:48:35'),
(4, '0.00', 0, '2020-02-28 12:48:35'),
(2, '0.00', 0, '2020-02-28 12:48:37'),
(1, '0.00', 0, '2020-02-28 12:48:37'),
(3, '0.00', 0, '2020-02-28 12:48:37'),
(4, '0.00', 0, '2020-02-28 12:48:37'),
(2, '0.00', 0, '2020-02-28 12:48:39'),
(1, '0.00', 0, '2020-02-28 12:48:39'),
(3, '0.00', 0, '2020-02-28 12:48:39'),
(4, '0.00', 0, '2020-02-28 12:48:39'),
(2, '0.00', 0, '2020-02-28 12:48:41'),
(1, '0.00', 0, '2020-02-28 12:48:41'),
(3, '0.00', 0, '2020-02-28 12:48:41'),
(4, '0.00', 0, '2020-02-28 12:48:41'),
(2, '0.00', 0, '2020-02-28 12:48:43'),
(1, '0.00', 0, '2020-02-28 12:48:43'),
(3, '0.00', 0, '2020-02-28 12:48:43'),
(4, '0.00', 0, '2020-02-28 12:48:43'),
(2, '0.00', 0, '2020-02-28 12:48:45'),
(1, '0.00', 0, '2020-02-28 12:48:45'),
(3, '0.00', 0, '2020-02-28 12:48:45'),
(4, '0.00', 0, '2020-02-28 12:48:45'),
(2, '0.00', 0, '2020-02-28 12:48:46'),
(1, '0.00', 0, '2020-02-28 12:48:46'),
(3, '0.00', 0, '2020-02-28 12:48:46'),
(4, '0.00', 0, '2020-02-28 12:48:46'),
(2, '0.00', 0, '2020-02-28 12:48:48'),
(1, '0.00', 0, '2020-02-28 12:48:48'),
(3, '0.00', 0, '2020-02-28 12:48:48'),
(4, '0.00', 0, '2020-02-28 12:48:48'),
(2, '0.00', 0, '2020-02-28 12:48:50'),
(1, '0.00', 0, '2020-02-28 12:48:50'),
(3, '0.00', 0, '2020-02-28 12:48:50'),
(4, '0.00', 0, '2020-02-28 12:48:50'),
(2, '0.00', 0, '2020-02-28 12:48:52'),
(1, '0.00', 0, '2020-02-28 12:48:52'),
(3, '0.00', 0, '2020-02-28 12:48:52'),
(4, '0.00', 0, '2020-02-28 12:48:52'),
(2, '0.00', 0, '2020-02-28 12:48:54'),
(1, '0.00', 0, '2020-02-28 12:48:54'),
(3, '0.00', 0, '2020-02-28 12:48:54'),
(4, '0.00', 0, '2020-02-28 12:48:54'),
(2, '0.00', 0, '2020-02-28 12:48:56'),
(1, '0.00', 0, '2020-02-28 12:48:56'),
(3, '0.00', 0, '2020-02-28 12:48:56'),
(4, '0.00', 0, '2020-02-28 12:48:56'),
(2, '0.00', 0, '2020-02-28 12:48:58'),
(1, '0.00', 0, '2020-02-28 12:48:58'),
(3, '0.00', 0, '2020-02-28 12:48:58'),
(4, '0.00', 0, '2020-02-28 12:48:58'),
(2, '0.00', 0, '2020-02-28 12:49:00'),
(1, '0.00', 0, '2020-02-28 12:49:00'),
(3, '0.00', 0, '2020-02-28 12:49:00'),
(4, '0.00', 0, '2020-02-28 12:49:00'),
(2, '0.00', 0, '2020-02-28 12:49:02'),
(1, '0.00', 0, '2020-02-28 12:49:02'),
(3, '0.00', 0, '2020-02-28 12:49:02'),
(4, '0.00', 0, '2020-02-28 12:49:02'),
(2, '0.00', 0, '2020-02-28 12:49:04'),
(1, '0.00', 0, '2020-02-28 12:49:04'),
(3, '0.00', 0, '2020-02-28 12:49:04'),
(4, '0.00', 0, '2020-02-28 12:49:04'),
(2, '0.00', 0, '2020-02-28 12:49:05'),
(1, '0.00', 0, '2020-02-28 12:49:05'),
(3, '0.00', 0, '2020-02-28 12:49:06'),
(4, '0.00', 0, '2020-02-28 12:49:06'),
(2, '0.00', 0, '2020-02-28 12:49:07'),
(1, '0.00', 0, '2020-02-28 12:49:07'),
(3, '0.00', 0, '2020-02-28 12:49:07'),
(4, '0.00', 0, '2020-02-28 12:49:08'),
(2, '0.00', 0, '2020-02-28 12:49:09'),
(1, '0.00', 0, '2020-02-28 12:49:09'),
(3, '0.00', 0, '2020-02-28 12:49:09'),
(4, '0.00', 0, '2020-02-28 12:49:09'),
(2, '0.00', 0, '2020-02-28 12:49:11'),
(1, '0.00', 0, '2020-02-28 12:49:11'),
(3, '0.00', 0, '2020-02-28 12:49:11'),
(4, '0.00', 0, '2020-02-28 12:49:11'),
(2, '0.00', 0, '2020-02-28 12:49:13'),
(1, '0.00', 0, '2020-02-28 12:49:13'),
(3, '0.00', 0, '2020-02-28 12:49:13'),
(4, '0.00', 0, '2020-02-28 12:49:13'),
(2, '0.00', 0, '2020-02-28 12:49:15'),
(1, '0.00', 0, '2020-02-28 12:49:15'),
(3, '0.00', 0, '2020-02-28 12:49:15'),
(4, '0.00', 0, '2020-02-28 12:49:15'),
(2, '0.00', 0, '2020-02-28 12:49:17'),
(1, '0.00', 0, '2020-02-28 12:49:17'),
(3, '0.00', 0, '2020-02-28 12:49:17'),
(4, '0.00', 0, '2020-02-28 12:49:17'),
(2, '0.00', 0, '2020-02-28 12:49:19'),
(1, '0.00', 0, '2020-02-28 12:49:19'),
(3, '0.00', 0, '2020-02-28 12:49:19'),
(4, '0.00', 0, '2020-02-28 12:49:19'),
(2, '0.00', 0, '2020-02-28 12:49:21'),
(1, '0.00', 0, '2020-02-28 12:49:21'),
(3, '0.00', 0, '2020-02-28 12:49:21'),
(4, '0.00', 0, '2020-02-28 12:49:21'),
(2, '0.00', 0, '2020-02-28 12:49:23'),
(1, '0.00', 0, '2020-02-28 12:49:23'),
(3, '0.00', 0, '2020-02-28 12:49:23'),
(4, '0.00', 0, '2020-02-28 12:49:23'),
(2, '0.00', 0, '2020-02-28 12:49:25'),
(1, '0.00', 0, '2020-02-28 12:49:25'),
(3, '0.00', 0, '2020-02-28 12:49:25'),
(4, '0.00', 0, '2020-02-28 12:49:25'),
(2, '0.00', 0, '2020-02-28 12:49:27'),
(1, '0.00', 0, '2020-02-28 12:49:27'),
(3, '0.00', 0, '2020-02-28 12:49:27'),
(4, '0.00', 0, '2020-02-28 12:49:27'),
(2, '0.00', 0, '2020-02-28 12:49:29'),
(1, '0.00', 0, '2020-02-28 12:49:29'),
(3, '0.00', 0, '2020-02-28 12:49:29'),
(4, '0.00', 0, '2020-02-28 12:49:29'),
(2, '0.00', 0, '2020-02-28 12:49:31'),
(1, '0.00', 0, '2020-02-28 12:49:31'),
(3, '0.00', 0, '2020-02-28 12:49:31'),
(4, '0.00', 0, '2020-02-28 12:49:31'),
(2, '0.00', 0, '2020-02-28 12:49:33'),
(1, '0.00', 0, '2020-02-28 12:49:33'),
(3, '0.00', 0, '2020-02-28 12:49:33'),
(4, '0.00', 0, '2020-02-28 12:49:33'),
(2, '0.00', 0, '2020-02-28 12:49:35'),
(1, '0.00', 0, '2020-02-28 12:49:35'),
(3, '0.00', 0, '2020-02-28 12:49:35'),
(4, '0.00', 0, '2020-02-28 12:49:35'),
(2, '0.00', 0, '2020-02-28 12:49:37'),
(1, '0.00', 0, '2020-02-28 12:49:37'),
(3, '0.00', 0, '2020-02-28 12:49:37'),
(4, '0.00', 0, '2020-02-28 12:49:37'),
(2, '0.00', 0, '2020-02-28 12:49:39'),
(1, '0.00', 0, '2020-02-28 12:49:39'),
(3, '0.00', 0, '2020-02-28 12:49:39'),
(4, '0.00', 0, '2020-02-28 12:49:39'),
(2, '0.00', 0, '2020-02-28 12:49:40'),
(1, '0.00', 0, '2020-02-28 12:49:40'),
(3, '0.00', 0, '2020-02-28 12:49:40'),
(4, '0.00', 0, '2020-02-28 12:49:41'),
(2, '0.00', 0, '2020-02-28 12:49:42'),
(1, '0.00', 0, '2020-02-28 12:49:42'),
(3, '0.00', 0, '2020-02-28 12:49:42'),
(4, '0.00', 0, '2020-02-28 12:49:42'),
(2, '0.00', 0, '2020-02-28 12:49:44'),
(1, '0.00', 0, '2020-02-28 12:49:44'),
(3, '0.00', 0, '2020-02-28 12:49:44'),
(4, '0.00', 0, '2020-02-28 12:49:44'),
(2, '0.00', 0, '2020-02-28 12:49:46'),
(1, '0.00', 0, '2020-02-28 12:49:46'),
(3, '0.00', 0, '2020-02-28 12:49:46'),
(4, '0.00', 0, '2020-02-28 12:49:46'),
(2, '0.00', 0, '2020-02-28 12:49:48'),
(1, '0.00', 0, '2020-02-28 12:49:48'),
(3, '0.00', 0, '2020-02-28 12:49:48'),
(4, '0.00', 0, '2020-02-28 12:49:48'),
(2, '0.00', 0, '2020-02-28 12:49:50'),
(1, '0.00', 0, '2020-02-28 12:49:50'),
(3, '0.00', 0, '2020-02-28 12:49:50'),
(4, '0.00', 0, '2020-02-28 12:49:50'),
(2, '0.00', 0, '2020-02-28 12:49:52'),
(1, '0.00', 0, '2020-02-28 12:49:52'),
(3, '0.00', 0, '2020-02-28 12:49:52'),
(4, '0.00', 0, '2020-02-28 12:49:52'),
(2, '0.00', 0, '2020-02-28 12:49:54'),
(1, '0.00', 0, '2020-02-28 12:49:54'),
(3, '0.00', 0, '2020-02-28 12:49:54'),
(4, '0.00', 0, '2020-02-28 12:49:54'),
(2, '0.00', 0, '2020-02-28 12:49:56'),
(1, '0.00', 0, '2020-02-28 12:49:56'),
(3, '0.00', 0, '2020-02-28 12:49:56'),
(4, '0.00', 0, '2020-02-28 12:49:57'),
(2, '0.00', 0, '2020-02-28 12:49:59'),
(1, '0.00', 0, '2020-02-28 12:49:59'),
(3, '0.00', 0, '2020-02-28 12:49:59'),
(4, '0.00', 0, '2020-02-28 12:49:59'),
(2, '0.00', 0, '2020-02-28 12:50:01'),
(1, '0.00', 0, '2020-02-28 12:50:01'),
(3, '0.00', 0, '2020-02-28 12:50:01'),
(4, '0.00', 0, '2020-02-28 12:50:01'),
(2, '0.00', 0, '2020-02-28 12:50:03'),
(1, '0.00', 0, '2020-02-28 12:50:03'),
(3, '0.00', 0, '2020-02-28 12:50:03'),
(4, '0.00', 0, '2020-02-28 12:50:03'),
(2, '0.00', 0, '2020-02-28 12:50:05'),
(1, '0.00', 0, '2020-02-28 12:50:05'),
(3, '0.00', 0, '2020-02-28 12:50:05'),
(4, '0.00', 0, '2020-02-28 12:50:05'),
(2, '0.00', 0, '2020-02-28 12:50:07'),
(1, '0.00', 0, '2020-02-28 12:50:07'),
(3, '0.00', 0, '2020-02-28 12:50:07'),
(4, '0.00', 0, '2020-02-28 12:50:07'),
(2, '0.00', 0, '2020-02-28 12:50:09'),
(1, '0.00', 0, '2020-02-28 12:50:09'),
(3, '0.00', 0, '2020-02-28 12:50:09'),
(4, '0.00', 0, '2020-02-28 12:50:09'),
(2, '0.00', 0, '2020-02-28 12:50:11'),
(1, '0.00', 0, '2020-02-28 12:50:11'),
(3, '0.00', 0, '2020-02-28 12:50:11'),
(4, '0.00', 0, '2020-02-28 12:50:11'),
(2, '0.00', 0, '2020-02-28 12:50:13'),
(1, '0.00', 0, '2020-02-28 12:50:13'),
(3, '0.00', 0, '2020-02-28 12:50:13'),
(4, '0.00', 0, '2020-02-28 12:50:13'),
(2, '0.00', 0, '2020-02-28 12:50:15'),
(1, '0.00', 0, '2020-02-28 12:50:15'),
(3, '0.00', 0, '2020-02-28 12:50:15'),
(4, '0.00', 0, '2020-02-28 12:50:15'),
(2, '0.00', 0, '2020-02-28 12:50:17'),
(1, '0.00', 0, '2020-02-28 12:50:17'),
(3, '0.00', 0, '2020-02-28 12:50:18'),
(4, '0.00', 0, '2020-02-28 12:50:18'),
(2, '0.00', 0, '2020-02-28 12:50:19'),
(1, '0.00', 0, '2020-02-28 12:50:19'),
(3, '0.00', 0, '2020-02-28 12:50:19'),
(4, '0.00', 0, '2020-02-28 12:50:19'),
(2, '0.00', 0, '2020-02-28 12:50:21'),
(1, '0.00', 0, '2020-02-28 12:50:21'),
(3, '0.00', 0, '2020-02-28 12:50:21'),
(4, '0.00', 0, '2020-02-28 12:50:21'),
(2, '0.00', 0, '2020-02-28 12:50:23'),
(1, '0.00', 0, '2020-02-28 12:50:23'),
(3, '0.00', 0, '2020-02-28 12:50:23'),
(4, '0.00', 0, '2020-02-28 12:50:23'),
(2, '0.00', 0, '2020-02-28 12:50:25'),
(1, '0.00', 0, '2020-02-28 12:50:25'),
(3, '0.00', 0, '2020-02-28 12:50:25'),
(4, '0.00', 0, '2020-02-28 12:50:25'),
(2, '0.00', 0, '2020-02-28 12:50:27'),
(1, '0.00', 0, '2020-02-28 12:50:27'),
(3, '0.00', 0, '2020-02-28 12:50:27'),
(4, '0.00', 0, '2020-02-28 12:50:27'),
(2, '0.00', 0, '2020-02-28 12:50:29'),
(1, '0.00', 0, '2020-02-28 12:50:29'),
(3, '0.00', 0, '2020-02-28 12:50:29'),
(4, '0.00', 0, '2020-02-28 12:50:29'),
(2, '0.00', 0, '2020-02-28 12:50:31'),
(1, '0.00', 0, '2020-02-28 12:50:31'),
(3, '0.00', 0, '2020-02-28 12:50:31'),
(4, '0.00', 0, '2020-02-28 12:50:31'),
(2, '0.00', 0, '2020-02-28 12:50:33'),
(1, '0.00', 0, '2020-02-28 12:50:33'),
(3, '0.00', 0, '2020-02-28 12:50:33'),
(4, '0.00', 0, '2020-02-28 12:50:33'),
(2, '0.00', 0, '2020-02-28 12:50:35'),
(1, '0.00', 0, '2020-02-28 12:50:35'),
(3, '0.00', 0, '2020-02-28 12:50:35'),
(4, '0.00', 0, '2020-02-28 12:50:35'),
(2, '0.00', 0, '2020-02-28 12:50:36'),
(1, '0.00', 0, '2020-02-28 12:50:37'),
(3, '0.00', 0, '2020-02-28 12:50:37'),
(4, '0.00', 0, '2020-02-28 12:50:37'),
(2, '0.00', 0, '2020-02-28 12:50:39'),
(1, '0.00', 0, '2020-02-28 12:50:39'),
(3, '0.00', 0, '2020-02-28 12:50:39'),
(4, '0.00', 0, '2020-02-28 12:50:39'),
(2, '0.00', 0, '2020-02-28 12:50:41'),
(1, '0.00', 0, '2020-02-28 12:50:41'),
(3, '0.00', 0, '2020-02-28 12:50:41'),
(4, '0.00', 0, '2020-02-28 12:50:41'),
(2, '0.00', 0, '2020-02-28 12:50:43'),
(1, '0.00', 0, '2020-02-28 12:50:43'),
(3, '0.00', 0, '2020-02-28 12:50:43'),
(4, '0.00', 0, '2020-02-28 12:50:43'),
(2, '0.00', 0, '2020-02-28 12:50:45'),
(1, '0.00', 0, '2020-02-28 12:50:45'),
(3, '0.00', 0, '2020-02-28 12:50:45'),
(4, '0.00', 0, '2020-02-28 12:50:45'),
(2, '0.00', 0, '2020-02-28 12:50:47'),
(1, '0.00', 0, '2020-02-28 12:50:47'),
(3, '0.00', 0, '2020-02-28 12:50:47'),
(4, '0.00', 0, '2020-02-28 12:50:47'),
(2, '0.00', 0, '2020-02-28 12:50:49'),
(1, '0.00', 0, '2020-02-28 12:50:49'),
(3, '0.00', 0, '2020-02-28 12:50:49'),
(4, '0.00', 0, '2020-02-28 12:50:49'),
(2, '0.00', 0, '2020-02-28 12:50:51'),
(1, '0.00', 0, '2020-02-28 12:50:51'),
(3, '0.00', 0, '2020-02-28 12:50:51'),
(4, '0.00', 0, '2020-02-28 12:50:51'),
(2, '0.00', 0, '2020-02-28 12:50:53'),
(1, '0.00', 0, '2020-02-28 12:50:53'),
(3, '0.00', 0, '2020-02-28 12:50:53'),
(4, '0.00', 0, '2020-02-28 12:50:53'),
(2, '0.00', 0, '2020-02-28 12:50:55'),
(1, '0.00', 0, '2020-02-28 12:50:55'),
(3, '0.00', 0, '2020-02-28 12:50:55'),
(4, '0.00', 0, '2020-02-28 12:50:55'),
(2, '0.00', 0, '2020-02-28 12:50:56'),
(1, '0.00', 0, '2020-02-28 12:50:56'),
(3, '0.00', 0, '2020-02-28 12:50:56'),
(4, '0.00', 0, '2020-02-28 12:50:57'),
(2, '0.00', 0, '2020-02-28 12:50:58'),
(1, '0.00', 0, '2020-02-28 12:50:58'),
(3, '0.00', 0, '2020-02-28 12:50:58'),
(4, '0.00', 0, '2020-02-28 12:50:58'),
(2, '0.00', 0, '2020-02-28 12:51:00'),
(1, '0.00', 0, '2020-02-28 12:51:00'),
(3, '0.00', 0, '2020-02-28 12:51:00'),
(4, '0.00', 0, '2020-02-28 12:51:00'),
(2, '0.00', 0, '2020-02-28 12:51:02'),
(1, '0.00', 0, '2020-02-28 12:51:02'),
(3, '0.00', 0, '2020-02-28 12:51:02'),
(4, '0.00', 0, '2020-02-28 12:51:02'),
(2, '0.00', 0, '2020-02-28 12:51:04'),
(1, '0.00', 0, '2020-02-28 12:51:04'),
(3, '0.00', 0, '2020-02-28 12:51:04'),
(4, '0.00', 0, '2020-02-28 12:51:04'),
(2, '0.00', 0, '2020-02-28 12:51:06'),
(1, '0.00', 0, '2020-02-28 12:51:06'),
(3, '0.00', 0, '2020-02-28 12:51:06'),
(4, '0.00', 0, '2020-02-28 12:51:06'),
(2, '0.00', 0, '2020-02-28 12:51:08'),
(1, '0.00', 0, '2020-02-28 12:51:09'),
(3, '0.00', 0, '2020-02-28 12:51:09'),
(4, '0.00', 0, '2020-02-28 12:51:09'),
(2, '0.00', 0, '2020-02-28 12:51:11'),
(1, '0.00', 0, '2020-02-28 12:51:11'),
(3, '0.00', 0, '2020-02-28 12:51:11'),
(4, '0.00', 0, '2020-02-28 12:51:11'),
(2, '0.00', 0, '2020-02-28 12:51:13'),
(1, '0.00', 0, '2020-02-28 12:51:13'),
(3, '0.00', 0, '2020-02-28 12:51:13'),
(4, '0.00', 0, '2020-02-28 12:51:13'),
(2, '0.00', 0, '2020-02-28 12:51:15'),
(1, '0.00', 0, '2020-02-28 12:51:15'),
(3, '0.00', 0, '2020-02-28 12:51:15'),
(4, '0.00', 0, '2020-02-28 12:51:15'),
(2, '0.00', 0, '2020-02-28 12:51:17'),
(1, '0.00', 0, '2020-02-28 12:51:17'),
(3, '0.00', 0, '2020-02-28 12:51:17'),
(4, '0.00', 0, '2020-02-28 12:51:17'),
(2, '0.00', 0, '2020-02-28 12:51:19'),
(1, '0.00', 0, '2020-02-28 12:51:19'),
(3, '0.00', 0, '2020-02-28 12:51:20'),
(4, '0.00', 0, '2020-02-28 12:51:20'),
(2, '0.00', 0, '2020-02-28 12:51:24'),
(1, '0.00', 0, '2020-02-28 12:51:24'),
(3, '0.00', 0, '2020-02-28 12:51:24'),
(4, '0.00', 0, '2020-02-28 12:51:24'),
(2, '0.00', 0, '2020-02-28 12:51:26'),
(1, '0.00', 0, '2020-02-28 12:51:26'),
(3, '0.00', 0, '2020-02-28 12:51:26'),
(4, '0.00', 0, '2020-02-28 12:51:26'),
(2, '0.00', 0, '2020-02-28 12:51:28'),
(1, '0.00', 0, '2020-02-28 12:51:28'),
(3, '0.00', 0, '2020-02-28 12:51:28'),
(4, '0.00', 0, '2020-02-28 12:51:28'),
(2, '0.00', 0, '2020-02-28 12:51:30'),
(1, '0.00', 0, '2020-02-28 12:51:30'),
(3, '0.00', 0, '2020-02-28 12:51:30'),
(4, '0.00', 0, '2020-02-28 12:51:30'),
(2, '0.00', 0, '2020-02-28 12:51:32'),
(1, '0.00', 0, '2020-02-28 12:51:32'),
(3, '0.00', 0, '2020-02-28 12:51:32'),
(4, '0.00', 0, '2020-02-28 12:51:32'),
(2, '0.00', 0, '2020-02-28 12:51:34'),
(1, '0.00', 0, '2020-02-28 12:51:34'),
(3, '0.00', 0, '2020-02-28 12:51:35'),
(4, '0.00', 0, '2020-02-28 12:51:35'),
(2, '0.00', 0, '2020-02-28 12:51:36'),
(1, '0.00', 0, '2020-02-28 12:51:36'),
(3, '0.00', 0, '2020-02-28 12:51:37'),
(4, '0.00', 0, '2020-02-28 12:51:37'),
(2, '0.00', 0, '2020-02-28 12:51:38'),
(1, '0.00', 0, '2020-02-28 12:51:38'),
(3, '0.00', 0, '2020-02-28 12:51:39'),
(4, '0.00', 0, '2020-02-28 12:51:39'),
(2, '0.00', 0, '2020-02-28 12:51:40'),
(1, '0.00', 0, '2020-02-28 12:51:40'),
(3, '0.00', 0, '2020-02-28 12:51:41'),
(4, '0.00', 0, '2020-02-28 12:51:41');

-- --------------------------------------------------------

--
-- Table structure for table `tbl_schedules`
--

CREATE TABLE `tbl_schedules` (
  `scheduleID` int(11) NOT NULL,
  `scheduleDate` date DEFAULT NULL,
  `scheduleTime` time NOT NULL,
  `scheduleApplianceID` tinyint(1) NOT NULL,
  `scheduleAction` tinyint(1) NOT NULL,
  `scheduleRepeat` varchar(7) DEFAULT NULL,
  `isExecuted` tinyint(1) NOT NULL
) ENGINE=InnoDB DEFAULT CHARSET=latin1;

-- --------------------------------------------------------

--
-- Table structure for table `tbl_totalconsumption`
--

CREATE TABLE `tbl_totalconsumption` (
  `totalConsID` int(11) NOT NULL,
  `totalConsPort` tinyint(1) NOT NULL,
  `totalConsWatt` smallint(6) NOT NULL,
  `totalConsStart` datetime NOT NULL,
  `totalConsEnd` datetime NOT NULL
) ENGINE=InnoDB DEFAULT CHARSET=utf8mb4;

--
-- Dumping data for table `tbl_totalconsumption`
--

INSERT INTO `tbl_totalconsumption` (`totalConsID`, `totalConsPort`, `totalConsWatt`, `totalConsStart`, `totalConsEnd`) VALUES
(1, 1, 12, '2020-02-26 11:14:56', '2020-02-26 11:27:03'),
(2, 2, 0, '2020-02-26 11:14:56', '2020-02-26 11:27:03'),
(3, 3, 0, '2020-02-26 11:14:56', '2020-02-26 11:27:03'),
(4, 4, 0, '2020-02-26 11:14:56', '2020-02-26 11:27:03'),
(5, 1, 3, '2020-02-26 11:27:36', '2020-02-26 11:27:59'),
(6, 2, 0, '2020-02-26 11:27:36', '2020-02-26 11:27:59'),
(7, 3, 0, '2020-02-26 11:27:36', '2020-02-26 11:27:59'),
(8, 4, 0, '2020-02-26 11:27:36', '2020-02-26 11:27:59'),
(9, 1, 0, '2020-02-26 11:29:56', '2020-02-26 11:34:11'),
(10, 2, 0, '2020-02-26 11:29:56', '2020-02-26 11:34:11'),
(11, 3, 1, '2020-02-26 11:29:56', '2020-02-26 11:34:11'),
(12, 4, 0, '2020-02-26 11:29:56', '2020-02-26 11:34:11'),
(13, 1, 1, '2020-02-26 11:38:45', '2020-02-26 12:29:20'),
(14, 2, 1, '2020-02-26 11:38:45', '2020-02-26 12:29:20'),
(15, 3, 1, '2020-02-26 11:38:45', '2020-02-26 12:29:20'),
(16, 4, 1, '2020-02-26 11:38:45', '2020-02-26 12:29:20'),
(17, 1, 12, '2020-02-26 12:31:15', '2020-02-26 12:35:55'),
(18, 2, 1, '2020-02-26 12:31:15', '2020-02-26 12:35:55'),
(19, 3, 1, '2020-02-26 12:31:15', '2020-02-26 12:35:55'),
(20, 4, 1, '2020-02-26 12:31:15', '2020-02-26 12:35:55'),
(21, 1, 256, '2020-02-26 12:35:56', '2020-02-26 12:37:45'),
(22, 2, 253, '2020-02-26 12:35:56', '2020-02-26 12:37:45'),
(23, 3, 131, '2020-02-26 12:35:56', '2020-02-26 12:37:45'),
(24, 4, 188, '2020-02-26 12:35:56', '2020-02-26 12:37:45'),
(25, 1, 4, '2020-02-26 12:38:46', '2020-02-26 12:50:20'),
(26, 2, 1, '2020-02-26 12:38:46', '2020-02-26 12:50:20'),
(27, 3, 1, '2020-02-26 12:38:46', '2020-02-26 12:50:20'),
(28, 4, 1, '2020-02-26 12:38:46', '2020-02-26 12:50:20'),
(29, 1, 1, '2020-02-26 12:53:52', '2020-02-26 13:09:22'),
(30, 2, 1, '2020-02-26 12:53:52', '2020-02-26 13:09:22'),
(31, 3, 1, '2020-02-26 12:53:52', '2020-02-26 13:09:22'),
(32, 4, 1, '2020-02-26 12:53:52', '2020-02-26 13:09:22'),
(33, 1, 11, '2020-02-26 13:14:04', '2020-02-26 13:15:42'),
(34, 2, 1, '2020-02-26 13:14:04', '2020-02-26 13:15:42'),
(35, 3, 1, '2020-02-26 13:14:04', '2020-02-26 13:15:42'),
(36, 4, 1, '2020-02-26 13:14:04', '2020-02-26 13:15:42'),
(37, 1, 0, '2020-02-26 13:21:40', '2020-02-26 13:21:43'),
(38, 2, 0, '2020-02-26 13:21:40', '2020-02-26 13:21:43'),
(39, 3, 0, '2020-02-26 13:21:40', '2020-02-26 13:21:43'),
(40, 4, 0, '2020-02-26 13:21:40', '2020-02-26 13:21:43'),
(41, 1, 12, '2020-02-26 13:25:40', '2020-02-26 13:28:08'),
(42, 2, 1, '2020-02-26 13:25:40', '2020-02-26 13:28:08'),
(43, 3, 1, '2020-02-26 13:25:40', '2020-02-26 13:28:08'),
(44, 4, 1, '2020-02-26 13:25:40', '2020-02-26 13:28:08'),
(45, 1, 1, '2020-02-26 13:29:05', '2020-02-26 13:35:51'),
(46, 2, 1, '2020-02-26 13:29:05', '2020-02-26 13:35:51'),
(47, 3, 1, '2020-02-26 13:29:05', '2020-02-26 13:35:51'),
(48, 4, 1, '2020-02-26 13:29:05', '2020-02-26 13:35:51'),
(49, 1, 1, '2020-02-26 13:36:46', '2020-02-26 13:53:08'),
(50, 2, 1, '2020-02-26 13:36:46', '2020-02-26 13:53:08'),
(51, 3, 1, '2020-02-26 13:36:46', '2020-02-26 13:53:08'),
(52, 4, 1, '2020-02-26 13:36:46', '2020-02-26 13:53:08'),
(53, 1, 12, '2020-02-26 13:53:41', '2020-02-26 13:59:16'),
(54, 2, 26, '2020-02-26 13:53:41', '2020-02-26 13:59:16'),
(55, 3, 40, '2020-02-26 13:53:41', '2020-02-26 13:59:16'),
(56, 4, 1, '2020-02-26 13:53:41', '2020-02-26 13:59:16'),
(57, 1, 1, '2020-02-26 14:00:26', '2020-02-26 14:04:42'),
(58, 2, 26, '2020-02-26 14:00:26', '2020-02-26 14:04:42'),
(59, 3, 1, '2020-02-26 14:00:26', '2020-02-26 14:04:42'),
(60, 4, 0, '2020-02-26 14:00:26', '2020-02-26 14:04:42'),
(61, 1, 12, '2020-02-26 14:16:39', '2020-02-26 14:22:20'),
(62, 2, 1, '2020-02-26 14:16:39', '2020-02-26 14:22:20'),
(63, 3, 1, '2020-02-26 14:16:39', '2020-02-26 14:22:20'),
(64, 4, 0, '2020-02-26 14:16:39', '2020-02-26 14:22:20'),
(65, 1, 0, '2020-02-26 14:23:25', '2020-02-26 14:29:07'),
(66, 2, 27, '2020-02-26 14:23:25', '2020-02-26 14:29:07'),
(67, 3, 38, '2020-02-26 14:23:25', '2020-02-26 14:29:07'),
(68, 4, 0, '2020-02-26 14:23:25', '2020-02-26 14:29:07'),
(69, 1, 1, '2020-02-26 14:30:51', '2020-02-26 14:31:36'),
(70, 2, 1, '2020-02-26 14:30:51', '2020-02-26 14:31:36'),
(71, 3, 5, '2020-02-26 14:30:51', '2020-02-26 14:31:36'),
(72, 4, 0, '2020-02-26 14:30:51', '2020-02-26 14:31:34'),
(73, 1, 12, '2020-02-26 14:32:42', '2020-02-26 15:20:04'),
(74, 2, 1, '2020-02-26 14:32:42', '2020-02-26 15:20:04'),
(75, 3, 1, '2020-02-26 14:32:42', '2020-02-26 15:20:04'),
(76, 4, 1, '2020-02-26 14:32:42', '2020-02-26 15:20:04'),
(77, 1, 18, '2020-02-26 15:20:05', '2020-02-26 15:20:15'),
(78, 2, 59, '2020-02-26 15:20:05', '2020-02-26 15:20:15'),
(79, 3, 38, '2020-02-26 15:20:05', '2020-02-26 15:20:15'),
(80, 4, 29, '2020-02-26 15:20:05', '2020-02-26 15:20:15'),
(81, 1, 1, '2020-02-26 15:21:44', '2020-02-26 15:46:30'),
(82, 2, 1, '2020-02-26 15:21:44', '2020-02-26 15:46:32'),
(83, 3, 1, '2020-02-26 15:21:44', '2020-02-26 15:46:30'),
(84, 4, 0, '2020-02-26 15:21:44', '2020-02-26 15:46:30'),
(85, 1, 1, '2020-02-26 15:47:35', '2020-02-26 15:49:42'),
(86, 2, 0, '2020-02-26 15:47:35', '2020-02-26 15:49:42'),
(87, 3, 0, '2020-02-26 15:47:35', '2020-02-26 15:49:43'),
(88, 4, 0, '2020-02-26 15:47:35', '2020-02-26 15:49:43'),
(89, 1, 1996, '2020-02-26 15:49:43', '2020-02-26 15:54:56'),
(90, 2, 1553, '2020-02-26 15:49:43', '2020-02-26 15:54:56'),
(91, 3, 1809, '2020-02-26 15:49:43', '2020-02-26 15:54:56'),
(92, 4, 1140, '2020-02-26 15:49:43', '2020-02-26 15:54:56'),
(93, 1, 1, '2020-02-26 15:55:56', '2020-02-26 17:07:11'),
(94, 2, 1, '2020-02-26 15:55:56', '2020-02-26 17:07:11'),
(95, 3, 1, '2020-02-26 15:55:56', '2020-02-26 17:07:11'),
(96, 4, 4, '2020-02-26 15:55:56', '2020-02-26 17:07:11'),
(97, 1, 1, '2020-02-26 17:18:03', '2020-02-26 17:27:42'),
(98, 2, 1, '2020-02-26 17:18:03', '2020-02-26 17:27:42'),
(99, 3, 41, '2020-02-26 17:18:03', '2020-02-26 17:27:42'),
(100, 4, 1, '2020-02-26 17:18:03', '2020-02-26 17:27:42'),
(101, 1, 1, '2020-02-26 17:30:48', '2020-02-26 18:49:21'),
(102, 2, 1, '2020-02-26 17:30:48', '2020-02-26 18:49:21'),
(103, 3, 1, '2020-02-26 17:30:48', '2020-02-26 18:49:21'),
(104, 4, 1, '2020-02-26 17:30:48', '2020-02-26 18:49:21'),
(105, 1, 1452, '2020-02-26 18:49:22', '2020-02-26 19:08:59'),
(106, 2, 145, '2020-02-26 18:49:22', '2020-02-26 19:08:59'),
(107, 3, 2269, '2020-02-26 18:49:22', '2020-02-26 19:08:59'),
(108, 4, 1938, '2020-02-26 18:49:22', '2020-02-26 19:08:59'),
(109, 1, 16, '2020-02-26 19:09:00', '2020-02-26 19:13:50'),
(110, 2, 245, '2020-02-26 19:09:00', '2020-02-26 19:13:50'),
(111, 3, 3498, '2020-02-26 19:09:00', '2020-02-26 19:13:50'),
(112, 4, 2382, '2020-02-26 19:09:00', '2020-02-26 19:13:50'),
(113, 1, 2627, '2020-02-26 19:13:52', '2020-02-26 19:15:47'),
(114, 2, 3189, '2020-02-26 19:13:52', '2020-02-26 19:15:46'),
(115, 3, 2981, '2020-02-26 19:13:52', '2020-02-26 19:15:47'),
(116, 4, 1307, '2020-02-26 19:13:52', '2020-02-26 19:15:47'),
(117, 1, 1, '2020-02-26 19:16:23', '2020-02-26 19:23:53'),
(118, 2, 1, '2020-02-26 19:16:23', '2020-02-26 19:23:53'),
(119, 3, 1, '2020-02-26 19:16:23', '2020-02-26 19:23:53'),
(120, 4, 0, '2020-02-26 19:16:23', '2020-02-26 19:23:53'),
(121, 1, 1, '2020-02-27 09:40:09', '2020-02-27 09:49:47'),
(122, 2, 1, '2020-02-27 09:40:09', '2020-02-27 09:49:47'),
(123, 3, 1, '2020-02-27 09:40:09', '2020-02-27 09:49:47'),
(124, 4, 0, '2020-02-27 09:40:09', '2020-02-27 09:49:47'),
(125, 1, 0, '2020-02-27 09:50:54', '2020-02-27 10:02:16'),
(126, 2, 1, '2020-02-27 09:50:54', '2020-02-27 10:02:16'),
(127, 3, 0, '2020-02-27 09:50:54', '2020-02-27 10:02:16'),
(128, 4, 0, '2020-02-27 09:50:54', '2020-02-27 10:02:16'),
(129, 1, 1, '2020-02-27 10:04:08', '2020-02-27 10:10:03'),
(130, 2, 0, '2020-02-27 10:04:08', '2020-02-27 10:10:03'),
(131, 3, 0, '2020-02-27 10:04:08', '2020-02-27 10:10:03'),
(132, 4, 0, '2020-02-27 10:04:08', '2020-02-27 10:10:03'),
(133, 1, 1350, '2020-02-27 10:10:04', '2020-02-27 10:11:32'),
(134, 2, 1262, '2020-02-27 10:10:04', '2020-02-27 10:11:32'),
(135, 3, 2689, '2020-02-27 10:10:04', '2020-02-27 10:11:32'),
(136, 4, 2099, '2020-02-27 10:10:04', '2020-02-27 10:11:32'),
(137, 1, 0, '2020-02-27 10:12:06', '2020-02-27 10:17:45'),
(138, 2, 0, '2020-02-27 10:12:06', '2020-02-27 10:17:45'),
(139, 3, 0, '2020-02-27 10:12:06', '2020-02-27 10:17:45'),
(140, 4, 0, '2020-02-27 10:12:06', '2020-02-27 10:17:45'),
(141, 1, 0, '2020-02-27 10:18:27', '2020-02-27 10:23:21'),
(142, 2, 0, '2020-02-27 10:18:27', '2020-02-27 10:23:20'),
(143, 3, 0, '2020-02-27 10:18:27', '2020-02-27 10:23:21'),
(144, 4, 0, '2020-02-27 10:18:27', '2020-02-27 10:23:21'),
(145, 1, 414, '2020-02-27 10:23:22', '2020-02-27 10:26:26'),
(146, 2, 8, '2020-02-27 10:23:22', '2020-02-27 10:26:26'),
(147, 3, 2003, '2020-02-27 10:23:22', '2020-02-27 10:26:26'),
(148, 4, 127, '2020-02-27 10:23:22', '2020-02-27 10:26:26'),
(149, 1, 12, '2020-02-27 10:28:13', '2020-02-27 10:40:02'),
(150, 2, 1, '2020-02-27 10:28:13', '2020-02-27 10:40:02'),
(151, 3, 1, '2020-02-27 10:28:13', '2020-02-27 10:40:02'),
(152, 4, 1, '2020-02-27 10:28:13', '2020-02-27 10:40:02'),
(153, 1, 1446, '2020-02-27 10:40:03', '2020-02-27 10:52:28'),
(154, 2, 152, '2020-02-27 10:40:03', '2020-02-27 10:52:28'),
(155, 3, 3171, '2020-02-27 10:40:03', '2020-02-27 10:52:28'),
(156, 4, 324, '2020-02-27 10:40:03', '2020-02-27 10:52:28'),
(157, 1, 1975, '2020-02-27 10:52:29', '2020-02-27 10:53:26'),
(158, 2, 2898, '2020-02-27 10:52:29', '2020-02-27 10:53:25'),
(159, 3, 657, '2020-02-27 10:52:29', '2020-02-27 10:53:26'),
(160, 4, 1407, '2020-02-27 10:52:29', '2020-02-27 10:53:26'),
(161, 1, 12, '2020-02-27 10:54:06', '2020-02-27 11:03:47'),
(162, 2, 1, '2020-02-27 10:54:06', '2020-02-27 11:03:47'),
(163, 3, 1, '2020-02-27 10:54:06', '2020-02-27 11:03:47'),
(164, 4, 1, '2020-02-27 10:54:06', '2020-02-27 11:03:47'),
(165, 1, 1653, '2020-02-27 11:03:48', '2020-02-27 11:08:53'),
(166, 2, 2022, '2020-02-27 11:03:48', '2020-02-27 11:08:52'),
(167, 3, 503, '2020-02-27 11:03:48', '2020-02-27 11:08:53'),
(168, 4, 1157, '2020-02-27 11:03:48', '2020-02-27 11:08:53'),
(169, 1, 10, '2020-02-27 11:09:28', '2020-02-27 11:27:30'),
(170, 2, 1, '2020-02-27 11:09:28', '2020-02-27 11:27:30'),
(171, 3, 1, '2020-02-27 11:09:28', '2020-02-27 11:27:30'),
(172, 4, 3, '2020-02-27 11:09:28', '2020-02-27 11:27:30'),
(173, 1, 12, '2020-02-27 11:36:16', '2020-02-27 11:48:12'),
(174, 2, 26, '2020-02-27 11:36:16', '2020-02-27 11:48:12'),
(175, 3, 1, '2020-02-27 11:36:16', '2020-02-27 11:48:12'),
(176, 4, 0, '2020-02-27 11:36:16', '2020-02-27 11:48:12'),
(177, 1, 11, '2020-02-27 11:49:48', '2020-02-27 11:51:26'),
(178, 2, 25, '2020-02-27 11:49:48', '2020-02-27 11:51:26'),
(179, 3, 0, '2020-02-27 11:49:48', '2020-02-27 11:51:26'),
(180, 4, 0, '2020-02-27 11:49:48', '2020-02-27 11:51:26'),
(181, 1, 1, '2020-02-27 11:53:04', '2020-02-27 13:22:11'),
(182, 2, 1, '2020-02-27 11:53:04', '2020-02-27 13:22:11'),
(183, 3, 1, '2020-02-27 11:53:04', '2020-02-27 13:22:11'),
(184, 4, 1, '2020-02-27 11:53:04', '2020-02-27 13:22:11'),
(185, 1, 0, '2020-02-27 13:22:12', '2020-02-27 13:22:30'),
(186, 2, 28, '2020-02-27 13:22:12', '2020-02-27 13:22:30'),
(187, 3, 39, '2020-02-27 13:22:12', '2020-02-27 13:22:30'),
(188, 4, 38, '2020-02-27 13:22:12', '2020-02-27 13:22:30'),
(189, 1, 8, '2020-02-27 13:22:32', '2020-02-27 13:39:58'),
(190, 2, 86, '2020-02-27 13:22:32', '2020-02-27 13:39:58'),
(191, 3, 1828, '2020-02-27 13:22:32', '2020-02-27 13:39:58'),
(192, 4, 2501, '2020-02-27 13:22:32', '2020-02-27 13:39:58'),
(193, 1, 27, '2020-02-27 13:40:00', '2020-02-27 13:40:21'),
(194, 2, 12, '2020-02-27 13:40:00', '2020-02-27 13:40:20'),
(195, 3, 2358, '2020-02-27 13:40:00', '2020-02-27 13:40:21'),
(196, 4, 31, '2020-02-27 13:40:00', '2020-02-27 13:40:21'),
(197, 1, 1251, '2020-02-27 13:40:22', '2020-02-27 13:40:59'),
(198, 2, 2548, '2020-02-27 13:40:22', '2020-02-27 13:40:59'),
(199, 3, 1325, '2020-02-27 13:40:22', '2020-02-27 13:40:59'),
(200, 4, 2261, '2020-02-27 13:40:22', '2020-02-27 13:40:59'),
(201, 1, 11, '2020-02-27 13:41:51', '2020-02-27 14:18:28'),
(202, 2, 0, '2020-02-27 13:41:51', '2020-02-27 14:18:28'),
(203, 3, 0, '2020-02-27 13:41:51', '2020-02-27 14:18:28'),
(204, 4, 2, '2020-02-27 13:41:51', '2020-02-27 14:18:26'),
(205, 1, 1823, '2020-02-27 14:18:28', '2020-02-27 14:19:53'),
(206, 2, 231, '2020-02-27 14:18:28', '2020-02-27 14:19:53'),
(207, 3, 3601, '2020-02-27 14:18:28', '2020-02-27 14:19:53'),
(208, 4, 692, '2020-02-27 14:18:28', '2020-02-27 14:19:53'),
(209, 1, 1, '2020-02-27 14:20:33', '2020-02-27 14:24:42'),
(210, 2, 1, '2020-02-27 14:20:33', '2020-02-27 14:24:42'),
(211, 3, 0, '2020-02-27 14:20:33', '2020-02-27 14:24:42'),
(212, 4, 2, '2020-02-27 14:20:33', '2020-02-27 14:24:42'),
(213, 1, 1404, '2020-02-27 14:24:43', '2020-02-27 14:25:30'),
(214, 2, 362, '2020-02-27 14:24:43', '2020-02-27 14:25:30'),
(215, 3, 5, '2020-02-27 14:24:43', '2020-02-27 14:25:30'),
(216, 4, 2298, '2020-02-27 14:24:43', '2020-02-27 14:25:30'),
(217, 1, 1, '2020-02-27 14:26:01', '2020-02-27 15:11:09'),
(218, 2, 1, '2020-02-27 14:26:01', '2020-02-27 15:11:09'),
(219, 3, 1, '2020-02-27 14:26:01', '2020-02-27 15:11:09'),
(220, 4, 6, '2020-02-27 14:26:01', '2020-02-27 15:11:09'),
(221, 1, 2, '2020-02-27 15:11:42', '2020-02-27 15:24:54'),
(222, 2, 1, '2020-02-27 15:11:42', '2020-02-27 15:24:53'),
(223, 3, 1, '2020-02-27 15:11:42', '2020-02-27 15:24:54'),
(224, 4, 1, '2020-02-27 15:11:42', '2020-02-27 15:24:54'),
(225, 1, 0, '2020-02-28 11:11:48', '2020-02-28 11:32:34'),
(226, 2, 1, '2020-02-28 11:11:48', '2020-02-28 11:32:34'),
(227, 3, 1, '2020-02-28 11:11:48', '2020-02-28 11:32:34'),
(228, 4, 0, '2020-02-28 11:11:48', '2020-02-28 11:32:34'),
(229, 1, 0, '2020-02-28 11:33:18', '2020-02-28 12:12:08'),
(230, 2, 1, '2020-02-28 11:33:18', '2020-02-28 12:12:08'),
(231, 3, 1, '2020-02-28 11:33:18', '2020-02-28 12:12:08'),
(232, 4, 0, '2020-02-28 11:33:18', '2020-02-28 12:12:08'),
(233, 1, 0, '2020-02-28 12:12:50', '2020-02-28 12:51:41'),
(234, 2, 0, '2020-02-28 12:12:50', '2020-02-28 12:51:41'),
(235, 3, 0, '2020-02-28 12:12:50', '2020-02-28 12:51:41'),
(236, 4, 0, '2020-02-28 12:12:50', '2020-02-28 12:51:41');

-- --------------------------------------------------------

--
-- Table structure for table `tbl_unsentNotif`
--

CREATE TABLE `tbl_unsentNotif` (
  `notifID` int(11) NOT NULL,
  `notifMessage` varchar(500) NOT NULL
) ENGINE=InnoDB DEFAULT CHARSET=utf8mb4;

--
-- Dumping data for table `tbl_unsentNotif`
--

INSERT INTO `tbl_unsentNotif` (`notifID`, `notifMessage`) VALUES
(64, 'Abnormal low watt readings on Port 1 Lights-Kitchen');

-- --------------------------------------------------------

--
-- Table structure for table `tbl_users`
--

CREATE TABLE `tbl_users` (
  `userID` int(4) NOT NULL,
  `userName` varchar(20) NOT NULL,
  `userPass` varchar(20) NOT NULL,
  `userProf` varchar(20) NOT NULL,
  `userType` tinyint(4) NOT NULL,
  `userFirstName` varchar(50) NOT NULL,
  `userLastName` varchar(50) NOT NULL,
  `userPhoneNumber` varchar(13) DEFAULT NULL
) ENGINE=InnoDB DEFAULT CHARSET=latin1;

--
-- Dumping data for table `tbl_users`
--

INSERT INTO `tbl_users` (`userID`, `userName`, `userPass`, `userProf`, `userType`, `userFirstName`, `userLastName`, `userPhoneNumber`) VALUES
(1, 'abay', 'abay', '', 0, 'Ian Joseph', 'Solon', '9655865892'),
(2, 'znarf', 'znarf', '', 1, 'Franz Dink', 'Catalan', '9956139395');

--
-- Indexes for dumped tables
--

--
-- Indexes for table `tbl_appliances`
--
ALTER TABLE `tbl_appliances`
  ADD PRIMARY KEY (`applianceID`),
  ADD UNIQUE KEY `UK_applianceName` (`applianceName`);

--
-- Indexes for table `tbl_logs`
--
ALTER TABLE `tbl_logs`
  ADD PRIMARY KEY (`logID`);

--
-- Indexes for table `tbl_notifications`
--
ALTER TABLE `tbl_notifications`
  ADD PRIMARY KEY (`notifID`);

--
-- Indexes for table `tbl_notification_status`
--
ALTER TABLE `tbl_notification_status`
  ADD KEY `FK_notifID` (`notifID`);

--
-- Indexes for table `tbl_schedules`
--
ALTER TABLE `tbl_schedules`
  ADD PRIMARY KEY (`scheduleID`),
  ADD KEY `FK_scheduleApplianceID` (`scheduleApplianceID`);

--
-- Indexes for table `tbl_totalconsumption`
--
ALTER TABLE `tbl_totalconsumption`
  ADD PRIMARY KEY (`totalConsID`);

--
-- Indexes for table `tbl_users`
--
ALTER TABLE `tbl_users`
  ADD PRIMARY KEY (`userID`);

--
-- AUTO_INCREMENT for dumped tables
--

--
-- AUTO_INCREMENT for table `tbl_appliances`
--
ALTER TABLE `tbl_appliances`
  MODIFY `applianceID` tinyint(1) NOT NULL AUTO_INCREMENT, AUTO_INCREMENT=6;
--
-- AUTO_INCREMENT for table `tbl_logs`
--
ALTER TABLE `tbl_logs`
  MODIFY `logID` int(100) NOT NULL AUTO_INCREMENT, AUTO_INCREMENT=101;
--
-- AUTO_INCREMENT for table `tbl_notifications`
--
ALTER TABLE `tbl_notifications`
  MODIFY `notifID` int(11) NOT NULL AUTO_INCREMENT, AUTO_INCREMENT=65;
--
-- AUTO_INCREMENT for table `tbl_schedules`
--
ALTER TABLE `tbl_schedules`
  MODIFY `scheduleID` int(11) NOT NULL AUTO_INCREMENT, AUTO_INCREMENT=51;
--
-- AUTO_INCREMENT for table `tbl_totalconsumption`
--
ALTER TABLE `tbl_totalconsumption`
  MODIFY `totalConsID` int(11) NOT NULL AUTO_INCREMENT, AUTO_INCREMENT=237;
--
-- AUTO_INCREMENT for table `tbl_users`
--
ALTER TABLE `tbl_users`
  MODIFY `userID` int(4) NOT NULL AUTO_INCREMENT, AUTO_INCREMENT=3;
--
-- Constraints for dumped tables
--

--
-- Constraints for table `tbl_notification_status`
--
ALTER TABLE `tbl_notification_status`
  ADD CONSTRAINT `FK_notifID` FOREIGN KEY (`notifID`) REFERENCES `tbl_notifications` (`notifID`);

--
-- Constraints for table `tbl_schedules`
--
ALTER TABLE `tbl_schedules`
  ADD CONSTRAINT `FK_scheduleApplianceID` FOREIGN KEY (`scheduleApplianceID`) REFERENCES `tbl_appliances` (`applianceID`);

/*!40101 SET CHARACTER_SET_CLIENT=@OLD_CHARACTER_SET_CLIENT */;
/*!40101 SET CHARACTER_SET_RESULTS=@OLD_CHARACTER_SET_RESULTS */;
/*!40101 SET COLLATION_CONNECTION=@OLD_COLLATION_CONNECTION */;
