-- phpMyAdmin SQL Dump
-- version 4.6.6deb5
-- https://www.phpmyadmin.net/
--
-- Host: localhost:3306
-- Generation Time: Jan 07, 2020 at 02:40 AM
-- Server version: 10.3.15-MariaDB-1
-- PHP Version: 7.3.4-2

SET SQL_MODE = "NO_AUTO_VALUE_ON_ZERO";
SET time_zone = "+00:00";


/*!40101 SET @OLD_CHARACTER_SET_CLIENT=@@CHARACTER_SET_CLIENT */;
/*!40101 SET @OLD_CHARACTER_SET_RESULTS=@@CHARACTER_SET_RESULTS */;
/*!40101 SET @OLD_COLLATION_CONNECTION=@@COLLATION_CONNECTION */;
/*!40101 SET NAMES utf8mb4 */;

--
-- Database: `homeautomation`
--

-- --------------------------------------------------------

--
-- Table structure for table `tbl_appliances`
--

CREATE TABLE `tbl_appliances` (
  `applianceID` tinyint(1) NOT NULL,
  `applianceName` varchar(20) NOT NULL,
  `applianceRating` smallint(5) NOT NULL,
  `applianceStatus` tinyint(1) NOT NULL,
  `applianceOutputPin` smallint(2) NOT NULL,
  `applianceInputPin` tinyint(4) NOT NULL
) ENGINE=InnoDB DEFAULT CHARSET=latin1;

--
-- Dumping data for table `tbl_appliances`
--

INSERT INTO `tbl_appliances` (`applianceID`, `applianceName`, `applianceRating`, `applianceStatus`, `applianceOutputPin`, `applianceInputPin`) VALUES
(1, 'Fan', 12, 0, 32, 31),
(2, 'Light', 5, 1, 36, 33),
(3, 'Lamp1', 0, 2, 38, 35),
(4, 'Lamp', 0, 1, 40, 37);

-- --------------------------------------------------------

--
-- Table structure for table `tbl_logs`
--

CREATE TABLE `tbl_logs` (
  `logID` int(100) NOT NULL,
  `logDateTime` datetime NOT NULL,
  `logAppliance` varchar(20) NOT NULL,
  `logAction` tinyint(1) NOT NULL,
  `logVia` tinyint(1) NOT NULL,
  `logUser` smallint(5) NOT NULL
) ENGINE=InnoDB DEFAULT CHARSET=latin1;

--
-- Dumping data for table `tbl_logs`
--

INSERT INTO `tbl_logs` (`logID`, `logDateTime`, `logAppliance`, `logAction`, `logVia`, `logUser`) VALUES
(1, '2020-01-03 21:06:00', 'Fan', 0, 0, 0),
(2, '2020-01-03 21:06:00', 'Television', 1, 0, 0),
(3, '2020-01-03 21:06:01', 'Television', 0, 0, 0),
(4, '2020-01-03 21:06:03', 'Television', 1, 0, 0);

-- --------------------------------------------------------

--
-- Table structure for table `tbl_readings`
--

CREATE TABLE `tbl_readings` (
  `applianceID` tinyint(1) NOT NULL,
  `rCurrent` float NOT NULL,
  `rVoltage` smallint(6) NOT NULL,
  `rDateTime` datetime NOT NULL
) ENGINE=InnoDB DEFAULT CHARSET=utf8mb4;

--
-- Dumping data for table `tbl_readings`
--

INSERT INTO `tbl_readings` (`applianceID`, `rCurrent`, `rVoltage`, `rDateTime`) VALUES
(1, 0, 262, '2020-01-06 17:35:12'),
(2, 0, 250, '2020-01-06 17:35:12'),
(1, 0, 262, '2020-01-06 17:35:13'),
(2, 0, 250, '2020-01-06 17:35:13'),
(1, 0, 262, '2020-01-06 17:35:13'),
(2, 0, 250, '2020-01-06 17:35:13'),
(1, 0, 262, '2020-01-06 17:35:14'),
(2, 0, 250, '2020-01-06 17:35:14'),
(1, 0, 262, '2020-01-06 17:35:14'),
(2, 0, 250, '2020-01-06 17:35:14'),
(1, 0, 262, '2020-01-06 17:35:14'),
(2, 0, 250, '2020-01-06 17:35:14'),
(1, 0, 262, '2020-01-06 17:35:15'),
(2, 0, 250, '2020-01-06 17:35:15'),
(1, 0, 262, '2020-01-06 17:35:15'),
(2, 0, 250, '2020-01-06 17:35:15'),
(1, 0, 262, '2020-01-06 17:35:16'),
(2, 0, 250, '2020-01-06 17:35:16'),
(1, 0, 262, '2020-01-06 17:35:16'),
(2, 0, 250, '2020-01-06 17:35:16'),
(1, 0, 262, '2020-01-06 17:35:17'),
(2, 0, 250, '2020-01-06 17:35:17'),
(1, 0, 262, '2020-01-06 17:35:17'),
(2, 0, 250, '2020-01-06 17:35:17'),
(1, 0, 262, '2020-01-06 17:35:17'),
(2, 0, 250, '2020-01-06 17:35:17'),
(1, 0, 262, '2020-01-06 17:35:18'),
(2, 0, 247, '2020-01-06 17:35:18'),
(1, 0, 262, '2020-01-06 17:35:18'),
(2, 0, 250, '2020-01-06 17:35:18'),
(1, 0, 262, '2020-01-06 17:35:19'),
(2, 0, 249, '2020-01-06 17:35:19'),
(1, 0, 262, '2020-01-06 17:35:19'),
(2, 0, 249, '2020-01-06 17:35:19'),
(1, 0, 262, '2020-01-06 17:35:20'),
(2, 0, 249, '2020-01-06 17:35:20'),
(1, 0, 262, '2020-01-06 17:35:20'),
(2, 0, 249, '2020-01-06 17:35:20'),
(1, 0, 262, '2020-01-06 17:35:20'),
(2, 0, 248, '2020-01-06 17:35:20'),
(1, 0, 262, '2020-01-06 17:35:21'),
(2, 0, 247, '2020-01-06 17:35:21'),
(1, 0, 262, '2020-01-06 17:35:21'),
(2, 0, 248, '2020-01-06 17:35:21'),
(1, 0, 262, '2020-01-06 17:35:22'),
(2, 0, 248, '2020-01-06 17:35:22'),
(1, 0, 262, '2020-01-06 17:35:22'),
(2, 0, 249, '2020-01-06 17:35:22'),
(1, 0, 262, '2020-01-06 17:35:23'),
(2, 0, 248, '2020-01-06 17:35:23'),
(1, 0, 262, '2020-01-06 17:35:23'),
(2, 0, 248, '2020-01-06 17:35:23'),
(1, 0, 262, '2020-01-06 17:35:24'),
(2, 0, 249, '2020-01-06 17:35:24'),
(1, 0, 262, '2020-01-06 17:35:24'),
(2, 0, 248, '2020-01-06 17:35:24'),
(1, 0, 262, '2020-01-06 17:35:25'),
(2, 0, 249, '2020-01-06 17:35:25'),
(1, 0, 262, '2020-01-06 17:35:25'),
(2, 0, 249, '2020-01-06 17:35:25'),
(1, 0, 262, '2020-01-06 17:35:25'),
(2, 0, 249, '2020-01-06 17:35:25'),
(1, 0, 262, '2020-01-06 17:35:26'),
(2, 0, 249, '2020-01-06 17:35:26'),
(1, 0, 262, '2020-01-06 17:35:26'),
(2, 0, 249, '2020-01-06 17:35:26'),
(1, 0, 262, '2020-01-06 17:35:27'),
(2, 0, 249, '2020-01-06 17:35:27'),
(1, 0, 262, '2020-01-06 17:35:27'),
(2, 0, 249, '2020-01-06 17:35:27'),
(1, 0, 262, '2020-01-06 17:35:28'),
(2, 0, 248, '2020-01-06 17:35:28'),
(1, 0, 262, '2020-01-06 17:35:28'),
(2, 0, 248, '2020-01-06 17:35:28'),
(1, 0, 262, '2020-01-06 17:35:28'),
(2, 0, 249, '2020-01-06 17:35:28'),
(1, 0, 262, '2020-01-06 17:35:29'),
(2, 0, 249, '2020-01-06 17:35:29'),
(1, 0, 262, '2020-01-06 17:35:30'),
(2, 0, 249, '2020-01-06 17:35:30'),
(1, 0, 262, '2020-01-06 17:35:30'),
(2, 0, 249, '2020-01-06 17:35:30'),
(1, 0, 262, '2020-01-06 17:35:31'),
(2, 0, 249, '2020-01-06 17:35:31'),
(1, 0, 262, '2020-01-06 17:35:31'),
(2, 0, 250, '2020-01-06 17:35:31'),
(1, 0, 262, '2020-01-06 17:35:31'),
(2, 0, 250, '2020-01-06 17:35:31'),
(1, 0, 262, '2020-01-06 17:35:32'),
(2, 0, 250, '2020-01-06 17:35:32'),
(1, 0, 262, '2020-01-06 17:35:32'),
(2, 0, 250, '2020-01-06 17:35:32'),
(1, 0, 262, '2020-01-06 17:35:33'),
(2, 0, 250, '2020-01-06 17:35:33'),
(1, 0, 262, '2020-01-06 17:35:33'),
(2, 0, 250, '2020-01-06 17:35:33'),
(1, 0, 262, '2020-01-06 17:35:33'),
(2, 0, 249, '2020-01-06 17:35:33'),
(1, 0, 262, '2020-01-06 17:35:34'),
(2, 0, 249, '2020-01-06 17:35:34'),
(1, 0, 262, '2020-01-06 17:35:34'),
(2, 0, 248, '2020-01-06 17:35:34'),
(1, 0, 262, '2020-01-06 17:35:35'),
(2, 0, 249, '2020-01-06 17:35:35'),
(1, 0, 262, '2020-01-06 17:35:35'),
(2, 0, 249, '2020-01-06 17:35:35'),
(1, 0, 262, '2020-01-06 17:35:36'),
(2, 0, 249, '2020-01-06 17:35:36'),
(1, 0, 262, '2020-01-06 17:35:36'),
(2, 0, 249, '2020-01-06 17:35:36'),
(1, 0, 262, '2020-01-06 17:35:38'),
(2, 0, 249, '2020-01-06 17:35:38'),
(1, 0, 262, '2020-01-06 17:35:38'),
(2, 0, 249, '2020-01-06 17:35:38'),
(1, 0, 262, '2020-01-06 17:35:39'),
(2, 0, 249, '2020-01-06 17:35:39'),
(1, 0, 262, '2020-01-06 17:35:39'),
(2, 0, 250, '2020-01-06 17:35:39'),
(1, 0, 262, '2020-01-06 17:35:40'),
(2, 0, 249, '2020-01-06 17:35:40'),
(1, 0, 262, '2020-01-06 17:35:40'),
(2, 0, 250, '2020-01-06 17:35:40'),
(1, 0, 262, '2020-01-06 17:35:40'),
(2, 0, 250, '2020-01-06 17:35:40'),
(1, 0, 262, '2020-01-06 17:35:41'),
(2, 0, 249, '2020-01-06 17:35:41'),
(1, 0, 262, '2020-01-06 17:35:41'),
(2, 0, 249, '2020-01-06 17:35:41'),
(1, 0, 262, '2020-01-06 17:35:42'),
(2, 0, 250, '2020-01-06 17:35:42'),
(1, 0, 262, '2020-01-06 17:35:42'),
(2, 0, 249, '2020-01-06 17:35:42'),
(1, 0, 262, '2020-01-06 17:35:42'),
(2, 0, 250, '2020-01-06 17:35:42'),
(1, 0, 262, '2020-01-06 17:35:43'),
(2, 0, 249, '2020-01-06 17:35:43'),
(1, 0, 262, '2020-01-06 17:35:43'),
(2, 0, 249, '2020-01-06 17:35:43'),
(1, 0, 259, '2020-01-06 17:35:44'),
(2, 0, 246, '2020-01-06 17:35:44'),
(1, 0.253, 239, '2020-01-06 17:35:44'),
(2, 0, 243, '2020-01-06 17:35:44'),
(1, 0.265, 242, '2020-01-06 17:35:45'),
(2, 0, 244, '2020-01-06 17:35:45'),
(1, 0.251, 243, '2020-01-06 17:35:45'),
(2, 0, 243, '2020-01-06 17:35:45'),
(1, 0.253, 242, '2020-01-06 17:35:46'),
(2, 0, 245, '2020-01-06 17:35:46'),
(1, 0.236, 242, '2020-01-06 17:35:46'),
(2, 0, 244, '2020-01-06 17:35:46'),
(1, 0.239, 245, '2020-01-06 17:35:46'),
(2, 0, 245, '2020-01-06 17:35:46'),
(1, 0.24, 244, '2020-01-06 17:35:47'),
(2, 0, 245, '2020-01-06 17:35:47'),
(1, 0.233, 242, '2020-01-06 17:35:47'),
(2, 0, 242, '2020-01-06 17:35:47'),
(1, 0.226, 242, '2020-01-06 17:35:48'),
(2, 0, 243, '2020-01-06 17:35:48'),
(1, 0.195, 240, '2020-01-06 17:35:48'),
(2, 0, 243, '2020-01-06 17:35:48'),
(1, 0.236, 242, '2020-01-06 17:35:48'),
(2, 0, 244, '2020-01-06 17:35:48'),
(1, 0.221, 244, '2020-01-06 17:35:49'),
(2, 0, 245, '2020-01-06 17:35:49'),
(1, 0.237, 243, '2020-01-06 17:35:49'),
(2, 0, 244, '2020-01-06 17:35:49'),
(1, 0.236, 242, '2020-01-06 17:35:50'),
(2, 0, 244, '2020-01-06 17:35:50'),
(1, 0.189, 242, '2020-01-06 17:35:50'),
(2, 0, 244, '2020-01-06 17:35:50'),
(1, 0.233, 241, '2020-01-06 17:35:50'),
(2, 0, 242, '2020-01-06 17:35:50'),
(1, 0.223, 242, '2020-01-06 17:35:51'),
(2, 0, 244, '2020-01-06 17:35:51'),
(1, 0.232, 242, '2020-01-06 17:35:51'),
(2, 0, 242, '2020-01-06 17:35:51'),
(1, 0.236, 242, '2020-01-06 17:35:52'),
(2, 0, 245, '2020-01-06 17:35:52'),
(1, 0.236, 242, '2020-01-06 17:35:52'),
(2, 0, 244, '2020-01-06 17:35:52'),
(1, 0.234, 243, '2020-01-06 17:35:53'),
(2, 0, 242, '2020-01-06 17:35:53'),
(1, 0.217, 245, '2020-01-06 17:35:53'),
(2, 0, 244, '2020-01-06 17:35:53'),
(1, 0.218, 244, '2020-01-06 17:35:54'),
(2, 0, 244, '2020-01-06 17:35:54'),
(1, 0.236, 251, '2020-01-06 17:35:54'),
(2, 0, 244, '2020-01-06 17:35:54'),
(1, 0.236, 252, '2020-01-06 17:35:54'),
(2, 0, 244, '2020-01-06 17:35:54'),
(1, 0.232, 253, '2020-01-06 17:35:55'),
(2, 0, 245, '2020-01-06 17:35:55'),
(1, 0.22, 253, '2020-01-06 17:35:55'),
(2, 0, 244, '2020-01-06 17:35:55'),
(1, 0.234, 257, '2020-01-06 17:35:56'),
(2, 0, 244, '2020-01-06 17:35:56'),
(1, 0.232, 258, '2020-01-06 17:35:56'),
(2, 0, 245, '2020-01-06 17:35:56'),
(1, 0.234, 259, '2020-01-06 17:35:56'),
(2, 0, 245, '2020-01-06 17:35:56'),
(1, 0.216, 258, '2020-01-06 17:35:57'),
(2, 0, 244, '2020-01-06 17:35:57'),
(1, 0.207, 260, '2020-01-06 17:35:57'),
(2, 0, 244, '2020-01-06 17:35:57'),
(1, 0.235, 259, '2020-01-06 17:35:58'),
(2, 0, 243, '2020-01-06 17:35:58'),
(1, 0.235, 260, '2020-01-06 17:35:58'),
(2, 0, 244, '2020-01-06 17:35:58'),
(1, 0.228, 261, '2020-01-06 17:35:59'),
(2, 0, 243, '2020-01-06 17:35:59'),
(1, 0.233, 261, '2020-01-06 17:35:59'),
(2, 0, 244, '2020-01-06 17:35:59'),
(1, 0.234, 249, '2020-01-06 17:36:00'),
(2, 0, 244, '2020-01-06 17:36:00'),
(1, 0.209, 257, '2020-01-06 17:36:00'),
(2, 0, 243, '2020-01-06 17:36:00'),
(1, 0.235, 259, '2020-01-06 17:36:01'),
(2, 0, 243, '2020-01-06 17:36:01'),
(1, 0.236, 262, '2020-01-06 17:36:01'),
(2, 0, 245, '2020-01-06 17:36:01'),
(1, 0.226, 262, '2020-01-06 17:36:01'),
(2, 0, 245, '2020-01-06 17:36:01'),
(1, 0.233, 262, '2020-01-06 17:36:02'),
(2, 0, 244, '2020-01-06 17:36:02'),
(1, 0.215, 260, '2020-01-06 17:36:02'),
(2, 0, 243, '2020-01-06 17:36:02'),
(1, 0.215, 262, '2020-01-06 17:36:03'),
(2, 0, 245, '2020-01-06 17:36:03'),
(1, 0.17, 262, '2020-01-06 17:36:03'),
(2, 0, 243, '2020-01-06 17:36:03'),
(1, 0.212, 262, '2020-01-06 17:36:04'),
(2, 0, 244, '2020-01-06 17:36:04'),
(1, 0.236, 262, '2020-01-06 17:36:04'),
(2, 0, 244, '2020-01-06 17:36:04'),
(1, 0.224, 255, '2020-01-06 17:36:04'),
(2, 0.39, 241, '2020-01-06 17:36:04'),
(1, 0.23, 241, '2020-01-06 17:36:05'),
(2, 0.438, 244, '2020-01-06 17:36:05'),
(1, 0.215, 242, '2020-01-06 17:36:05'),
(2, 0.408, 243, '2020-01-06 17:36:05'),
(1, 0.185, 243, '2020-01-06 17:36:06'),
(2, 0.439, 244, '2020-01-06 17:36:06'),
(1, 0.235, 243, '2020-01-06 17:36:06'),
(2, 0.435, 245, '2020-01-06 17:36:06'),
(1, 0.233, 244, '2020-01-06 17:36:07'),
(2, 0.438, 245, '2020-01-06 17:36:07'),
(1, 0.199, 243, '2020-01-06 17:36:07'),
(2, 0.438, 243, '2020-01-06 17:36:07'),
(1, 0.212, 251, '2020-01-06 17:36:07'),
(2, 0.435, 244, '2020-01-06 17:36:07'),
(1, 0.233, 254, '2020-01-06 17:36:08'),
(2, 0.44, 244, '2020-01-06 17:36:08'),
(1, 0.229, 253, '2020-01-06 17:36:08'),
(2, 0.439, 244, '2020-01-06 17:36:08'),
(1, 0.232, 254, '2020-01-06 17:36:09'),
(2, 0.408, 244, '2020-01-06 17:36:09'),
(1, 0.233, 253, '2020-01-06 17:36:09'),
(2, 0.44, 244, '2020-01-06 17:36:09'),
(1, 0.234, 254, '2020-01-06 17:36:10'),
(2, 0.437, 245, '2020-01-06 17:36:10'),
(1, 0.227, 252, '2020-01-06 17:36:10'),
(2, 0.439, 244, '2020-01-06 17:36:10'),
(1, 0.234, 254, '2020-01-06 17:36:10'),
(2, 0.434, 244, '2020-01-06 17:36:10'),
(1, 0.235, 253, '2020-01-06 17:36:11'),
(2, 0.435, 243, '2020-01-06 17:36:11'),
(1, 0.219, 252, '2020-01-06 17:36:11'),
(2, 0.435, 244, '2020-01-06 17:36:11'),
(1, 0.202, 252, '2020-01-06 17:36:12'),
(2, 0.44, 246, '2020-01-06 17:36:12'),
(1, 0.179, 254, '2020-01-06 17:36:12'),
(2, 0.373, 246, '2020-01-06 17:36:12'),
(1, 0.177, 253, '2020-01-06 17:36:12'),
(2, 0.35, 245, '2020-01-06 17:36:12'),
(1, 0.236, 253, '2020-01-06 17:36:13'),
(2, 0.423, 245, '2020-01-06 17:36:13'),
(1, 0.219, 254, '2020-01-06 17:36:13'),
(2, 0.426, 245, '2020-01-06 17:36:13'),
(1, 0.234, 254, '2020-01-06 17:36:14'),
(2, 0.437, 244, '2020-01-06 17:36:14'),
(1, 0.213, 255, '2020-01-06 17:36:14'),
(2, 0.44, 243, '2020-01-06 17:36:14'),
(1, 0.23, 257, '2020-01-06 17:36:14'),
(2, 0.432, 244, '2020-01-06 17:36:14'),
(1, 0.229, 257, '2020-01-06 17:36:15'),
(2, 0.424, 245, '2020-01-06 17:36:15'),
(1, 0.209, 256, '2020-01-06 17:36:15'),
(2, 0.43, 246, '2020-01-06 17:36:15'),
(1, 0.224, 255, '2020-01-06 17:36:16'),
(2, 0.416, 244, '2020-01-06 17:36:16'),
(1, 0.182, 254, '2020-01-06 17:36:16'),
(2, 0.439, 243, '2020-01-06 17:36:16'),
(1, 0.23, 254, '2020-01-06 17:36:17'),
(2, 0.434, 244, '2020-01-06 17:36:17'),
(1, 0.227, 255, '2020-01-06 17:36:17'),
(2, 0.415, 245, '2020-01-06 17:36:17'),
(1, 0.213, 255, '2020-01-06 17:36:17'),
(2, 0.439, 243, '2020-01-06 17:36:17'),
(1, 0.233, 255, '2020-01-06 17:36:18'),
(2, 0.434, 243, '2020-01-06 17:36:18'),
(1, 0.234, 256, '2020-01-06 17:36:18'),
(2, 0.434, 245, '2020-01-06 17:36:18'),
(1, 0.234, 256, '2020-01-06 17:36:19'),
(2, 0.438, 245, '2020-01-06 17:36:19'),
(1, 0.232, 255, '2020-01-06 17:36:19'),
(2, 0.438, 244, '2020-01-06 17:36:19'),
(1, 0.224, 254, '2020-01-06 17:36:19'),
(2, 0.439, 244, '2020-01-06 17:36:19'),
(1, 0.234, 255, '2020-01-06 17:36:20'),
(2, 0.433, 244, '2020-01-06 17:36:20'),
(1, 0.226, 254, '2020-01-06 17:36:20'),
(2, 0.43, 243, '2020-01-06 17:36:20'),
(1, 0.228, 254, '2020-01-06 17:36:21'),
(2, 0.427, 247, '2020-01-06 17:36:21'),
(1, 0.216, 254, '2020-01-06 17:36:21'),
(2, 0.414, 244, '2020-01-06 17:36:21'),
(1, 0.184, 252, '2020-01-06 17:36:21'),
(2, 0.436, 243, '2020-01-06 17:36:21'),
(1, 0.228, 254, '2020-01-06 17:36:22'),
(2, 0.437, 244, '2020-01-06 17:36:22'),
(1, 0.231, 254, '2020-01-06 17:36:22'),
(2, 0.44, 244, '2020-01-06 17:36:22'),
(1, 0.235, 255, '2020-01-06 17:36:23'),
(2, 0.435, 244, '2020-01-06 17:36:23'),
(1, 0.233, 256, '2020-01-06 17:36:23'),
(2, 0.323, 244, '2020-01-06 17:36:23'),
(1, 0.231, 256, '2020-01-06 17:36:24'),
(2, 0.437, 243, '2020-01-06 17:36:24'),
(1, 0.233, 256, '2020-01-06 17:36:24'),
(2, 0.39, 244, '2020-01-06 17:36:24'),
(1, 0.194, 255, '2020-01-06 17:36:24'),
(2, 0.438, 245, '2020-01-06 17:36:24'),
(1, 0.235, 257, '2020-01-06 17:36:25'),
(2, 0.437, 244, '2020-01-06 17:36:25'),
(1, 0.234, 256, '2020-01-06 17:36:25'),
(2, 0.346, 244, '2020-01-06 17:36:25'),
(1, 0.199, 255, '2020-01-06 17:36:26'),
(2, 0.439, 244, '2020-01-06 17:36:26'),
(1, 0.231, 256, '2020-01-06 17:36:26'),
(2, 0.397, 244, '2020-01-06 17:36:26'),
(1, 0.23, 257, '2020-01-06 17:36:27'),
(2, 0.44, 246, '2020-01-06 17:36:27'),
(1, 0.189, 257, '2020-01-06 17:36:27'),
(2, 0.385, 245, '2020-01-06 17:36:27'),
(1, 0.232, 256, '2020-01-06 17:36:27'),
(2, 0.392, 244, '2020-01-06 17:36:27'),
(1, 0.231, 256, '2020-01-06 17:36:28'),
(2, 0.402, 244, '2020-01-06 17:36:28'),
(1, 0.23, 254, '2020-01-06 17:36:28'),
(2, 0.439, 245, '2020-01-06 17:36:28'),
(1, 0.214, 254, '2020-01-06 17:36:29'),
(2, 0.42, 244, '2020-01-06 17:36:29'),
(1, 0.224, 254, '2020-01-06 17:36:29'),
(2, 0.322, 244, '2020-01-06 17:36:29'),
(1, 0.235, 254, '2020-01-06 17:36:29'),
(2, 0.432, 243, '2020-01-06 17:36:29'),
(1, 0.215, 254, '2020-01-06 17:36:30'),
(2, 0.329, 244, '2020-01-06 17:36:30'),
(1, 0.234, 256, '2020-01-06 17:36:30'),
(2, 0.422, 244, '2020-01-06 17:36:30'),
(1, 0.234, 255, '2020-01-06 17:36:31'),
(2, 0.44, 244, '2020-01-06 17:36:31'),
(1, 0.231, 256, '2020-01-06 17:36:31'),
(2, 0.402, 244, '2020-01-06 17:36:31'),
(1, 0.221, 255, '2020-01-06 17:36:31'),
(2, 0.437, 244, '2020-01-06 17:36:31'),
(1, 0.233, 254, '2020-01-06 17:36:32'),
(2, 0.432, 245, '2020-01-06 17:36:32'),
(1, 0.232, 255, '2020-01-06 17:36:32'),
(2, 0.437, 244, '2020-01-06 17:36:32'),
(1, 0.233, 258, '2020-01-06 17:36:33'),
(2, 0.43, 244, '2020-01-06 17:36:33'),
(1, 0.203, 252, '2020-01-06 17:36:33'),
(2, 0.438, 243, '2020-01-06 17:36:33'),
(1, 0.236, 260, '2020-01-06 17:36:34'),
(2, 0.366, 244, '2020-01-06 17:36:34'),
(1, 0.211, 256, '2020-01-06 17:36:34'),
(2, 0.437, 244, '2020-01-06 17:36:34'),
(1, 0.235, 262, '2020-01-06 17:36:34'),
(2, 0.41, 243, '2020-01-06 17:36:34'),
(1, 0.21, 262, '2020-01-06 17:36:35'),
(2, 0.368, 242, '2020-01-06 17:36:35'),
(1, 0.216, 250, '2020-01-06 17:36:35'),
(2, 11.812, 243, '2020-01-06 17:36:35'),
(1, 0.375, 243, '2020-01-06 17:36:36'),
(2, 0.366, 245, '2020-01-06 17:36:36'),
(1, 0.177, 243, '2020-01-06 17:36:36'),
(2, 0.436, 246, '2020-01-06 17:36:36'),
(1, 0.162, 243, '2020-01-06 17:36:36'),
(2, 0.437, 247, '2020-01-06 17:36:36'),
(1, 0.177, 243, '2020-01-06 17:36:37'),
(2, 0.436, 247, '2020-01-06 17:36:37'),
(1, 0.18, 242, '2020-01-06 17:36:37'),
(2, 0.363, 245, '2020-01-06 17:36:37'),
(1, 0.18, 241, '2020-01-06 17:36:38'),
(2, 0.368, 245, '2020-01-06 17:36:38'),
(1, 0.177, 241, '2020-01-06 17:36:38'),
(2, 0.288, 245, '2020-01-06 17:36:38'),
(1, 0.145, 240, '2020-01-06 17:36:39'),
(2, 0.44, 244, '2020-01-06 17:36:39'),
(1, 0.177, 243, '2020-01-06 17:36:39'),
(2, 0.415, 244, '2020-01-06 17:36:39'),
(1, 0.161, 243, '2020-01-06 17:36:39'),
(2, 0.439, 245, '2020-01-06 17:36:39'),
(1, 0.172, 242, '2020-01-06 17:36:40'),
(2, 0.432, 246, '2020-01-06 17:36:40'),
(1, 0.175, 242, '2020-01-06 17:36:40'),
(2, 0.432, 245, '2020-01-06 17:36:40'),
(1, 0.18, 242, '2020-01-06 17:36:41'),
(2, 0.43, 244, '2020-01-06 17:36:41'),
(1, 0.181, 242, '2020-01-06 17:36:41'),
(2, 0.44, 244, '2020-01-06 17:36:41'),
(1, 0.18, 242, '2020-01-06 17:36:41'),
(2, 0.439, 244, '2020-01-06 17:36:41'),
(1, 0.136, 240, '2020-01-06 17:36:42'),
(2, 0.375, 245, '2020-01-06 17:36:42'),
(1, 0.149, 242, '2020-01-06 17:36:42'),
(2, 0.439, 246, '2020-01-06 17:36:42'),
(1, 0.169, 243, '2020-01-06 17:36:43'),
(2, 0.441, 245, '2020-01-06 17:36:43'),
(1, 0.179, 242, '2020-01-06 17:36:43'),
(2, 0.439, 244, '2020-01-06 17:36:43'),
(1, 0.18, 243, '2020-01-06 17:36:44'),
(2, 0.312, 245, '2020-01-06 17:36:44'),
(1, 0.171, 242, '2020-01-06 17:36:44'),
(2, 0.417, 245, '2020-01-06 17:36:44'),
(1, 0.177, 242, '2020-01-06 17:36:44'),
(2, 0.436, 246, '2020-01-06 17:36:44'),
(1, 0.18, 242, '2020-01-06 17:36:45'),
(2, 0.413, 245, '2020-01-06 17:36:45'),
(1, 0.16, 243, '2020-01-06 17:36:45'),
(2, 0.441, 244, '2020-01-06 17:36:45'),
(1, 0.179, 244, '2020-01-06 17:36:46'),
(2, 0.439, 244, '2020-01-06 17:36:46'),
(1, 0.131, 242, '2020-01-06 17:36:46'),
(2, 0.439, 245, '2020-01-06 17:36:46'),
(1, 0.172, 242, '2020-01-06 17:36:46'),
(2, 0.427, 245, '2020-01-06 17:36:46'),
(1, 0.18, 242, '2020-01-06 17:36:47'),
(2, 0.402, 245, '2020-01-06 17:36:47'),
(1, 0.177, 243, '2020-01-06 17:36:47'),
(2, 0.439, 245, '2020-01-06 17:36:47'),
(1, 0.165, 239, '2020-01-06 17:36:48'),
(2, 0.44, 243, '2020-01-06 17:36:48'),
(1, 0.16, 240, '2020-01-06 17:36:48'),
(2, 0.378, 243, '2020-01-06 17:36:48'),
(1, 0.179, 241, '2020-01-06 17:36:49'),
(2, 0.43, 246, '2020-01-06 17:36:49'),
(1, 0.177, 243, '2020-01-06 17:36:49'),
(2, 0.44, 247, '2020-01-06 17:36:49'),
(1, 0.18, 242, '2020-01-06 17:36:49'),
(2, 0.38, 245, '2020-01-06 17:36:49'),
(1, 0.157, 241, '2020-01-06 17:36:50'),
(2, 0.362, 244, '2020-01-06 17:36:50'),
(1, 0.18, 242, '2020-01-06 17:36:50'),
(2, 0.435, 245, '2020-01-06 17:36:50'),
(1, 0.156, 242, '2020-01-06 17:36:51'),
(2, 0.431, 245, '2020-01-06 17:36:51'),
(1, 0.17, 243, '2020-01-06 17:36:51'),
(2, 0.418, 246, '2020-01-06 17:36:51'),
(1, 0.175, 242, '2020-01-06 17:36:51'),
(2, 0.437, 246, '2020-01-06 17:36:51'),
(1, 0.18, 242, '2020-01-06 17:36:52'),
(2, 0.44, 245, '2020-01-06 17:36:52'),
(1, 0.179, 242, '2020-01-06 17:36:52'),
(2, 0.331, 246, '2020-01-06 17:36:52'),
(1, 0.162, 242, '2020-01-06 17:36:53'),
(2, 0.437, 246, '2020-01-06 17:36:53'),
(1, 0.18, 242, '2020-01-06 17:36:53'),
(2, 0.41, 245, '2020-01-06 17:36:53'),
(1, 0.18, 244, '2020-01-06 17:36:54'),
(2, 0.422, 246, '2020-01-06 17:36:54'),
(1, 0.179, 244, '2020-01-06 17:36:54'),
(2, 0.438, 246, '2020-01-06 17:36:54'),
(1, 0.18, 245, '2020-01-06 17:36:54'),
(2, 0.438, 246, '2020-01-06 17:36:54'),
(1, 0.178, 243, '2020-01-06 17:36:55'),
(2, 0.427, 245, '2020-01-06 17:36:55'),
(1, 0.148, 241, '2020-01-06 17:36:55'),
(2, 0.417, 244, '2020-01-06 17:36:55'),
(1, 0.179, 243, '2020-01-06 17:36:56'),
(2, 0.412, 246, '2020-01-06 17:36:56'),
(1, 0.175, 242, '2020-01-06 17:36:56'),
(2, 0.428, 245, '2020-01-06 17:36:56'),
(1, 0.168, 242, '2020-01-06 17:36:56'),
(2, 0.434, 243, '2020-01-06 17:36:56'),
(1, 0.177, 244, '2020-01-06 17:36:57'),
(2, 0.44, 246, '2020-01-06 17:36:57'),
(1, 0.179, 243, '2020-01-06 17:36:57'),
(2, 0.419, 246, '2020-01-06 17:36:57'),
(1, 0.178, 242, '2020-01-06 17:36:58'),
(2, 0.418, 245, '2020-01-06 17:36:58'),
(1, 0.17, 244, '2020-01-06 17:36:58'),
(2, 0.439, 246, '2020-01-06 17:36:58'),
(1, 0.174, 244, '2020-01-06 17:36:58'),
(2, 0.407, 245, '2020-01-06 17:36:58'),
(1, 0.174, 243, '2020-01-06 17:36:59'),
(2, 0.424, 246, '2020-01-06 17:36:59'),
(1, 0.18, 245, '2020-01-06 17:36:59'),
(2, 0.419, 245, '2020-01-06 17:36:59'),
(1, 0.138, 241, '2020-01-06 17:37:00'),
(2, 0.437, 244, '2020-01-06 17:37:00'),
(1, 0.118, 242, '2020-01-06 17:37:00'),
(2, 0.412, 244, '2020-01-06 17:37:00'),
(1, 0.175, 243, '2020-01-06 17:37:01'),
(2, 0.439, 245, '2020-01-06 17:37:01'),
(1, 0.155, 242, '2020-01-06 17:37:01'),
(2, 0.391, 246, '2020-01-06 17:37:01'),
(1, 0.161, 244, '2020-01-06 17:37:01'),
(2, 0.434, 245, '2020-01-06 17:37:01'),
(1, 0.173, 245, '2020-01-06 17:37:02'),
(2, 0.441, 246, '2020-01-06 17:37:02'),
(1, 0.18, 247, '2020-01-06 17:37:02'),
(2, 0.422, 245, '2020-01-06 17:37:02'),
(1, 0.177, 248, '2020-01-06 17:37:03'),
(2, 0.437, 245, '2020-01-06 17:37:03'),
(1, 0.167, 247, '2020-01-06 17:37:03'),
(2, 0.437, 245, '2020-01-06 17:37:03'),
(1, 0.18, 247, '2020-01-06 17:37:03'),
(2, 0.335, 244, '2020-01-06 17:37:03'),
(1, 0.174, 248, '2020-01-06 17:37:04'),
(2, 0.367, 246, '2020-01-06 17:37:04'),
(1, 0.161, 247, '2020-01-06 17:37:04'),
(2, 0.433, 244, '2020-01-06 17:37:04'),
(1, 0.158, 248, '2020-01-06 17:37:05'),
(2, 0.441, 243, '2020-01-06 17:37:05'),
(1, 0.148, 247, '2020-01-06 17:37:05'),
(2, 0.439, 244, '2020-01-06 17:37:05'),
(1, 0.179, 248, '2020-01-06 17:37:06'),
(2, 0.424, 246, '2020-01-06 17:37:06'),
(1, 0.169, 246, '2020-01-06 17:37:06'),
(2, 0.432, 246, '2020-01-06 17:37:06'),
(1, 0.177, 242, '2020-01-06 17:37:06'),
(2, 0.433, 245, '2020-01-06 17:37:06'),
(1, 0.166, 242, '2020-01-06 17:37:07'),
(2, 0.43, 243, '2020-01-06 17:37:07'),
(1, 0.177, 243, '2020-01-06 17:37:07'),
(2, 0.44, 247, '2020-01-06 17:37:07'),
(1, 0.178, 243, '2020-01-06 17:37:08'),
(2, 0.393, 246, '2020-01-06 17:37:08'),
(1, 0.177, 243, '2020-01-06 17:37:08'),
(2, 0.441, 245, '2020-01-06 17:37:08'),
(1, 0.18, 244, '2020-01-06 17:37:08'),
(2, 0.409, 246, '2020-01-06 17:37:08'),
(1, 0.175, 242, '2020-01-06 17:37:09'),
(2, 0.415, 245, '2020-01-06 17:37:09'),
(1, 0.14, 242, '2020-01-06 17:37:09'),
(2, 0.439, 244, '2020-01-06 17:37:09'),
(1, 0.173, 243, '2020-01-06 17:37:10'),
(2, 0.419, 247, '2020-01-06 17:37:10'),
(1, 0.178, 243, '2020-01-06 17:37:10'),
(2, 0.432, 246, '2020-01-06 17:37:10'),
(1, 0.178, 241, '2020-01-06 17:37:11'),
(2, 0.401, 246, '2020-01-06 17:37:11'),
(1, 0.178, 243, '2020-01-06 17:37:11'),
(2, 0.433, 245, '2020-01-06 17:37:11'),
(1, 0.18, 242, '2020-01-06 17:37:11'),
(2, 0.439, 243, '2020-01-06 17:37:11'),
(1, 0.175, 242, '2020-01-06 17:37:12'),
(2, 0.437, 245, '2020-01-06 17:37:12'),
(1, 0.179, 243, '2020-01-06 17:37:12'),
(2, 0.394, 246, '2020-01-06 17:37:12'),
(1, 0.18, 243, '2020-01-06 17:37:13'),
(2, 0.353, 246, '2020-01-06 17:37:13'),
(1, 0.169, 243, '2020-01-06 17:37:13'),
(2, 0.395, 246, '2020-01-06 17:37:13'),
(1, 0.173, 243, '2020-01-06 17:37:13'),
(2, 0.434, 245, '2020-01-06 17:37:13'),
(1, 0.165, 241, '2020-01-06 17:37:14'),
(2, 0.439, 244, '2020-01-06 17:37:14'),
(1, 0.167, 241, '2020-01-06 17:37:14'),
(2, 0.44, 245, '2020-01-06 17:37:14'),
(1, 0.175, 242, '2020-01-06 17:37:15'),
(2, 0.353, 245, '2020-01-06 17:37:15'),
(1, 0.178, 243, '2020-01-06 17:37:15'),
(2, 0.427, 245, '2020-01-06 17:37:15'),
(1, 0.18, 242, '2020-01-06 17:37:16'),
(2, 0.395, 246, '2020-01-06 17:37:16'),
(1, 0.164, 242, '2020-01-06 17:37:16'),
(2, 0.413, 245, '2020-01-06 17:37:16'),
(1, 0.176, 242, '2020-01-06 17:37:16'),
(2, 0.299, 246, '2020-01-06 17:37:16'),
(1, 0.15, 241, '2020-01-06 17:37:17'),
(2, 0.441, 244, '2020-01-06 17:37:17'),
(1, 0.18, 243, '2020-01-06 17:37:17'),
(2, 0.363, 246, '2020-01-06 17:37:17'),
(1, 0.177, 243, '2020-01-06 17:37:18'),
(2, 0.437, 245, '2020-01-06 17:37:18'),
(1, 0.165, 241, '2020-01-06 17:37:18'),
(2, 0.434, 244, '2020-01-06 17:37:18'),
(1, 0.18, 246, '2020-01-06 17:37:18'),
(2, 0.417, 245, '2020-01-06 17:37:18'),
(1, 0.177, 241, '2020-01-06 17:37:19'),
(2, 0.441, 244, '2020-01-06 17:37:19'),
(1, 0.15, 243, '2020-01-06 17:37:19'),
(2, 0.351, 245, '2020-01-06 17:37:19'),
(1, 0.17, 243, '2020-01-06 17:37:20'),
(2, 0.443, 246, '2020-01-06 17:37:20'),
(1, 0.178, 243, '2020-01-06 17:37:20'),
(2, 0.407, 246, '2020-01-06 17:37:20'),
(1, 0.176, 240, '2020-01-06 17:37:20'),
(2, 0.434, 243, '2020-01-06 17:37:20'),
(1, 0.109, 240, '2020-01-06 17:37:21'),
(2, 0.39, 245, '2020-01-06 17:37:21'),
(1, 0.173, 243, '2020-01-06 17:37:21'),
(2, 0.412, 245, '2020-01-06 17:37:21'),
(1, 0.168, 243, '2020-01-06 17:37:22'),
(2, 0.316, 247, '2020-01-06 17:37:22'),
(1, 0.15, 242, '2020-01-06 17:37:22'),
(2, 0.416, 245, '2020-01-06 17:37:22'),
(1, 0.168, 241, '2020-01-06 17:37:23'),
(2, 0.432, 244, '2020-01-06 17:37:23'),
(1, 0.169, 243, '2020-01-06 17:37:23'),
(2, 0.441, 246, '2020-01-06 17:37:23'),
(1, 0.177, 243, '2020-01-06 17:37:23'),
(2, 0.442, 246, '2020-01-06 17:37:23'),
(1, 0.17, 241, '2020-01-06 17:37:24'),
(2, 0.43, 244, '2020-01-06 17:37:24'),
(1, 0.177, 240, '2020-01-06 17:37:24'),
(2, 0.439, 245, '2020-01-06 17:37:24'),
(1, 0.177, 240, '2020-01-06 17:37:25'),
(2, 0.436, 244, '2020-01-06 17:37:25'),
(1, 0.167, 241, '2020-01-06 17:37:25'),
(2, 0.442, 244, '2020-01-06 17:37:25'),
(1, 0.175, 241, '2020-01-06 17:37:25'),
(2, 0.437, 245, '2020-01-06 17:37:25'),
(1, 0.177, 241, '2020-01-06 17:37:26'),
(2, 0.432, 244, '2020-01-06 17:37:26'),
(1, 0.178, 241, '2020-01-06 17:37:26'),
(2, 0.368, 245, '2020-01-06 17:37:26'),
(1, 0.179, 244, '2020-01-06 17:37:27'),
(2, 0.318, 247, '2020-01-06 17:37:27'),
(1, 0.18, 243, '2020-01-06 17:37:27'),
(2, 0.439, 245, '2020-01-06 17:37:27'),
(1, 0.178, 240, '2020-01-06 17:37:28'),
(2, 0.435, 243, '2020-01-06 17:37:28'),
(1, 0.18, 243, '2020-01-06 17:37:28'),
(2, 0.419, 245, '2020-01-06 17:37:28'),
(1, 0.158, 242, '2020-01-06 17:37:29'),
(2, 0.444, 244, '2020-01-06 17:37:29'),
(1, 0.165, 242, '2020-01-06 17:37:29'),
(2, 0.434, 244, '2020-01-06 17:37:29'),
(1, 0.18, 244, '2020-01-06 17:37:29'),
(2, 0.434, 246, '2020-01-06 17:37:29'),
(1, 0.179, 242, '2020-01-06 17:37:30'),
(2, 0.438, 245, '2020-01-06 17:37:30'),
(1, 0.157, 242, '2020-01-06 17:37:30'),
(2, 0.441, 245, '2020-01-06 17:37:30'),
(1, 0.146, 241, '2020-01-06 17:37:31'),
(2, 0.428, 245, '2020-01-06 17:37:31'),
(1, 0.179, 243, '2020-01-06 17:37:31'),
(2, 0.371, 246, '2020-01-06 17:37:31'),
(1, 0.173, 242, '2020-01-06 17:37:31'),
(2, 0.415, 245, '2020-01-06 17:37:31'),
(1, 0.179, 243, '2020-01-06 17:37:32'),
(2, 0.398, 246, '2020-01-06 17:37:32'),
(1, 0.177, 241, '2020-01-06 17:37:32'),
(2, 0.437, 245, '2020-01-06 17:37:32'),
(1, 0.178, 243, '2020-01-06 17:37:33'),
(2, 0.414, 245, '2020-01-06 17:37:33'),
(1, 0.175, 242, '2020-01-06 17:37:33'),
(2, 0.415, 245, '2020-01-06 17:37:33'),
(1, 0.18, 243, '2020-01-06 17:37:33'),
(2, 0.443, 244, '2020-01-06 17:37:33'),
(1, 0.178, 242, '2020-01-06 17:37:34'),
(2, 0.437, 246, '2020-01-06 17:37:34'),
(1, 0.177, 243, '2020-01-06 17:37:34'),
(2, 0.399, 246, '2020-01-06 17:37:34'),
(1, 0.179, 242, '2020-01-06 17:37:35'),
(2, 0.444, 244, '2020-01-06 17:37:35'),
(1, 0.172, 242, '2020-01-06 17:37:35'),
(2, 0.4, 245, '2020-01-06 17:37:35'),
(1, 0.15, 240, '2020-01-06 17:37:36'),
(2, 0.437, 243, '2020-01-06 17:37:36'),
(1, 0.18, 242, '2020-01-06 17:37:36'),
(2, 0.4, 245, '2020-01-06 17:37:36'),
(1, 0.16, 241, '2020-01-06 17:37:36'),
(2, 0.444, 245, '2020-01-06 17:37:36'),
(1, 0.17, 243, '2020-01-06 17:37:37'),
(2, 0.364, 245, '2020-01-06 17:37:37'),
(1, 0.18, 243, '2020-01-06 17:37:37'),
(2, 0.441, 246, '2020-01-06 17:37:37'),
(1, 0.179, 243, '2020-01-06 17:37:38'),
(2, 0.437, 246, '2020-01-06 17:37:38'),
(1, 0.172, 243, '2020-01-06 17:37:38'),
(2, 0.443, 245, '2020-01-06 17:37:38'),
(1, 0.167, 242, '2020-01-06 17:37:39'),
(2, 0.434, 245, '2020-01-06 17:37:39'),
(1, 0.15, 242, '2020-01-06 17:37:39'),
(2, 0.428, 246, '2020-01-06 17:37:39'),
(1, 0.178, 241, '2020-01-06 17:37:39'),
(2, 0.441, 244, '2020-01-06 17:37:39'),
(1, 0.177, 242, '2020-01-06 17:37:40'),
(2, 0.434, 244, '2020-01-06 17:37:40'),
(1, 0.178, 243, '2020-01-06 17:37:40'),
(2, 0.432, 245, '2020-01-06 17:37:40'),
(1, 0.179, 242, '2020-01-06 17:37:41'),
(2, 0.441, 244, '2020-01-06 17:37:41'),
(1, 0.173, 242, '2020-01-06 17:37:41'),
(2, 0.443, 244, '2020-01-06 17:37:41'),
(1, 0.179, 243, '2020-01-06 17:37:41'),
(2, 0.408, 246, '2020-01-06 17:37:41'),
(1, 0.179, 243, '2020-01-06 17:37:42'),
(2, 0.443, 245, '2020-01-06 17:37:42'),
(1, 0.179, 241, '2020-01-06 17:37:42'),
(2, 0.351, 246, '2020-01-06 17:37:42'),
(1, 0.165, 241, '2020-01-06 17:37:43'),
(2, 0.442, 244, '2020-01-06 17:37:43'),
(1, 0.175, 243, '2020-01-06 17:37:43'),
(2, 0.444, 244, '2020-01-06 17:37:43'),
(1, 0.178, 241, '2020-01-06 17:37:43'),
(2, 0.363, 245, '2020-01-06 17:37:43'),
(1, 0.179, 245, '2020-01-06 17:37:44'),
(2, 0.439, 245, '2020-01-06 17:37:44'),
(1, 0.162, 242, '2020-01-06 17:37:44'),
(2, 0.443, 245, '2020-01-06 17:37:44'),
(1, 0.172, 243, '2020-01-06 17:37:45'),
(2, 0.412, 245, '2020-01-06 17:37:45'),
(1, 0.18, 244, '2020-01-06 17:37:45'),
(2, 0.444, 246, '2020-01-06 17:37:45'),
(1, 0.173, 245, '2020-01-06 17:37:46'),
(2, 0.444, 245, '2020-01-06 17:37:46'),
(1, 0.16, 243, '2020-01-06 17:37:46'),
(2, 0.317, 246, '2020-01-06 17:37:46'),
(1, 0.165, 243, '2020-01-06 17:37:47'),
(2, 0.442, 244, '2020-01-06 17:37:47'),
(1, 0.171, 243, '2020-01-06 17:37:47'),
(2, 0.4, 245, '2020-01-06 17:37:47'),
(1, 0.177, 242, '2020-01-06 17:37:47'),
(2, 0.442, 246, '2020-01-06 17:37:47'),
(1, 0.143, 243, '2020-01-06 17:37:48'),
(2, 0.438, 245, '2020-01-06 17:37:48'),
(1, 0.178, 243, '2020-01-06 17:37:48'),
(2, 0.444, 244, '2020-01-06 17:37:48'),
(1, 0.177, 243, '2020-01-06 17:37:49'),
(2, 0.399, 246, '2020-01-06 17:37:49'),
(1, 0.177, 243, '2020-01-06 17:37:49'),
(2, 0.443, 245, '2020-01-06 17:37:49'),
(1, 0.177, 243, '2020-01-06 17:37:50'),
(2, 0.415, 245, '2020-01-06 17:37:50'),
(1, 0.153, 244, '2020-01-06 17:37:50'),
(2, 0.431, 245, '2020-01-06 17:37:50'),
(1, 0.143, 242, '2020-01-06 17:37:50'),
(2, 0.427, 244, '2020-01-06 17:37:50'),
(1, 0.177, 243, '2020-01-06 17:37:51'),
(2, 0.344, 246, '2020-01-06 17:37:51'),
(1, 0.175, 244, '2020-01-06 17:37:51'),
(2, 0.441, 246, '2020-01-06 17:37:51'),
(1, 0.175, 243, '2020-01-06 17:37:52'),
(2, 0.441, 247, '2020-01-06 17:37:52'),
(1, 0.179, 243, '2020-01-06 17:37:52'),
(2, 0.443, 245, '2020-01-06 17:37:52'),
(1, 0.179, 243, '2020-01-06 17:37:52'),
(2, 0.434, 245, '2020-01-06 17:37:52'),
(1, 0.114, 241, '2020-01-06 17:37:53'),
(2, 0.409, 245, '2020-01-06 17:37:53'),
(1, 0.175, 243, '2020-01-06 17:37:53'),
(2, 0.422, 246, '2020-01-06 17:37:53'),
(1, 0.146, 243, '2020-01-06 17:37:54'),
(2, 0.437, 246, '2020-01-06 17:37:54'),
(1, 0.178, 244, '2020-01-06 17:37:54'),
(2, 0.441, 245, '2020-01-06 17:37:54'),
(1, 0.179, 242, '2020-01-06 17:37:55'),
(2, 0.379, 244, '2020-01-06 17:37:55'),
(1, 0.178, 242, '2020-01-06 17:37:55'),
(2, 0.443, 242, '2020-01-06 17:37:55'),
(1, 0.171, 241, '2020-01-06 17:37:55'),
(2, 0.444, 244, '2020-01-06 17:37:55'),
(1, 0.178, 243, '2020-01-06 17:37:56'),
(2, 0.415, 246, '2020-01-06 17:37:56'),
(1, 0.175, 242, '2020-01-06 17:37:56'),
(2, 0.433, 245, '2020-01-06 17:37:56'),
(1, 0.172, 242, '2020-01-06 17:37:57'),
(2, 0.385, 244, '2020-01-06 17:37:57'),
(1, 0.179, 242, '2020-01-06 17:37:57'),
(2, 0.44, 245, '2020-01-06 17:37:57'),
(1, 0.179, 243, '2020-01-06 17:37:57'),
(2, 0.383, 245, '2020-01-06 17:37:57'),
(1, 0.177, 243, '2020-01-06 17:37:58'),
(2, 0.346, 246, '2020-01-06 17:37:58'),
(1, 0.175, 244, '2020-01-06 17:37:58'),
(2, 0.438, 246, '2020-01-06 17:37:58'),
(1, 0.178, 243, '2020-01-06 17:37:59'),
(2, 0.44, 244, '2020-01-06 17:37:59'),
(1, 0.177, 243, '2020-01-06 17:37:59'),
(2, 0.441, 244, '2020-01-06 17:37:59'),
(1, 0.169, 243, '2020-01-06 17:38:00'),
(2, 0.432, 246, '2020-01-06 17:38:00'),
(1, 0.175, 243, '2020-01-06 17:38:00'),
(2, 0.437, 245, '2020-01-06 17:38:00'),
(1, 0.179, 243, '2020-01-06 17:38:01'),
(2, 0.442, 246, '2020-01-06 17:38:01'),
(1, 0.177, 242, '2020-01-06 17:38:01'),
(2, 0.438, 247, '2020-01-06 17:38:01'),
(1, 0.176, 243, '2020-01-06 17:38:02'),
(2, 0.443, 246, '2020-01-06 17:38:02'),
(1, 0.179, 244, '2020-01-06 17:38:02'),
(2, 0.427, 245, '2020-01-06 17:38:02'),
(1, 0.156, 243, '2020-01-06 17:38:02'),
(2, 0.427, 248, '2020-01-06 17:38:02'),
(1, 0.155, 241, '2020-01-06 17:38:03'),
(2, 0.415, 245, '2020-01-06 17:38:03'),
(1, 0.177, 242, '2020-01-06 17:38:03'),
(2, 0.444, 246, '2020-01-06 17:38:03'),
(1, 0.153, 244, '2020-01-06 17:38:04'),
(2, 0.444, 246, '2020-01-06 17:38:04'),
(1, 0.178, 244, '2020-01-06 17:38:04'),
(2, 0.442, 245, '2020-01-06 17:38:04'),
(1, 0.116, 240, '2020-01-06 17:38:05'),
(2, 0.431, 244, '2020-01-06 17:38:05'),
(1, 0.178, 243, '2020-01-06 17:38:05'),
(2, 0.444, 246, '2020-01-06 17:38:05'),
(1, 0.175, 242, '2020-01-06 17:38:06'),
(2, 0.434, 245, '2020-01-06 17:38:06'),
(1, 0.177, 243, '2020-01-06 17:38:06'),
(2, 0.437, 245, '2020-01-06 17:38:06'),
(1, 0.175, 244, '2020-01-06 17:38:06'),
(2, 0.442, 246, '2020-01-06 17:38:06'),
(1, 0.149, 242, '2020-01-06 17:38:07'),
(2, 0.416, 246, '2020-01-06 17:38:07'),
(1, 0.123, 241, '2020-01-06 17:38:07'),
(2, 0.438, 245, '2020-01-06 17:38:07'),
(1, 0.165, 241, '2020-01-06 17:38:08'),
(2, 0.386, 244, '2020-01-06 17:38:08'),
(1, 0.163, 242, '2020-01-06 17:38:08'),
(2, 0.437, 245, '2020-01-06 17:38:08'),
(1, 0.179, 242, '2020-01-06 17:38:09'),
(2, 0.326, 246, '2020-01-06 17:38:09'),
(1, 0.178, 242, '2020-01-06 17:38:09'),
(2, 0.433, 246, '2020-01-06 17:38:09'),
(1, 0.178, 243, '2020-01-06 17:38:09'),
(2, 0.443, 244, '2020-01-06 17:38:09'),
(1, 0.168, 242, '2020-01-06 17:38:10'),
(2, 0.441, 244, '2020-01-06 17:38:10'),
(1, 0.168, 242, '2020-01-06 17:38:10'),
(2, 0.425, 245, '2020-01-06 17:38:10'),
(1, 0.177, 242, '2020-01-06 17:38:11'),
(2, 0.439, 245, '2020-01-06 17:38:11'),
(1, 0.179, 245, '2020-01-06 17:38:11'),
(2, 0.42, 246, '2020-01-06 17:38:11'),
(1, 0.163, 242, '2020-01-06 17:38:12'),
(2, 0.431, 245, '2020-01-06 17:38:12'),
(1, 0.176, 242, '2020-01-06 17:38:12'),
(2, 0.434, 245, '2020-01-06 17:38:12'),
(1, 0.174, 243, '2020-01-06 17:38:13'),
(2, 0.443, 245, '2020-01-06 17:38:13'),
(1, 0.127, 243, '2020-01-06 17:38:13'),
(2, 0.439, 247, '2020-01-06 17:38:13'),
(1, 0.175, 243, '2020-01-06 17:38:14'),
(2, 0.426, 246, '2020-01-06 17:38:14'),
(1, 0.175, 242, '2020-01-06 17:38:14'),
(2, 0.441, 245, '2020-01-06 17:38:14'),
(1, 0.18, 243, '2020-01-06 17:38:15'),
(2, 0.437, 244, '2020-01-06 17:38:15'),
(1, 0.18, 242, '2020-01-06 17:38:15'),
(2, 0.432, 245, '2020-01-06 17:38:15'),
(1, 0.179, 243, '2020-01-06 17:38:15'),
(2, 0.44, 246, '2020-01-06 17:38:15'),
(1, 0.175, 243, '2020-01-06 17:38:16'),
(2, 0.443, 244, '2020-01-06 17:38:16'),
(1, 0.17, 243, '2020-01-06 17:38:16'),
(2, 0.354, 246, '2020-01-06 17:38:16'),
(1, 0.17, 243, '2020-01-06 17:38:17'),
(2, 0.434, 245, '2020-01-06 17:38:17'),
(1, 0.179, 244, '2020-01-06 17:38:17'),
(2, 0.39, 246, '2020-01-06 17:38:17'),
(1, 0.177, 242, '2020-01-06 17:38:17'),
(2, 0.407, 245, '2020-01-06 17:38:17'),
(1, 0.17, 241, '2020-01-06 17:38:18'),
(2, 0.408, 244, '2020-01-06 17:38:18'),
(1, 0.175, 243, '2020-01-06 17:38:18'),
(2, 0.444, 245, '2020-01-06 17:38:18'),
(1, 0.178, 243, '2020-01-06 17:38:19'),
(2, 0.442, 245, '2020-01-06 17:38:19'),
(1, 0.158, 242, '2020-01-06 17:38:19'),
(2, 0.439, 245, '2020-01-06 17:38:19'),
(1, 0.174, 245, '2020-01-06 17:38:19'),
(2, 0.442, 247, '2020-01-06 17:38:19'),
(1, 0.176, 242, '2020-01-06 17:38:20'),
(2, 0.327, 247, '2020-01-06 17:38:20'),
(1, 0.178, 242, '2020-01-06 17:38:20'),
(2, 0.4, 246, '2020-01-06 17:38:20'),
(1, 0.179, 242, '2020-01-06 17:38:21'),
(2, 0.442, 244, '2020-01-06 17:38:21'),
(1, 0.141, 240, '2020-01-06 17:38:21'),
(2, 0.44, 244, '2020-01-06 17:38:21'),
(1, 0.15, 243, '2020-01-06 17:38:22'),
(2, 0.441, 246, '2020-01-06 17:38:22'),
(1, 0.173, 241, '2020-01-06 17:38:22'),
(2, 0.388, 245, '2020-01-06 17:38:22'),
(1, 0.155, 240, '2020-01-06 17:38:22'),
(2, 0.402, 243, '2020-01-06 17:38:22'),
(1, 0.175, 242, '2020-01-06 17:38:23'),
(2, 0.442, 244, '2020-01-06 17:38:23'),
(1, 0.177, 242, '2020-01-06 17:38:23'),
(2, 0.442, 244, '2020-01-06 17:38:23'),
(1, 0.177, 241, '2020-01-06 17:38:24'),
(2, 0.435, 244, '2020-01-06 17:38:24'),
(1, 0.177, 242, '2020-01-06 17:38:24'),
(2, 0.44, 244, '2020-01-06 17:38:24'),
(1, 0.158, 242, '2020-01-06 17:38:24'),
(2, 0.435, 245, '2020-01-06 17:38:24'),
(1, 0.177, 243, '2020-01-06 17:38:25'),
(2, 0.387, 246, '2020-01-06 17:38:25'),
(1, 0.177, 242, '2020-01-06 17:38:26'),
(2, 0.444, 244, '2020-01-06 17:38:26'),
(1, 0.177, 242, '2020-01-06 17:38:26'),
(2, 0.441, 245, '2020-01-06 17:38:26'),
(1, 0.178, 242, '2020-01-06 17:38:26'),
(2, 0.425, 244, '2020-01-06 17:38:26'),
(1, 0.165, 245, '2020-01-06 17:38:27'),
(2, 0.439, 246, '2020-01-06 17:38:27'),
(1, 0.177, 244, '2020-01-06 17:38:27'),
(2, 0.443, 245, '2020-01-06 17:38:27'),
(1, 0.177, 242, '2020-01-06 17:38:28'),
(2, 0.433, 245, '2020-01-06 17:38:28'),
(1, 0.179, 241, '2020-01-06 17:38:28'),
(2, 0.412, 244, '2020-01-06 17:38:28'),
(1, 0.163, 240, '2020-01-06 17:38:29'),
(2, 0.439, 243, '2020-01-06 17:38:29'),
(1, 0.133, 241, '2020-01-06 17:38:29'),
(2, 0.422, 244, '2020-01-06 17:38:29'),
(1, 0.177, 242, '2020-01-06 17:38:30'),
(2, 0.434, 244, '2020-01-06 17:38:30'),
(1, 0.164, 242, '2020-01-06 17:38:30'),
(2, 0.361, 245, '2020-01-06 17:38:30'),
(1, 0.143, 242, '2020-01-06 17:38:30'),
(2, 0.44, 244, '2020-01-06 17:38:30'),
(1, 0.177, 243, '2020-01-06 17:38:31'),
(2, 0.361, 245, '2020-01-06 17:38:31'),
(1, 0.156, 240, '2020-01-06 17:38:31'),
(2, 0.362, 243, '2020-01-06 17:38:31'),
(1, 0.165, 243, '2020-01-06 17:38:32'),
(2, 0.444, 246, '2020-01-06 17:38:32'),
(1, 0.176, 242, '2020-01-06 17:38:32'),
(2, 0.408, 245, '2020-01-06 17:38:32'),
(1, 0.177, 242, '2020-01-06 17:38:33'),
(2, 0.44, 243, '2020-01-06 17:38:33'),
(1, 0.173, 241, '2020-01-06 17:38:33'),
(2, 0.438, 244, '2020-01-06 17:38:33'),
(1, 0.166, 242, '2020-01-06 17:38:34'),
(2, 0.439, 245, '2020-01-06 17:38:34'),
(1, 0.177, 242, '2020-01-06 17:38:34'),
(2, 0.44, 245, '2020-01-06 17:38:34'),
(1, 0.178, 243, '2020-01-06 17:38:34'),
(2, 0.442, 245, '2020-01-06 17:38:34'),
(1, 0.17, 240, '2020-01-06 17:38:35'),
(2, 0.427, 244, '2020-01-06 17:38:35'),
(1, 0.161, 242, '2020-01-06 17:38:35'),
(2, 0.417, 246, '2020-01-06 17:38:35'),
(1, 0.177, 242, '2020-01-06 17:38:36'),
(2, 0.431, 246, '2020-01-06 17:38:36'),
(1, 0.178, 242, '2020-01-06 17:38:36'),
(2, 0.443, 244, '2020-01-06 17:38:36'),
(1, 0.177, 241, '2020-01-06 17:38:36'),
(2, 0.432, 245, '2020-01-06 17:38:36'),
(1, 0.173, 242, '2020-01-06 17:38:37'),
(2, 0.441, 243, '2020-01-06 17:38:37'),
(1, 0.154, 242, '2020-01-06 17:38:37'),
(2, 0.443, 246, '2020-01-06 17:38:37'),
(1, 0.17, 242, '2020-01-06 17:38:38'),
(2, 0.368, 245, '2020-01-06 17:38:38'),
(1, 0.176, 242, '2020-01-06 17:38:39'),
(2, 0.33, 245, '2020-01-06 17:38:39'),
(1, 0.179, 242, '2020-01-06 17:38:39'),
(2, 0.333, 245, '2020-01-06 17:38:39'),
(1, 0.169, 241, '2020-01-06 17:38:40'),
(2, 0.411, 245, '2020-01-06 17:38:40'),
(1, 0.177, 244, '2020-01-06 17:38:40'),
(2, 0.437, 245, '2020-01-06 17:38:40'),
(1, 0.177, 243, '2020-01-06 17:38:40'),
(2, 0.385, 245, '2020-01-06 17:38:40'),
(1, 0.155, 242, '2020-01-06 17:38:41'),
(2, 0.431, 245, '2020-01-06 17:38:41'),
(1, 0.165, 242, '2020-01-06 17:38:41'),
(2, 0.4, 245, '2020-01-06 17:38:41'),
(1, 0.171, 243, '2020-01-06 17:38:42'),
(2, 0.444, 247, '2020-01-06 17:38:42'),
(1, 0.138, 241, '2020-01-06 17:38:42'),
(2, 0.427, 244, '2020-01-06 17:38:42'),
(1, 0.155, 241, '2020-01-06 17:38:42'),
(2, 0.444, 244, '2020-01-06 17:38:42'),
(1, 0.173, 241, '2020-01-06 17:38:43'),
(2, 0.444, 244, '2020-01-06 17:38:43'),
(1, 0.12, 240, '2020-01-06 17:38:43'),
(2, 0.44, 244, '2020-01-06 17:38:43'),
(1, 0.148, 242, '2020-01-06 17:38:44'),
(2, 0.443, 246, '2020-01-06 17:38:44'),
(1, 0.159, 242, '2020-01-06 17:38:44'),
(2, 0.443, 246, '2020-01-06 17:38:44'),
(1, 0.172, 243, '2020-01-06 17:38:45'),
(2, 0.443, 245, '2020-01-06 17:38:45'),
(1, 0.153, 242, '2020-01-06 17:38:45'),
(2, 0.423, 244, '2020-01-06 17:38:45'),
(1, 0.176, 242, '2020-01-06 17:38:45'),
(2, 0.432, 246, '2020-01-06 17:38:45'),
(1, 0.171, 242, '2020-01-06 17:38:46'),
(2, 0.444, 245, '2020-01-06 17:38:46'),
(1, 0.177, 243, '2020-01-06 17:38:46'),
(2, 0.441, 247, '2020-01-06 17:38:46'),
(1, 0.167, 243, '2020-01-06 17:38:47'),
(2, 0.443, 245, '2020-01-06 17:38:47'),
(1, 0.147, 242, '2020-01-06 17:38:47'),
(2, 0.442, 244, '2020-01-06 17:38:47'),
(1, 0.178, 244, '2020-01-06 17:38:47'),
(2, 0.443, 245, '2020-01-06 17:38:47'),
(1, 0.178, 244, '2020-01-06 17:38:48'),
(2, 0.337, 246, '2020-01-06 17:38:48'),
(1, 0.177, 242, '2020-01-06 17:38:48'),
(2, 0.391, 245, '2020-01-06 17:38:48'),
(1, 0.158, 242, '2020-01-06 17:38:49'),
(2, 0.42, 246, '2020-01-06 17:38:49'),
(1, 0.155, 244, '2020-01-06 17:38:49'),
(2, 0.423, 247, '2020-01-06 17:38:49'),
(1, 0.175, 242, '2020-01-06 17:38:50'),
(2, 0.434, 246, '2020-01-06 17:38:50'),
(1, 0.177, 243, '2020-01-06 17:38:50'),
(2, 0.441, 246, '2020-01-06 17:38:50'),
(1, 0.158, 242, '2020-01-06 17:38:50'),
(2, 0.443, 245, '2020-01-06 17:38:50'),
(1, 0.178, 243, '2020-01-06 17:38:51'),
(2, 0.418, 245, '2020-01-06 17:38:51'),
(1, 0.178, 243, '2020-01-06 17:38:51'),
(2, 0.382, 246, '2020-01-06 17:38:51'),
(1, 0.156, 242, '2020-01-06 17:38:52'),
(2, 0.416, 246, '2020-01-06 17:38:52'),
(1, 0.17, 242, '2020-01-06 17:38:52'),
(2, 0.441, 245, '2020-01-06 17:38:52'),
(1, 0.176, 244, '2020-01-06 17:38:52'),
(2, 0.438, 245, '2020-01-06 17:38:52'),
(1, 0.177, 243, '2020-01-06 17:38:53'),
(2, 0.443, 245, '2020-01-06 17:38:53'),
(1, 0.178, 243, '2020-01-06 17:38:53'),
(2, 0.417, 245, '2020-01-06 17:38:53'),
(1, 0.178, 242, '2020-01-06 17:38:54'),
(2, 0.431, 245, '2020-01-06 17:38:54'),
(1, 0.174, 243, '2020-01-06 17:38:54'),
(2, 0.439, 245, '2020-01-06 17:38:54'),
(1, 0.175, 242, '2020-01-06 17:38:54'),
(2, 0.433, 245, '2020-01-06 17:38:54'),
(1, 0.179, 242, '2020-01-06 17:38:55'),
(2, 0.44, 244, '2020-01-06 17:38:55'),
(1, 0.169, 242, '2020-01-06 17:38:55'),
(2, 0.443, 245, '2020-01-06 17:38:55');

-- --------------------------------------------------------

--
-- Table structure for table `tbl_schedules`
--

CREATE TABLE `tbl_schedules` (
  `scheduleID` int(11) NOT NULL,
  `scheduleDate` date DEFAULT NULL,
  `scheduleTime` time NOT NULL,
  `scheduleApplianceID` tinyint(1) NOT NULL,
  `scheduleAction` tinyint(1) NOT NULL,
  `scheduleRepeat` varchar(7) DEFAULT NULL
) ENGINE=InnoDB DEFAULT CHARSET=latin1;

--
-- Dumping data for table `tbl_schedules`
--

INSERT INTO `tbl_schedules` (`scheduleID`, `scheduleDate`, `scheduleTime`, `scheduleApplianceID`, `scheduleAction`, `scheduleRepeat`) VALUES
(41, NULL, '10:18:00', 4, 0, '0110010'),
(43, '2019-10-21', '10:18:00', 1, 1, NULL);

-- --------------------------------------------------------

--
-- Table structure for table `tbl_users`
--

CREATE TABLE `tbl_users` (
  `userID` int(2) NOT NULL,
  `userName` varchar(20) NOT NULL,
  `userPass` varchar(20) NOT NULL,
  `userProf` varchar(20) NOT NULL,
  `userType` tinyint(4) NOT NULL,
  `userFirstName` varchar(50) NOT NULL,
  `userLastName` varchar(50) NOT NULL,
  `userPhoneNumber` varchar(13) DEFAULT NULL
) ENGINE=InnoDB DEFAULT CHARSET=latin1;

--
-- Dumping data for table `tbl_users`
--

INSERT INTO `tbl_users` (`userID`, `userName`, `userPass`, `userProf`, `userType`, `userFirstName`, `userLastName`, `userPhoneNumber`) VALUES
(0, 'abay', 'abay', '', 0, 'Ian Joseph', 'Solon', '9956139395'),
(1, 'znarf', 'znarf', '', 1, 'Franz Dink', 'Catalan', '9999999999');

--
-- Indexes for dumped tables
--

--
-- Indexes for table `tbl_appliances`
--
ALTER TABLE `tbl_appliances`
  ADD PRIMARY KEY (`applianceID`),
  ADD UNIQUE KEY `UK_applianceName` (`applianceName`);

--
-- Indexes for table `tbl_logs`
--
ALTER TABLE `tbl_logs`
  ADD PRIMARY KEY (`logID`);

--
-- Indexes for table `tbl_schedules`
--
ALTER TABLE `tbl_schedules`
  ADD PRIMARY KEY (`scheduleID`),
  ADD KEY `FK_applianceID` (`scheduleApplianceID`);

--
-- Indexes for table `tbl_users`
--
ALTER TABLE `tbl_users`
  ADD PRIMARY KEY (`userID`);

--
-- AUTO_INCREMENT for dumped tables
--

--
-- AUTO_INCREMENT for table `tbl_appliances`
--
ALTER TABLE `tbl_appliances`
  MODIFY `applianceID` tinyint(1) NOT NULL AUTO_INCREMENT, AUTO_INCREMENT=6;
--
-- AUTO_INCREMENT for table `tbl_logs`
--
ALTER TABLE `tbl_logs`
  MODIFY `logID` int(100) NOT NULL AUTO_INCREMENT, AUTO_INCREMENT=5;
--
-- AUTO_INCREMENT for table `tbl_schedules`
--
ALTER TABLE `tbl_schedules`
  MODIFY `scheduleID` int(11) NOT NULL AUTO_INCREMENT, AUTO_INCREMENT=44;
--
-- AUTO_INCREMENT for table `tbl_users`
--
ALTER TABLE `tbl_users`
  MODIFY `userID` int(2) NOT NULL AUTO_INCREMENT, AUTO_INCREMENT=3;
--
-- Constraints for dumped tables
--

--
-- Constraints for table `tbl_schedules`
--
ALTER TABLE `tbl_schedules`
  ADD CONSTRAINT `FK_applianceID` FOREIGN KEY (`scheduleApplianceID`) REFERENCES `tbl_appliances` (`applianceID`);

/*!40101 SET CHARACTER_SET_CLIENT=@OLD_CHARACTER_SET_CLIENT */;
/*!40101 SET CHARACTER_SET_RESULTS=@OLD_CHARACTER_SET_RESULTS */;
/*!40101 SET COLLATION_CONNECTION=@OLD_COLLATION_CONNECTION */;
