-- phpMyAdmin SQL Dump
-- version 4.6.6deb5
-- https://www.phpmyadmin.net/
--
-- Host: localhost:3306
-- Generation Time: Feb 06, 2020 at 07:21 PM
-- Server version: 10.3.15-MariaDB-1
-- PHP Version: 7.3.4-2

SET SQL_MODE = "NO_AUTO_VALUE_ON_ZERO";
SET time_zone = "+00:00";


/*!40101 SET @OLD_CHARACTER_SET_CLIENT=@@CHARACTER_SET_CLIENT */;
/*!40101 SET @OLD_CHARACTER_SET_RESULTS=@@CHARACTER_SET_RESULTS */;
/*!40101 SET @OLD_COLLATION_CONNECTION=@@COLLATION_CONNECTION */;
/*!40101 SET NAMES utf8mb4 */;

--
-- Database: `homeautomation`
--

-- --------------------------------------------------------

--
-- Table structure for table `tbl_appliances`
--

CREATE TABLE `tbl_appliances` (
  `applianceID` tinyint(1) NOT NULL,
  `applianceName` varchar(20) DEFAULT NULL,
  `applianceRating` decimal(6,2) DEFAULT NULL,
  `applianceStatus` tinyint(1) NOT NULL,
  `applianceOutputPin` smallint(2) NOT NULL,
  `applianceInputPin` tinyint(4) NOT NULL
) ENGINE=InnoDB DEFAULT CHARSET=latin1;

--
-- Dumping data for table `tbl_appliances`
--

INSERT INTO `tbl_appliances` (`applianceID`, `applianceName`, `applianceRating`, `applianceStatus`, `applianceOutputPin`, `applianceInputPin`) VALUES
(1, 'aw', NULL, 0, 40, 37),
(2, 'www', '0.00', 1, 38, 35),
(3, 'port3', '0.00', 0, 36, 33),
(4, 'port4', '0.00', 1, 32, 31);

-- --------------------------------------------------------

--
-- Table structure for table `tbl_logs`
--

CREATE TABLE `tbl_logs` (
  `logID` int(100) NOT NULL,
  `logDateTime` datetime NOT NULL,
  `logAppliance` varchar(20) NOT NULL,
  `logAction` tinyint(1) NOT NULL,
  `logVia` tinyint(1) NOT NULL,
  `logUser` smallint(5) NOT NULL
) ENGINE=InnoDB DEFAULT CHARSET=latin1;

--
-- Dumping data for table `tbl_logs`
--

INSERT INTO `tbl_logs` (`logID`, `logDateTime`, `logAppliance`, `logAction`, `logVia`, `logUser`) VALUES
(1, '2020-02-06 20:55:00', 'aw', 1, 2, 1),
(2, '2020-02-07 11:07:48', 'aw', 0, 1, 1),
(3, '2020-02-07 11:08:00', 'aw', 1, 1, 1),
(4, '2020-02-07 11:08:02', 'aw', 0, 1, 1),
(5, '2020-02-07 11:08:09', 'aw', 1, 1, 1),
(6, '2020-02-07 11:08:11', 'aw', 0, 1, 1),
(7, '2020-02-07 11:08:22', 'aw', 1, 1, 1),
(8, '2020-02-07 11:08:24', 'aw', 0, 1, 1),
(9, '2020-02-07 11:08:44', 'aw', 1, 1, 1),
(10, '2020-02-07 11:08:47', 'aw', 0, 1, 1),
(11, '2020-02-07 11:09:08', 'aw', 1, 1, 1),
(12, '2020-02-07 11:09:15', 'aw', 0, 1, 1),
(13, '2020-02-07 11:09:21', 'aw', 1, 1, 1),
(14, '2020-02-07 11:09:23', 'aw', 0, 1, 1),
(15, '2020-02-07 11:09:45', 'aw', 1, 1, 1),
(16, '2020-02-07 11:09:50', 'aw', 0, 1, 1),
(17, '2020-02-07 11:09:52', 'aw', 1, 1, 1),
(18, '2020-02-07 11:09:54', 'aw', 0, 1, 1),
(19, '2020-02-07 11:09:56', 'aw', 1, 1, 1),
(20, '2020-02-07 11:10:13', 'aw', 0, 1, 1),
(21, '2020-02-07 11:10:24', 'aw', 1, 1, 1),
(22, '2020-02-07 11:10:26', 'aw', 0, 1, 1),
(23, '2020-02-07 11:10:28', 'aw', 1, 1, 1),
(24, '2020-02-07 11:10:32', 'aw', 0, 1, 1),
(25, '2020-02-07 11:11:09', 'www', 3, 0, 0),
(26, '2020-02-07 11:11:11', 'port3', 3, 0, 0),
(27, '2020-02-07 11:11:12', 'port4', 3, 0, 0),
(28, '2020-02-07 11:11:15', 'aw', 1, 1, 1),
(29, '2020-02-07 11:11:17', 'aw', 0, 1, 1),
(30, '2020-02-07 11:11:18', 'port4', 1, 1, 1),
(31, '2020-02-07 11:11:20', 'port4', 0, 1, 1),
(32, '2020-02-07 11:11:25', 'aw', 1, 1, 1),
(33, '2020-02-07 11:11:25', 'www', 1, 1, 1),
(34, '2020-02-07 11:11:25', 'port4', 1, 1, 1),
(35, '2020-02-07 11:11:25', 'port3', 1, 1, 1),
(36, '2020-02-07 11:11:27', 'aw', 0, 1, 1),
(37, '2020-02-07 11:11:27', 'www', 0, 1, 1),
(38, '2020-02-07 11:11:27', 'port4', 0, 1, 1),
(39, '2020-02-07 11:11:29', 'port3', 0, 1, 1),
(40, '2020-02-07 11:11:30', 'port4', 1, 1, 1),
(41, '2020-02-07 11:11:30', 'aw', 1, 1, 1),
(42, '2020-02-07 11:11:31', 'www', 1, 1, 1),
(43, '2020-02-07 11:11:31', 'port3', 1, 1, 1),
(44, '2020-02-07 11:11:32', 'port4', 0, 1, 1),
(45, '2020-02-07 11:11:33', 'aw', 0, 1, 1),
(46, '2020-02-07 11:11:34', 'www', 0, 1, 1),
(47, '2020-02-07 11:11:34', 'port3', 0, 1, 1),
(48, '2020-02-07 11:11:36', 'aw', 1, 1, 1),
(49, '2020-02-07 11:11:36', 'www', 1, 1, 1),
(50, '2020-02-07 11:11:36', 'port3', 1, 1, 1),
(51, '2020-02-07 11:11:36', 'port4', 1, 1, 1),
(52, '2020-02-07 11:11:39', 'aw', 0, 1, 1),
(53, '2020-02-07 11:11:39', 'www', 0, 1, 1),
(54, '2020-02-07 11:11:39', 'port3', 0, 1, 1),
(55, '2020-02-07 11:11:40', 'port4', 0, 1, 1),
(56, '2020-02-07 11:15:26', 'www', 1, 1, 1),
(57, '2020-02-07 11:15:26', 'port4', 1, 1, 1),
(58, '2020-02-07 11:15:31', 'aw', 1, 1, 1),
(59, '2020-02-07 11:15:53', 'port4', 0, 1, 1),
(60, '2020-02-07 11:16:01', 'aw', 0, 1, 1),
(61, '2020-02-07 11:16:01', 'www', 0, 1, 1),
(62, '2020-02-07 11:16:01', 'port3', 1, 1, 1),
(63, '2020-02-07 11:16:01', 'port4', 1, 1, 1),
(64, '2020-02-07 11:16:04', 'port4', 0, 1, 1),
(65, '2020-02-07 11:16:05', 'port3', 0, 1, 1),
(66, '2020-02-07 11:16:06', 'port4', 1, 1, 1),
(67, '2020-02-07 11:16:08', 'port3', 1, 1, 1),
(68, '2020-02-07 11:16:10', 'port3', 0, 1, 1),
(69, '2020-02-07 11:16:11', 'www', 1, 1, 1),
(70, '2020-02-07 11:16:13', 'aw', 1, 1, 1),
(71, '2020-02-07 11:16:25', 'www', 0, 1, 1),
(72, '2020-02-07 11:16:26', 'aw', 0, 1, 1),
(73, '2020-02-07 11:16:27', 'port4', 0, 1, 1),
(74, '2020-02-07 11:16:33', 'aw', 1, 0, 0),
(75, '2020-02-07 11:16:34', 'aw', 0, 0, 0),
(76, '2020-02-07 11:16:35', 'www', 1, 0, 0),
(77, '2020-02-07 11:16:36', 'www', 0, 0, 0),
(78, '2020-02-07 11:16:37', 'port3', 1, 0, 0),
(79, '2020-02-07 11:16:39', 'port3', 0, 0, 0),
(80, '2020-02-07 11:16:40', 'port4', 1, 0, 0),
(81, '2020-02-07 11:16:41', 'port4', 0, 0, 0),
(82, '2020-02-07 11:16:43', 'port3', 1, 0, 0),
(83, '2020-02-07 11:16:44', 'port3', 0, 0, 0),
(84, '2020-02-07 11:17:08', 'www', 1, 1, 1),
(85, '2020-02-07 11:17:09', 'port3', 1, 1, 1),
(86, '2020-02-07 11:18:33', 'port3', 0, 1, 1),
(87, '2020-02-07 11:18:33', 'port4', 1, 1, 1),
(88, '2020-02-07 11:18:56', 'port4', 0, 1, 1),
(89, '2020-02-07 11:19:00', 'port4', 1, 1, 1),
(90, '2020-02-07 11:19:07', 'port4', 0, 1, 1),
(91, '2020-02-07 11:19:10', 'port4', 1, 1, 1),
(92, '2020-02-07 11:19:13', 'port4', 0, 1, 1),
(93, '2020-02-07 11:19:20', 'port4', 1, 1, 1),
(94, '2020-02-07 11:19:21', 'port3', 1, 1, 1),
(95, '2020-02-07 11:19:22', 'www', 0, 1, 1),
(96, '2020-02-07 11:19:24', 'aw', 1, 1, 1),
(97, '2020-02-07 11:19:25', 'www', 1, 1, 1),
(98, '2020-02-07 11:19:30', 'www', 0, 1, 1),
(99, '2020-02-07 11:19:31', 'aw', 0, 1, 1),
(100, '2020-02-07 11:19:33', 'port3', 0, 1, 1),
(101, '2020-02-07 11:19:34', 'port4', 0, 1, 1),
(102, '2020-02-07 11:19:39', 'www', 1, 1, 1),
(103, '2020-02-07 11:19:39', 'port4', 1, 1, 1),
(104, '2020-02-07 11:19:42', 'www', 0, 1, 1),
(105, '2020-02-07 11:19:42', 'port4', 0, 1, 1),
(106, '2020-02-07 11:19:43', 'port3', 1, 1, 1),
(107, '2020-02-07 11:19:43', 'aw', 1, 1, 1),
(108, '2020-02-07 11:19:45', 'www', 1, 1, 1),
(109, '2020-02-07 11:19:45', 'port4', 1, 1, 1),
(110, '2020-02-07 11:19:45', 'aw', 0, 1, 1),
(111, '2020-02-07 11:19:45', 'port3', 0, 1, 1),
(112, '2020-02-07 11:20:03', 'aw', 1, 1, 1),
(113, '2020-02-07 11:20:03', 'www', 0, 1, 1),
(114, '2020-02-07 11:20:03', 'port3', 1, 1, 1),
(115, '2020-02-07 11:20:03', 'port4', 0, 1, 1),
(116, '2020-02-07 11:20:10', 'aw', 0, 1, 1),
(117, '2020-02-07 11:20:11', 'www', 1, 1, 1),
(118, '2020-02-07 11:20:11', 'port3', 0, 1, 1),
(119, '2020-02-07 11:20:11', 'port4', 1, 1, 1);

-- --------------------------------------------------------

--
-- Table structure for table `tbl_readings`
--

CREATE TABLE `tbl_readings` (
  `applianceID` tinyint(1) NOT NULL,
  `rCurrent` decimal(4,2) NOT NULL,
  `rVoltage` decimal(4,2) NOT NULL,
  `rDateTime` datetime NOT NULL
) ENGINE=InnoDB DEFAULT CHARSET=utf8mb4;

--
-- Dumping data for table `tbl_readings`
--

INSERT INTO `tbl_readings` (`applianceID`, `rCurrent`, `rVoltage`, `rDateTime`) VALUES
(1, '10.00', '18.00', '2020-01-29 03:28:54'),
(2, '1.00', '5.00', '2020-01-29 03:28:54'),
(3, '5.00', '6.00', '2020-01-29 03:28:54'),
(4, '2.00', '3.00', '2020-01-29 03:28:54'),
(1, '10.00', '18.00', '2020-01-29 03:28:57'),
(2, '1.00', '5.00', '2020-01-29 03:28:57'),
(3, '4.00', '8.00', '2020-01-29 03:28:57'),
(4, '1.00', '2.00', '2020-01-29 03:28:57'),
(1, '8.00', '20.00', '2020-01-29 03:28:59'),
(2, '1.00', '3.00', '2020-01-29 03:28:59'),
(3, '3.00', '8.00', '2020-01-29 03:28:59'),
(4, '3.00', '3.00', '2020-01-29 03:28:59'),
(1, '9.00', '18.00', '2020-01-29 03:29:01'),
(2, '3.00', '5.00', '2020-01-29 03:29:01'),
(3, '4.00', '6.00', '2020-01-29 03:29:01'),
(4, '1.00', '3.00', '2020-01-29 03:29:01'),
(1, '10.00', '20.00', '2020-01-29 03:29:03'),
(2, '2.00', '4.00', '2020-01-29 03:29:03'),
(3, '4.00', '7.00', '2020-01-29 03:29:03'),
(4, '1.00', '1.00', '2020-01-29 03:29:03'),
(1, '10.00', '18.00', '2020-01-29 03:29:05'),
(2, '1.00', '5.00', '2020-01-29 03:29:05'),
(3, '3.00', '8.00', '2020-01-29 03:29:05'),
(4, '3.00', '1.00', '2020-01-29 03:29:05'),
(1, '8.00', '20.00', '2020-01-29 03:29:07'),
(2, '1.00', '5.00', '2020-01-29 03:29:07'),
(3, '3.00', '6.00', '2020-01-29 03:29:07'),
(4, '3.00', '1.00', '2020-01-29 03:29:07'),
(1, '8.00', '18.00', '2020-01-29 03:29:10'),
(2, '1.00', '5.00', '2020-01-29 03:29:10'),
(3, '4.00', '6.00', '2020-01-29 03:29:10'),
(4, '2.00', '3.00', '2020-01-29 03:29:10'),
(1, '9.00', '19.00', '2020-01-29 03:29:12'),
(2, '1.00', '3.00', '2020-01-29 03:29:12'),
(3, '3.00', '6.00', '2020-01-29 03:29:12'),
(4, '3.00', '3.00', '2020-01-29 03:29:12'),
(1, '9.00', '18.00', '2020-01-29 03:29:14'),
(2, '2.00', '5.00', '2020-01-29 03:29:14'),
(3, '5.00', '8.00', '2020-01-29 03:29:14'),
(4, '1.00', '3.00', '2020-01-29 03:29:14'),
(1, '10.00', '20.00', '2020-01-29 03:29:16'),
(2, '2.00', '4.00', '2020-01-29 03:29:16'),
(3, '5.00', '7.00', '2020-01-29 03:29:16'),
(4, '2.00', '1.00', '2020-01-29 03:29:16'),
(1, '8.00', '18.00', '2020-01-29 03:29:18'),
(2, '1.00', '5.00', '2020-01-29 03:29:18'),
(3, '4.00', '7.00', '2020-01-29 03:29:18'),
(4, '3.00', '2.00', '2020-01-29 03:29:18'),
(1, '10.00', '20.00', '2020-01-29 03:29:20'),
(2, '2.00', '3.00', '2020-01-29 03:29:20'),
(3, '3.00', '8.00', '2020-01-29 03:29:20'),
(4, '3.00', '2.00', '2020-01-29 03:29:20'),
(1, '9.00', '20.00', '2020-01-29 03:29:22'),
(2, '1.00', '5.00', '2020-01-29 03:29:22'),
(3, '5.00', '8.00', '2020-01-29 03:29:22'),
(4, '1.00', '1.00', '2020-01-29 03:29:22'),
(1, '10.00', '18.00', '2020-01-29 03:29:25'),
(2, '3.00', '4.00', '2020-01-29 03:29:25'),
(3, '4.00', '8.00', '2020-01-29 03:29:25'),
(4, '1.00', '3.00', '2020-01-29 03:29:25'),
(1, '10.00', '18.00', '2020-01-29 03:29:27'),
(2, '1.00', '4.00', '2020-01-29 03:29:27'),
(3, '3.00', '6.00', '2020-01-29 03:29:27'),
(4, '3.00', '3.00', '2020-01-29 03:29:27'),
(1, '8.00', '19.00', '2020-01-29 03:29:29'),
(2, '1.00', '5.00', '2020-01-29 03:29:29'),
(3, '4.00', '6.00', '2020-01-29 03:29:29'),
(4, '3.00', '3.00', '2020-01-29 03:29:29'),
(1, '8.00', '18.00', '2020-01-29 03:29:31'),
(2, '1.00', '3.00', '2020-01-29 03:29:31'),
(3, '5.00', '7.00', '2020-01-29 03:29:31'),
(4, '3.00', '2.00', '2020-01-29 03:29:31'),
(1, '10.00', '20.00', '2020-01-29 03:29:33'),
(2, '2.00', '3.00', '2020-01-29 03:29:33'),
(3, '5.00', '7.00', '2020-01-29 03:29:33'),
(4, '3.00', '2.00', '2020-01-29 03:29:33'),
(1, '9.00', '20.00', '2020-01-29 03:29:35'),
(2, '2.00', '4.00', '2020-01-29 03:29:35'),
(3, '5.00', '7.00', '2020-01-29 03:29:35'),
(4, '3.00', '1.00', '2020-01-29 03:29:35'),
(1, '9.00', '19.00', '2020-01-29 03:29:38'),
(2, '1.00', '3.00', '2020-01-29 03:29:38'),
(3, '3.00', '7.00', '2020-01-29 03:29:38'),
(4, '3.00', '3.00', '2020-01-29 03:29:38'),
(1, '9.00', '19.00', '2020-01-29 03:29:40'),
(2, '2.00', '4.00', '2020-01-29 03:29:40'),
(3, '4.00', '7.00', '2020-01-29 03:29:40'),
(4, '2.00', '1.00', '2020-01-29 03:29:40'),
(1, '8.00', '18.00', '2020-01-29 03:29:42'),
(2, '2.00', '4.00', '2020-01-29 03:29:42'),
(3, '4.00', '8.00', '2020-01-29 03:29:42'),
(4, '2.00', '2.00', '2020-01-29 03:29:42'),
(1, '9.00', '18.00', '2020-01-29 03:29:44'),
(2, '2.00', '3.00', '2020-01-29 03:29:44'),
(3, '5.00', '7.00', '2020-01-29 03:29:44'),
(4, '3.00', '3.00', '2020-01-29 03:29:44'),
(1, '8.00', '20.00', '2020-01-29 03:29:46'),
(2, '1.00', '5.00', '2020-01-29 03:29:46'),
(3, '4.00', '6.00', '2020-01-29 03:29:46'),
(4, '3.00', '3.00', '2020-01-29 03:29:46'),
(1, '8.00', '18.00', '2020-01-29 03:29:49'),
(2, '3.00', '5.00', '2020-01-29 03:29:49'),
(3, '4.00', '7.00', '2020-01-29 03:29:49'),
(4, '1.00', '1.00', '2020-01-29 03:29:49'),
(1, '10.00', '20.00', '2020-01-29 03:29:51'),
(2, '3.00', '3.00', '2020-01-29 03:29:51'),
(3, '5.00', '8.00', '2020-01-29 03:29:51'),
(4, '3.00', '2.00', '2020-01-29 03:29:51'),
(1, '10.00', '18.00', '2020-01-29 03:29:53'),
(2, '1.00', '4.00', '2020-01-29 03:29:53'),
(3, '4.00', '8.00', '2020-01-29 03:29:53'),
(4, '1.00', '3.00', '2020-01-29 03:29:53'),
(1, '9.00', '18.00', '2020-01-29 03:29:55'),
(2, '2.00', '4.00', '2020-01-29 03:29:55'),
(3, '3.00', '7.00', '2020-01-29 03:29:55'),
(4, '1.00', '3.00', '2020-01-29 03:29:55'),
(1, '10.00', '20.00', '2020-01-29 03:29:57'),
(2, '3.00', '3.00', '2020-01-29 03:29:57'),
(3, '4.00', '7.00', '2020-01-29 03:29:57'),
(4, '3.00', '3.00', '2020-01-29 03:29:57'),
(1, '9.00', '18.00', '2020-01-29 03:29:59'),
(2, '3.00', '4.00', '2020-01-29 03:29:59'),
(3, '5.00', '7.00', '2020-01-29 03:29:59'),
(4, '2.00', '2.00', '2020-01-29 03:29:59'),
(1, '10.00', '18.00', '2020-01-29 03:30:02'),
(2, '2.00', '3.00', '2020-01-29 03:30:02'),
(3, '3.00', '6.00', '2020-01-29 03:30:02'),
(4, '2.00', '2.00', '2020-01-29 03:30:02'),
(1, '10.00', '18.00', '2020-01-29 03:30:04'),
(2, '1.00', '5.00', '2020-01-29 03:30:04'),
(3, '4.00', '7.00', '2020-01-29 03:30:04'),
(4, '1.00', '1.00', '2020-01-29 03:30:04'),
(1, '10.00', '20.00', '2020-01-29 03:30:06'),
(2, '2.00', '4.00', '2020-01-29 03:30:06'),
(3, '3.00', '8.00', '2020-01-29 03:30:06'),
(4, '3.00', '2.00', '2020-01-29 03:30:06'),
(1, '8.00', '20.00', '2020-01-29 03:30:08'),
(2, '2.00', '3.00', '2020-01-29 03:30:08'),
(3, '4.00', '7.00', '2020-01-29 03:30:08'),
(4, '3.00', '1.00', '2020-01-29 03:30:08'),
(1, '9.00', '20.00', '2020-01-29 03:30:11'),
(2, '2.00', '4.00', '2020-01-29 03:30:11'),
(3, '3.00', '6.00', '2020-01-29 03:30:11'),
(4, '1.00', '3.00', '2020-01-29 03:30:11'),
(1, '9.00', '19.00', '2020-01-29 03:30:13'),
(2, '1.00', '5.00', '2020-01-29 03:30:13'),
(3, '5.00', '8.00', '2020-01-29 03:30:13'),
(4, '3.00', '1.00', '2020-01-29 03:30:13'),
(1, '9.00', '19.00', '2020-01-29 03:30:15'),
(2, '1.00', '4.00', '2020-01-29 03:30:15'),
(3, '5.00', '6.00', '2020-01-29 03:30:15'),
(4, '1.00', '1.00', '2020-01-29 03:30:15'),
(1, '9.00', '20.00', '2020-01-29 03:30:17'),
(2, '1.00', '5.00', '2020-01-29 03:30:17'),
(3, '3.00', '8.00', '2020-01-29 03:30:17'),
(4, '1.00', '2.00', '2020-01-29 03:30:17'),
(1, '8.00', '20.00', '2020-01-29 03:30:19'),
(2, '2.00', '3.00', '2020-01-29 03:30:19'),
(3, '3.00', '8.00', '2020-01-29 03:30:19'),
(4, '2.00', '3.00', '2020-01-29 03:30:19'),
(1, '9.00', '20.00', '2020-01-29 03:30:22'),
(2, '1.00', '3.00', '2020-01-29 03:30:22'),
(3, '4.00', '8.00', '2020-01-29 03:30:22'),
(4, '3.00', '2.00', '2020-01-29 03:30:22'),
(1, '9.00', '20.00', '2020-01-29 03:30:24'),
(2, '3.00', '5.00', '2020-01-29 03:30:24'),
(3, '4.00', '7.00', '2020-01-29 03:30:24'),
(4, '1.00', '3.00', '2020-01-29 03:30:24'),
(1, '8.00', '20.00', '2020-01-29 03:30:26'),
(2, '1.00', '5.00', '2020-01-29 03:30:26'),
(3, '3.00', '8.00', '2020-01-29 03:30:26'),
(4, '2.00', '3.00', '2020-01-29 03:30:26'),
(1, '8.00', '20.00', '2020-01-29 03:30:28'),
(2, '2.00', '5.00', '2020-01-29 03:30:28'),
(3, '5.00', '7.00', '2020-01-29 03:30:28'),
(4, '2.00', '1.00', '2020-01-29 03:30:28'),
(1, '8.00', '20.00', '2020-01-29 03:30:31'),
(2, '2.00', '4.00', '2020-01-29 03:30:31'),
(3, '4.00', '8.00', '2020-01-29 03:30:31'),
(4, '1.00', '2.00', '2020-01-29 03:30:31'),
(1, '10.00', '19.00', '2020-01-29 03:30:33'),
(2, '1.00', '3.00', '2020-01-29 03:30:33'),
(3, '4.00', '7.00', '2020-01-29 03:30:33'),
(4, '3.00', '1.00', '2020-01-29 03:30:33'),
(1, '8.00', '18.00', '2020-01-29 03:30:35'),
(2, '2.00', '5.00', '2020-01-29 03:30:35'),
(3, '3.00', '7.00', '2020-01-29 03:30:35'),
(4, '3.00', '2.00', '2020-01-29 03:30:35'),
(1, '10.00', '18.00', '2020-01-29 03:30:37'),
(2, '3.00', '5.00', '2020-01-29 03:30:37'),
(3, '3.00', '8.00', '2020-01-29 03:30:37'),
(4, '3.00', '2.00', '2020-01-29 03:30:37'),
(1, '8.00', '19.00', '2020-01-29 03:30:39'),
(2, '2.00', '4.00', '2020-01-29 03:30:39'),
(3, '5.00', '6.00', '2020-01-29 03:30:39'),
(4, '2.00', '1.00', '2020-01-29 03:30:39'),
(1, '10.00', '20.00', '2020-01-29 03:30:42'),
(2, '2.00', '4.00', '2020-01-29 03:30:42'),
(3, '3.00', '6.00', '2020-01-29 03:30:42'),
(4, '1.00', '2.00', '2020-01-29 03:30:42'),
(1, '9.00', '19.00', '2020-01-29 03:30:44'),
(2, '2.00', '3.00', '2020-01-29 03:30:44'),
(3, '4.00', '6.00', '2020-01-29 03:30:44'),
(4, '2.00', '1.00', '2020-01-29 03:30:44'),
(1, '10.00', '18.00', '2020-01-29 03:30:46'),
(2, '3.00', '4.00', '2020-01-29 03:30:46'),
(3, '3.00', '6.00', '2020-01-29 03:30:46'),
(4, '1.00', '1.00', '2020-01-29 03:30:46'),
(1, '8.00', '19.00', '2020-01-29 03:30:49'),
(2, '2.00', '5.00', '2020-01-29 03:30:49'),
(3, '3.00', '7.00', '2020-01-29 03:30:49'),
(4, '2.00', '1.00', '2020-01-29 03:30:49'),
(1, '10.00', '19.00', '2020-01-29 03:30:51'),
(2, '2.00', '3.00', '2020-01-29 03:30:51'),
(3, '5.00', '6.00', '2020-01-29 03:30:51'),
(4, '2.00', '1.00', '2020-01-29 03:30:51'),
(1, '10.00', '20.00', '2020-01-29 03:30:53'),
(2, '1.00', '4.00', '2020-01-29 03:30:53'),
(3, '5.00', '6.00', '2020-01-29 03:30:53'),
(4, '1.00', '2.00', '2020-01-29 03:30:53'),
(1, '9.00', '18.00', '2020-01-29 03:30:55'),
(2, '3.00', '4.00', '2020-01-29 03:30:55'),
(3, '4.00', '6.00', '2020-01-29 03:30:55'),
(4, '3.00', '2.00', '2020-01-29 03:30:55'),
(1, '9.00', '20.00', '2020-01-29 03:30:58'),
(2, '3.00', '4.00', '2020-01-29 03:30:58'),
(3, '5.00', '6.00', '2020-01-29 03:30:58'),
(4, '2.00', '1.00', '2020-01-29 03:30:58'),
(1, '8.00', '19.00', '2020-01-29 03:31:00'),
(2, '1.00', '3.00', '2020-01-29 03:31:00'),
(3, '3.00', '8.00', '2020-01-29 03:31:00'),
(4, '2.00', '2.00', '2020-01-29 03:31:00'),
(1, '8.00', '20.00', '2020-01-29 03:31:02'),
(2, '1.00', '4.00', '2020-01-29 03:31:02'),
(3, '4.00', '8.00', '2020-01-29 03:31:02'),
(4, '1.00', '1.00', '2020-01-29 03:31:02'),
(1, '10.00', '19.00', '2020-01-29 03:31:05'),
(2, '3.00', '5.00', '2020-01-29 03:31:05'),
(3, '5.00', '8.00', '2020-01-29 03:31:05'),
(4, '3.00', '1.00', '2020-01-29 03:31:05'),
(1, '9.00', '20.00', '2020-01-29 03:31:07'),
(2, '1.00', '3.00', '2020-01-29 03:31:07'),
(3, '5.00', '7.00', '2020-01-29 03:31:07'),
(4, '3.00', '1.00', '2020-01-29 03:31:07'),
(1, '8.00', '20.00', '2020-01-29 03:31:09'),
(2, '1.00', '3.00', '2020-01-29 03:31:09'),
(3, '5.00', '7.00', '2020-01-29 03:31:09'),
(4, '2.00', '1.00', '2020-01-29 03:31:09'),
(1, '10.00', '19.00', '2020-01-29 03:31:11'),
(2, '1.00', '5.00', '2020-01-29 03:31:11'),
(3, '5.00', '6.00', '2020-01-29 03:31:11'),
(4, '3.00', '1.00', '2020-01-29 03:31:11'),
(1, '8.00', '18.00', '2020-01-29 03:31:14'),
(2, '1.00', '4.00', '2020-01-29 03:31:14'),
(3, '5.00', '7.00', '2020-01-29 03:31:14'),
(4, '2.00', '2.00', '2020-01-29 03:31:14'),
(1, '9.00', '19.00', '2020-01-29 03:31:16'),
(2, '2.00', '5.00', '2020-01-29 03:31:16'),
(3, '3.00', '8.00', '2020-01-29 03:31:16'),
(4, '1.00', '3.00', '2020-01-29 03:31:16'),
(1, '10.00', '20.00', '2020-01-29 03:31:18'),
(2, '2.00', '5.00', '2020-01-29 03:31:18'),
(3, '3.00', '8.00', '2020-01-29 03:31:18'),
(4, '3.00', '1.00', '2020-01-29 03:31:18'),
(1, '8.00', '19.00', '2020-01-29 03:31:21'),
(2, '2.00', '3.00', '2020-01-29 03:31:21'),
(3, '3.00', '7.00', '2020-01-29 03:31:21'),
(4, '3.00', '2.00', '2020-01-29 03:31:21'),
(1, '9.00', '19.00', '2020-01-29 03:31:23'),
(2, '3.00', '3.00', '2020-01-29 03:31:23'),
(3, '4.00', '7.00', '2020-01-29 03:31:23'),
(4, '1.00', '2.00', '2020-01-29 03:31:23'),
(1, '10.00', '20.00', '2020-01-29 03:31:25'),
(2, '2.00', '3.00', '2020-01-29 03:31:25'),
(3, '5.00', '8.00', '2020-01-29 03:31:25'),
(4, '3.00', '1.00', '2020-01-29 03:31:25'),
(1, '9.00', '19.00', '2020-01-29 03:31:27'),
(2, '1.00', '4.00', '2020-01-29 03:31:27'),
(3, '3.00', '6.00', '2020-01-29 03:31:27'),
(4, '3.00', '1.00', '2020-01-29 03:31:27'),
(1, '8.00', '18.00', '2020-01-29 03:31:30'),
(2, '2.00', '4.00', '2020-01-29 03:31:30'),
(3, '3.00', '8.00', '2020-01-29 03:31:30'),
(4, '1.00', '3.00', '2020-01-29 03:31:30'),
(1, '8.00', '20.00', '2020-01-29 03:31:32'),
(2, '1.00', '5.00', '2020-01-29 03:31:32'),
(3, '4.00', '8.00', '2020-01-29 03:31:32'),
(4, '2.00', '2.00', '2020-01-29 03:31:32'),
(1, '9.00', '19.00', '2020-01-29 03:31:34'),
(2, '3.00', '5.00', '2020-01-29 03:31:34'),
(3, '5.00', '6.00', '2020-01-29 03:31:34'),
(4, '3.00', '1.00', '2020-01-29 03:31:34'),
(1, '8.00', '20.00', '2020-01-29 03:31:36'),
(2, '1.00', '3.00', '2020-01-29 03:31:36'),
(3, '5.00', '6.00', '2020-01-29 03:31:36'),
(4, '1.00', '2.00', '2020-01-29 03:31:36'),
(1, '10.00', '20.00', '2020-01-29 03:31:39'),
(2, '1.00', '4.00', '2020-01-29 03:31:39'),
(3, '4.00', '8.00', '2020-01-29 03:31:39'),
(4, '1.00', '3.00', '2020-01-29 03:31:39'),
(1, '10.00', '20.00', '2020-01-29 03:31:41'),
(2, '1.00', '5.00', '2020-01-29 03:31:41'),
(3, '5.00', '7.00', '2020-01-29 03:31:41'),
(4, '1.00', '2.00', '2020-01-29 03:31:41'),
(1, '10.00', '19.00', '2020-01-29 03:31:43'),
(2, '1.00', '4.00', '2020-01-29 03:31:43'),
(3, '5.00', '6.00', '2020-01-29 03:31:43'),
(4, '2.00', '1.00', '2020-01-29 03:31:43'),
(1, '8.00', '20.00', '2020-01-29 03:31:45'),
(2, '3.00', '3.00', '2020-01-29 03:31:45'),
(3, '3.00', '7.00', '2020-01-29 03:31:45'),
(4, '2.00', '2.00', '2020-01-29 03:31:45'),
(1, '10.00', '19.00', '2020-01-29 03:31:48'),
(2, '3.00', '5.00', '2020-01-29 03:31:48'),
(3, '3.00', '7.00', '2020-01-29 03:31:48'),
(4, '3.00', '3.00', '2020-01-29 03:31:48'),
(1, '9.00', '18.00', '2020-01-29 03:31:50'),
(2, '1.00', '3.00', '2020-01-29 03:31:50'),
(3, '4.00', '6.00', '2020-01-29 03:31:50'),
(4, '1.00', '1.00', '2020-01-29 03:31:50'),
(1, '9.00', '20.00', '2020-01-29 03:31:52'),
(2, '1.00', '4.00', '2020-01-29 03:31:52'),
(3, '5.00', '8.00', '2020-01-29 03:31:52'),
(4, '1.00', '3.00', '2020-01-29 03:31:52'),
(1, '9.00', '19.00', '2020-01-29 03:31:55'),
(2, '1.00', '3.00', '2020-01-29 03:31:55'),
(3, '3.00', '6.00', '2020-01-29 03:31:55'),
(4, '1.00', '3.00', '2020-01-29 03:31:55'),
(1, '8.00', '20.00', '2020-01-29 03:31:57'),
(2, '3.00', '4.00', '2020-01-29 03:31:57'),
(3, '5.00', '7.00', '2020-01-29 03:31:57'),
(4, '2.00', '1.00', '2020-01-29 03:31:57'),
(1, '9.00', '20.00', '2020-01-29 03:31:59'),
(2, '3.00', '4.00', '2020-01-29 03:31:59'),
(3, '4.00', '8.00', '2020-01-29 03:31:59'),
(4, '1.00', '1.00', '2020-01-29 03:31:59'),
(1, '8.00', '20.00', '2020-01-29 03:32:01'),
(2, '1.00', '4.00', '2020-01-29 03:32:01'),
(3, '5.00', '7.00', '2020-01-29 03:32:01'),
(4, '3.00', '2.00', '2020-01-29 03:32:01'),
(1, '9.00', '19.00', '2020-01-29 03:32:04'),
(2, '3.00', '5.00', '2020-01-29 03:32:04'),
(3, '5.00', '6.00', '2020-01-29 03:32:04'),
(4, '1.00', '1.00', '2020-01-29 03:32:04'),
(1, '10.00', '19.00', '2020-01-29 03:32:06'),
(2, '3.00', '4.00', '2020-01-29 03:32:06'),
(3, '4.00', '7.00', '2020-01-29 03:32:06'),
(4, '3.00', '3.00', '2020-01-29 03:32:06'),
(1, '8.00', '19.00', '2020-01-29 03:32:08'),
(2, '3.00', '3.00', '2020-01-29 03:32:08'),
(3, '5.00', '7.00', '2020-01-29 03:32:08'),
(4, '3.00', '1.00', '2020-01-29 03:32:08'),
(1, '9.00', '20.00', '2020-01-29 03:32:10'),
(2, '3.00', '5.00', '2020-01-29 03:32:10'),
(3, '5.00', '6.00', '2020-01-29 03:32:10'),
(4, '3.00', '2.00', '2020-01-29 03:32:10'),
(1, '10.00', '20.00', '2020-01-29 03:32:13'),
(2, '2.00', '4.00', '2020-01-29 03:32:13'),
(3, '3.00', '7.00', '2020-01-29 03:32:13'),
(4, '3.00', '1.00', '2020-01-29 03:32:13'),
(1, '8.00', '19.00', '2020-01-29 03:32:15'),
(2, '2.00', '4.00', '2020-01-29 03:32:15'),
(3, '4.00', '7.00', '2020-01-29 03:32:15'),
(4, '3.00', '2.00', '2020-01-29 03:32:15'),
(1, '8.00', '18.00', '2020-01-29 03:32:17'),
(2, '1.00', '5.00', '2020-01-29 03:32:17'),
(3, '3.00', '7.00', '2020-01-29 03:32:17'),
(4, '2.00', '1.00', '2020-01-29 03:32:17'),
(1, '9.00', '20.00', '2020-01-29 03:32:20'),
(2, '2.00', '5.00', '2020-01-29 03:32:20'),
(3, '5.00', '6.00', '2020-01-29 03:32:20'),
(4, '2.00', '2.00', '2020-01-29 03:32:20'),
(1, '10.00', '18.00', '2020-01-29 03:32:22'),
(2, '2.00', '4.00', '2020-01-29 03:32:22'),
(3, '5.00', '7.00', '2020-01-29 03:32:22'),
(4, '2.00', '1.00', '2020-01-29 03:32:22'),
(1, '8.00', '18.00', '2020-01-29 03:32:24'),
(2, '1.00', '3.00', '2020-01-29 03:32:24'),
(3, '4.00', '7.00', '2020-01-29 03:32:24'),
(4, '1.00', '2.00', '2020-01-29 03:32:24'),
(1, '10.00', '20.00', '2020-01-29 03:32:27'),
(2, '2.00', '5.00', '2020-01-29 03:32:27'),
(3, '4.00', '6.00', '2020-01-29 03:32:27'),
(4, '2.00', '3.00', '2020-01-29 03:32:27'),
(1, '9.00', '18.00', '2020-01-29 03:32:29'),
(2, '1.00', '4.00', '2020-01-29 03:32:29'),
(3, '3.00', '7.00', '2020-01-29 03:32:29'),
(4, '2.00', '2.00', '2020-01-29 03:32:29'),
(1, '8.00', '19.00', '2020-01-29 03:32:31'),
(2, '2.00', '3.00', '2020-01-29 03:32:31'),
(3, '5.00', '7.00', '2020-01-29 03:32:31'),
(4, '3.00', '3.00', '2020-01-29 03:32:31'),
(1, '8.00', '20.00', '2020-01-29 03:32:33'),
(2, '2.00', '5.00', '2020-01-29 03:32:33'),
(3, '3.00', '6.00', '2020-01-29 03:32:33'),
(4, '1.00', '3.00', '2020-01-29 03:32:33'),
(1, '10.00', '18.00', '2020-01-29 03:32:36'),
(2, '1.00', '3.00', '2020-01-29 03:32:36'),
(3, '5.00', '6.00', '2020-01-29 03:32:36'),
(4, '3.00', '3.00', '2020-01-29 03:32:36'),
(1, '10.00', '20.00', '2020-01-29 03:32:38'),
(2, '1.00', '3.00', '2020-01-29 03:32:38'),
(3, '4.00', '8.00', '2020-01-29 03:32:38'),
(4, '3.00', '2.00', '2020-01-29 03:32:38'),
(1, '8.00', '20.00', '2020-01-29 03:32:40'),
(2, '3.00', '5.00', '2020-01-29 03:32:40'),
(3, '3.00', '6.00', '2020-01-29 03:32:40'),
(4, '1.00', '3.00', '2020-01-29 03:32:40'),
(1, '10.00', '18.00', '2020-01-29 03:32:42'),
(2, '1.00', '4.00', '2020-01-29 03:32:42'),
(3, '4.00', '7.00', '2020-01-29 03:32:42'),
(4, '3.00', '3.00', '2020-01-29 03:32:42'),
(1, '10.00', '20.00', '2020-01-29 03:32:44'),
(2, '1.00', '3.00', '2020-01-29 03:32:44'),
(3, '4.00', '6.00', '2020-01-29 03:32:44'),
(4, '3.00', '2.00', '2020-01-29 03:32:44'),
(1, '8.00', '20.00', '2020-01-29 03:32:47'),
(2, '2.00', '3.00', '2020-01-29 03:32:47'),
(3, '5.00', '8.00', '2020-01-29 03:32:47'),
(4, '2.00', '1.00', '2020-01-29 03:32:47'),
(1, '8.00', '20.00', '2020-01-29 03:32:49'),
(2, '3.00', '3.00', '2020-01-29 03:32:49'),
(3, '3.00', '8.00', '2020-01-29 03:32:49'),
(4, '2.00', '1.00', '2020-01-29 03:32:49'),
(1, '10.00', '20.00', '2020-01-29 03:32:51'),
(2, '3.00', '5.00', '2020-01-29 03:32:51'),
(3, '3.00', '6.00', '2020-01-29 03:32:51'),
(4, '1.00', '1.00', '2020-01-29 03:32:51'),
(1, '10.00', '20.00', '2020-01-29 03:32:54'),
(2, '1.00', '3.00', '2020-01-29 03:32:54'),
(3, '5.00', '7.00', '2020-01-29 03:32:54'),
(4, '3.00', '1.00', '2020-01-29 03:32:54'),
(1, '9.00', '18.00', '2020-01-29 03:32:56'),
(2, '1.00', '4.00', '2020-01-29 03:32:56'),
(3, '4.00', '6.00', '2020-01-29 03:32:56'),
(4, '2.00', '2.00', '2020-01-29 03:32:56'),
(1, '8.00', '18.00', '2020-01-29 03:32:58'),
(2, '2.00', '4.00', '2020-01-29 03:32:58'),
(3, '3.00', '7.00', '2020-01-29 03:32:58'),
(4, '3.00', '3.00', '2020-01-29 03:32:58'),
(1, '9.00', '20.00', '2020-01-29 03:33:00'),
(2, '2.00', '4.00', '2020-01-29 03:33:00'),
(3, '4.00', '8.00', '2020-01-29 03:33:00'),
(4, '2.00', '3.00', '2020-01-29 03:33:00'),
(1, '10.00', '19.00', '2020-01-29 03:33:03'),
(2, '1.00', '3.00', '2020-01-29 03:33:03'),
(3, '4.00', '6.00', '2020-01-29 03:33:03'),
(4, '1.00', '1.00', '2020-01-29 03:33:03'),
(1, '8.00', '18.00', '2020-01-29 03:33:05'),
(2, '1.00', '5.00', '2020-01-29 03:33:05'),
(3, '5.00', '8.00', '2020-01-29 03:33:05'),
(4, '1.00', '3.00', '2020-01-29 03:33:05'),
(1, '8.00', '20.00', '2020-01-29 03:33:07'),
(2, '1.00', '5.00', '2020-01-29 03:33:07'),
(3, '5.00', '7.00', '2020-01-29 03:33:07'),
(4, '3.00', '1.00', '2020-01-29 03:33:07'),
(1, '9.00', '19.00', '2020-01-29 03:33:10'),
(2, '3.00', '3.00', '2020-01-29 03:33:10'),
(3, '4.00', '8.00', '2020-01-29 03:33:10'),
(4, '3.00', '3.00', '2020-01-29 03:33:10'),
(1, '8.00', '18.00', '2020-01-29 03:33:12'),
(2, '1.00', '5.00', '2020-01-29 03:33:12'),
(3, '3.00', '8.00', '2020-01-29 03:33:12'),
(4, '3.00', '2.00', '2020-01-29 03:33:12'),
(1, '10.00', '18.00', '2020-01-29 03:33:14'),
(2, '2.00', '5.00', '2020-01-29 03:33:14'),
(3, '5.00', '7.00', '2020-01-29 03:33:14'),
(4, '3.00', '3.00', '2020-01-29 03:33:14'),
(1, '8.00', '18.00', '2020-01-29 03:33:17'),
(2, '1.00', '3.00', '2020-01-29 03:33:17'),
(3, '5.00', '7.00', '2020-01-29 03:33:17'),
(4, '3.00', '3.00', '2020-01-29 03:33:17'),
(1, '10.00', '18.00', '2020-01-29 03:33:19'),
(2, '1.00', '3.00', '2020-01-29 03:33:19'),
(3, '3.00', '8.00', '2020-01-29 03:33:19'),
(4, '3.00', '2.00', '2020-01-29 03:33:19'),
(1, '9.00', '18.00', '2020-01-29 03:33:21'),
(2, '2.00', '3.00', '2020-01-29 03:33:21'),
(3, '5.00', '6.00', '2020-01-29 03:33:21'),
(4, '3.00', '1.00', '2020-01-29 03:33:21'),
(1, '9.00', '19.00', '2020-01-29 03:33:23'),
(2, '3.00', '5.00', '2020-01-29 03:33:23'),
(3, '3.00', '6.00', '2020-01-29 03:33:23'),
(4, '2.00', '1.00', '2020-01-29 03:33:23'),
(1, '8.00', '19.00', '2020-01-29 03:33:26'),
(2, '1.00', '3.00', '2020-01-29 03:33:26'),
(3, '3.00', '8.00', '2020-01-29 03:33:26'),
(4, '3.00', '1.00', '2020-01-29 03:33:26'),
(1, '8.00', '18.00', '2020-01-29 03:33:28'),
(2, '1.00', '3.00', '2020-01-29 03:33:28'),
(3, '4.00', '6.00', '2020-01-29 03:33:28'),
(4, '2.00', '3.00', '2020-01-29 03:33:28'),
(1, '8.00', '18.00', '2020-01-29 03:33:30'),
(2, '2.00', '4.00', '2020-01-29 03:33:30'),
(3, '3.00', '7.00', '2020-01-29 03:33:30'),
(4, '1.00', '1.00', '2020-01-29 03:33:30'),
(1, '8.00', '20.00', '2020-01-29 03:33:32'),
(2, '1.00', '5.00', '2020-01-29 03:33:32'),
(3, '5.00', '8.00', '2020-01-29 03:33:32'),
(4, '1.00', '2.00', '2020-01-29 03:33:32'),
(1, '8.00', '18.00', '2020-01-29 03:33:35'),
(2, '2.00', '5.00', '2020-01-29 03:33:35'),
(3, '5.00', '7.00', '2020-01-29 03:33:35'),
(4, '1.00', '3.00', '2020-01-29 03:33:35'),
(1, '8.00', '20.00', '2020-01-29 03:33:37'),
(2, '2.00', '5.00', '2020-01-29 03:33:37'),
(3, '4.00', '7.00', '2020-01-29 03:33:37'),
(4, '3.00', '1.00', '2020-01-29 03:33:37'),
(1, '10.00', '20.00', '2020-01-29 03:33:39'),
(2, '3.00', '5.00', '2020-01-29 03:33:39'),
(3, '5.00', '7.00', '2020-01-29 03:33:39'),
(4, '2.00', '3.00', '2020-01-29 03:33:39'),
(1, '10.00', '20.00', '2020-01-29 03:33:42'),
(2, '3.00', '4.00', '2020-01-29 03:33:42'),
(3, '5.00', '8.00', '2020-01-29 03:33:42'),
(4, '2.00', '3.00', '2020-01-29 03:33:42'),
(1, '10.00', '19.00', '2020-01-29 03:33:44'),
(2, '2.00', '4.00', '2020-01-29 03:33:44'),
(3, '4.00', '6.00', '2020-01-29 03:33:44'),
(4, '2.00', '1.00', '2020-01-29 03:33:44'),
(1, '8.00', '19.00', '2020-01-29 03:33:46'),
(2, '1.00', '3.00', '2020-01-29 03:33:46'),
(3, '4.00', '8.00', '2020-01-29 03:33:46'),
(4, '3.00', '1.00', '2020-01-29 03:33:46'),
(1, '8.00', '20.00', '2020-01-29 03:33:48'),
(2, '3.00', '5.00', '2020-01-29 03:33:48'),
(3, '4.00', '7.00', '2020-01-29 03:33:48'),
(4, '1.00', '2.00', '2020-01-29 03:33:48'),
(1, '9.00', '19.00', '2020-01-29 03:33:51'),
(2, '3.00', '5.00', '2020-01-29 03:33:51'),
(3, '4.00', '8.00', '2020-01-29 03:33:51'),
(4, '1.00', '1.00', '2020-01-29 03:33:51'),
(1, '9.00', '18.00', '2020-01-29 03:33:53'),
(2, '1.00', '5.00', '2020-01-29 03:33:53'),
(3, '5.00', '7.00', '2020-01-29 03:33:53'),
(4, '2.00', '1.00', '2020-01-29 03:33:53');

-- --------------------------------------------------------

--
-- Table structure for table `tbl_schedules`
--

CREATE TABLE `tbl_schedules` (
  `scheduleID` int(11) NOT NULL,
  `scheduleDate` date DEFAULT NULL,
  `scheduleTime` time NOT NULL,
  `scheduleApplianceID` tinyint(1) NOT NULL,
  `scheduleAction` tinyint(1) NOT NULL,
  `scheduleRepeat` varchar(7) DEFAULT NULL
) ENGINE=InnoDB DEFAULT CHARSET=latin1;

--
-- Dumping data for table `tbl_schedules`
--

INSERT INTO `tbl_schedules` (`scheduleID`, `scheduleDate`, `scheduleTime`, `scheduleApplianceID`, `scheduleAction`, `scheduleRepeat`) VALUES
(56, '0000-00-00', '21:51:00', 1, 0, '0001000'),
(57, '2020-02-06', '21:00:00', 1, 0, '');

-- --------------------------------------------------------

--
-- Table structure for table `tbl_users`
--

CREATE TABLE `tbl_users` (
  `userID` int(2) NOT NULL,
  `userName` varchar(20) NOT NULL,
  `userPass` varchar(20) NOT NULL,
  `userProf` varchar(20) NOT NULL,
  `userType` tinyint(4) NOT NULL,
  `userFirstName` varchar(50) NOT NULL,
  `userLastName` varchar(50) NOT NULL,
  `userPhoneNumber` varchar(13) DEFAULT NULL
) ENGINE=InnoDB DEFAULT CHARSET=latin1;

--
-- Dumping data for table `tbl_users`
--

INSERT INTO `tbl_users` (`userID`, `userName`, `userPass`, `userProf`, `userType`, `userFirstName`, `userLastName`, `userPhoneNumber`) VALUES
(0, 'abay', 'abay', '', 0, 'Ian Joseph', 'Solon', '9956139395'),
(1, 'znarf', 'znarf', '', 1, 'Franz Dink', 'Catalan', '9999999999');

--
-- Indexes for dumped tables
--

--
-- Indexes for table `tbl_appliances`
--
ALTER TABLE `tbl_appliances`
  ADD PRIMARY KEY (`applianceID`),
  ADD UNIQUE KEY `UK_applianceName` (`applianceName`);

--
-- Indexes for table `tbl_logs`
--
ALTER TABLE `tbl_logs`
  ADD PRIMARY KEY (`logID`);

--
-- Indexes for table `tbl_schedules`
--
ALTER TABLE `tbl_schedules`
  ADD PRIMARY KEY (`scheduleID`),
  ADD KEY `FK_applianceID` (`scheduleApplianceID`);

--
-- Indexes for table `tbl_users`
--
ALTER TABLE `tbl_users`
  ADD PRIMARY KEY (`userID`);

--
-- AUTO_INCREMENT for dumped tables
--

--
-- AUTO_INCREMENT for table `tbl_appliances`
--
ALTER TABLE `tbl_appliances`
  MODIFY `applianceID` tinyint(1) NOT NULL AUTO_INCREMENT, AUTO_INCREMENT=6;
--
-- AUTO_INCREMENT for table `tbl_logs`
--
ALTER TABLE `tbl_logs`
  MODIFY `logID` int(100) NOT NULL AUTO_INCREMENT, AUTO_INCREMENT=120;
--
-- AUTO_INCREMENT for table `tbl_schedules`
--
ALTER TABLE `tbl_schedules`
  MODIFY `scheduleID` int(11) NOT NULL AUTO_INCREMENT, AUTO_INCREMENT=58;
--
-- AUTO_INCREMENT for table `tbl_users`
--
ALTER TABLE `tbl_users`
  MODIFY `userID` int(2) NOT NULL AUTO_INCREMENT, AUTO_INCREMENT=3;
--
-- Constraints for dumped tables
--

--
-- Constraints for table `tbl_schedules`
--
ALTER TABLE `tbl_schedules`
  ADD CONSTRAINT `FK_applianceID` FOREIGN KEY (`scheduleApplianceID`) REFERENCES `tbl_appliances` (`applianceID`);

/*!40101 SET CHARACTER_SET_CLIENT=@OLD_CHARACTER_SET_CLIENT */;
/*!40101 SET CHARACTER_SET_RESULTS=@OLD_CHARACTER_SET_RESULTS */;
/*!40101 SET COLLATION_CONNECTION=@OLD_COLLATION_CONNECTION */;
