-- phpMyAdmin SQL Dump
-- version 4.6.6deb5
-- https://www.phpmyadmin.net/
--
-- Host: localhost:3306
-- Generation Time: Feb 11, 2020 at 10:40 PM
-- Server version: 10.3.15-MariaDB-1
-- PHP Version: 7.3.4-2

SET SQL_MODE = "NO_AUTO_VALUE_ON_ZERO";
SET time_zone = "+00:00";


/*!40101 SET @OLD_CHARACTER_SET_CLIENT=@@CHARACTER_SET_CLIENT */;
/*!40101 SET @OLD_CHARACTER_SET_RESULTS=@@CHARACTER_SET_RESULTS */;
/*!40101 SET @OLD_COLLATION_CONNECTION=@@COLLATION_CONNECTION */;
/*!40101 SET NAMES utf8mb4 */;

--
-- Database: `homeautomation`
--

-- --------------------------------------------------------

--
-- Table structure for table `tbl_appliances`
--

CREATE TABLE `tbl_appliances` (
  `applianceID` tinyint(1) NOT NULL,
  `applianceName` varchar(20) DEFAULT NULL,
  `applianceRating` decimal(6,2) DEFAULT NULL,
  `applianceStatus` tinyint(1) NOT NULL,
  `applianceOutputPin` smallint(2) NOT NULL,
  `applianceInputPin` tinyint(4) NOT NULL
) ENGINE=InnoDB DEFAULT CHARSET=latin1;

--
-- Dumping data for table `tbl_appliances`
--

INSERT INTO `tbl_appliances` (`applianceID`, `applianceName`, `applianceRating`, `applianceStatus`, `applianceOutputPin`, `applianceInputPin`) VALUES
(1, 'Lights', NULL, 0, 40, 37),
(2, 'Fan-B', NULL, 0, 38, 35),
(3, NULL, NULL, 0, 36, 33),
(4, 'Charger', NULL, 0, 32, 31);

-- --------------------------------------------------------

--
-- Table structure for table `tbl_logs`
--

CREATE TABLE `tbl_logs` (
  `logID` int(100) NOT NULL,
  `logDateTime` datetime NOT NULL,
  `logAppliance` varchar(20) NOT NULL,
  `logAction` tinyint(1) NOT NULL,
  `logVia` tinyint(1) NOT NULL,
  `logUser` smallint(5) NOT NULL
) ENGINE=InnoDB DEFAULT CHARSET=latin1;

--
-- Dumping data for table `tbl_logs`
--

INSERT INTO `tbl_logs` (`logID`, `logDateTime`, `logAppliance`, `logAction`, `logVia`, `logUser`) VALUES
(1, '2020-02-12 13:05:54', 'Lights', 1, 0, 0),
(2, '2020-02-12 13:06:00', 'Lights', 0, 1, 1),
(3, '2020-02-12 13:06:04', 'Fan-B', 1, 0, 0),
(4, '2020-02-12 13:06:07', 'Fan-S', 1, 0, 0),
(5, '2020-02-12 13:06:09', 'Charger', 1, 0, 0),
(6, '2020-02-12 13:06:26', 'Lights', 1, 1, 1),
(7, '2020-02-12 13:07:00', 'Lights', 0, 2, 1),
(8, '2020-02-12 13:07:30', 'Lights', 1, 1, 1),
(9, '2020-02-12 13:07:31', 'Charger', 0, 1, 1),
(10, '2020-02-12 13:07:49', 'Charger', 1, 1, 1),
(11, '2020-02-12 13:07:55', 'Fan-B', 0, 1, 1),
(12, '2020-02-12 13:08:02', 'Fan-B', 1, 1, 1),
(13, '2020-02-12 13:09:21', 'Fan-S', 1, 0, 0),
(14, '2020-02-12 13:09:25', 'Fan-S', 0, 0, 0),
(15, '2020-02-12 13:09:43', 'Fan-B', 0, 0, 0),
(16, '2020-02-12 13:09:48', 'Lights', 0, 0, 0);

-- --------------------------------------------------------

--
-- Table structure for table `tbl_readings`
--

CREATE TABLE `tbl_readings` (
  `applianceID` tinyint(1) NOT NULL,
  `rCurrent` decimal(4,2) NOT NULL,
  `rVoltage` smallint(3) NOT NULL,
  `rDateTime` datetime NOT NULL
) ENGINE=InnoDB DEFAULT CHARSET=utf8mb4;

--
-- Dumping data for table `tbl_readings`
--

INSERT INTO `tbl_readings` (`applianceID`, `rCurrent`, `rVoltage`, `rDateTime`) VALUES
(2, '0.00', 228, '2020-02-12 13:01:37'),
(1, '0.00', 233, '2020-02-12 13:01:37'),
(3, '0.00', 229, '2020-02-12 13:01:37'),
(4, '0.00', 231, '2020-02-12 13:01:37'),
(2, '0.00', 226, '2020-02-12 13:01:39'),
(1, '0.00', 234, '2020-02-12 13:01:39'),
(3, '0.00', 233, '2020-02-12 13:01:39'),
(4, '0.00', 226, '2020-02-12 13:01:39'),
(2, '0.00', 230, '2020-02-12 13:01:41'),
(1, '0.00', 230, '2020-02-12 13:01:41'),
(3, '0.00', 227, '2020-02-12 13:01:41'),
(4, '0.00', 230, '2020-02-12 13:01:41'),
(2, '0.00', 223, '2020-02-12 13:01:43'),
(1, '0.00', 235, '2020-02-12 13:01:43'),
(3, '0.00', 232, '2020-02-12 13:01:43'),
(4, '0.00', 231, '2020-02-12 13:01:43'),
(2, '0.00', 235, '2020-02-12 13:01:45'),
(1, '0.00', 232, '2020-02-12 13:01:45'),
(3, '0.00', 238, '2020-02-12 13:01:45'),
(4, '0.00', 223, '2020-02-12 13:01:45'),
(2, '0.00', 232, '2020-02-12 13:01:47'),
(1, '0.00', 231, '2020-02-12 13:01:47'),
(3, '0.00', 224, '2020-02-12 13:01:47'),
(4, '0.00', 233, '2020-02-12 13:01:47'),
(2, '0.00', 229, '2020-02-12 13:01:49'),
(1, '0.00', 231, '2020-02-12 13:01:49'),
(3, '0.00', 228, '2020-02-12 13:01:49'),
(4, '0.00', 232, '2020-02-12 13:01:49'),
(2, '0.00', 229, '2020-02-12 13:01:51'),
(1, '0.00', 232, '2020-02-12 13:01:51'),
(3, '0.00', 231, '2020-02-12 13:01:51'),
(4, '0.00', 230, '2020-02-12 13:01:51'),
(2, '0.00', 230, '2020-02-12 13:01:53'),
(1, '0.00', 232, '2020-02-12 13:01:53'),
(3, '0.00', 230, '2020-02-12 13:01:53'),
(4, '0.00', 228, '2020-02-12 13:01:53'),
(2, '0.00', 231, '2020-02-12 13:01:55'),
(1, '0.00', 230, '2020-02-12 13:01:55'),
(3, '0.00', 224, '2020-02-12 13:01:55'),
(4, '0.00', 230, '2020-02-12 13:01:55'),
(2, '0.00', 231, '2020-02-12 13:01:57'),
(1, '0.00', 232, '2020-02-12 13:01:57'),
(3, '0.00', 230, '2020-02-12 13:01:57'),
(4, '0.00', 227, '2020-02-12 13:01:57'),
(2, '0.00', 231, '2020-02-12 13:01:59'),
(1, '0.00', 234, '2020-02-12 13:01:59'),
(3, '0.00', 238, '2020-02-12 13:01:59'),
(4, '0.00', 227, '2020-02-12 13:01:59'),
(2, '0.00', 226, '2020-02-12 13:02:01'),
(1, '0.00', 233, '2020-02-12 13:02:01'),
(3, '0.00', 230, '2020-02-12 13:02:01'),
(4, '0.00', 230, '2020-02-12 13:02:01'),
(2, '0.00', 230, '2020-02-12 13:02:03'),
(1, '0.00', 230, '2020-02-12 13:02:03'),
(3, '0.00', 229, '2020-02-12 13:02:03'),
(4, '0.00', 230, '2020-02-12 13:02:03'),
(2, '0.00', 229, '2020-02-12 13:02:05'),
(1, '0.00', 233, '2020-02-12 13:02:05'),
(3, '0.00', 232, '2020-02-12 13:02:05'),
(4, '0.00', 228, '2020-02-12 13:02:05'),
(2, '0.00', 227, '2020-02-12 13:02:07'),
(1, '0.00', 233, '2020-02-12 13:02:07'),
(3, '0.00', 230, '2020-02-12 13:02:07'),
(4, '0.00', 229, '2020-02-12 13:02:07'),
(2, '0.00', 233, '2020-02-12 13:02:09'),
(1, '0.00', 231, '2020-02-12 13:02:09'),
(3, '0.00', 229, '2020-02-12 13:02:09'),
(4, '0.00', 227, '2020-02-12 13:02:09'),
(2, '0.00', 234, '2020-02-12 13:02:11'),
(1, '0.00', 231, '2020-02-12 13:02:11'),
(3, '0.00', 236, '2020-02-12 13:02:11'),
(4, '0.00', 223, '2020-02-12 13:02:11'),
(2, '0.00', 225, '2020-02-12 13:02:13'),
(1, '0.00', 232, '2020-02-12 13:02:13'),
(3, '0.00', 228, '2020-02-12 13:02:13'),
(4, '0.00', 232, '2020-02-12 13:02:13'),
(2, '0.00', 233, '2020-02-12 13:02:15'),
(1, '0.00', 231, '2020-02-12 13:02:15'),
(3, '0.00', 231, '2020-02-12 13:02:15'),
(4, '0.00', 227, '2020-02-12 13:02:15'),
(2, '0.00', 225, '2020-02-12 13:02:17'),
(1, '0.00', 233, '2020-02-12 13:02:17'),
(3, '0.00', 231, '2020-02-12 13:02:17'),
(4, '0.00', 230, '2020-02-12 13:02:17'),
(2, '0.00', 224, '2020-02-12 13:02:19'),
(1, '0.00', 233, '2020-02-12 13:02:19'),
(3, '0.00', 232, '2020-02-12 13:02:19'),
(4, '0.00', 232, '2020-02-12 13:02:19'),
(2, '0.00', 229, '2020-02-12 13:02:21'),
(1, '0.00', 232, '2020-02-12 13:02:21'),
(3, '0.00', 230, '2020-02-12 13:02:21'),
(4, '0.00', 228, '2020-02-12 13:02:21'),
(2, '0.00', 228, '2020-02-12 13:02:23'),
(1, '0.00', 232, '2020-02-12 13:02:23'),
(3, '0.00', 231, '2020-02-12 13:02:23'),
(4, '0.00', 230, '2020-02-12 13:02:23'),
(2, '0.00', 227, '2020-02-12 13:02:24'),
(1, '0.00', 232, '2020-02-12 13:02:25'),
(3, '0.00', 229, '2020-02-12 13:02:25'),
(4, '0.01', 231, '2020-02-12 13:02:25'),
(2, '0.00', 228, '2020-02-12 13:02:26'),
(1, '0.00', 231, '2020-02-12 13:02:26'),
(3, '0.10', 230, '2020-02-12 13:02:26'),
(4, '0.03', 230, '2020-02-12 13:02:27'),
(2, '0.00', 227, '2020-02-12 13:02:28'),
(1, '0.00', 233, '2020-02-12 13:02:28'),
(3, '0.09', 226, '2020-02-12 13:02:29'),
(4, '0.03', 232, '2020-02-12 13:02:29'),
(2, '0.00', 227, '2020-02-12 13:02:31'),
(1, '0.00', 232, '2020-02-12 13:02:31'),
(3, '0.09', 229, '2020-02-12 13:02:31'),
(4, '0.03', 231, '2020-02-12 13:02:31'),
(2, '0.00', 226, '2020-02-12 13:02:33'),
(1, '0.00', 233, '2020-02-12 13:02:33'),
(3, '0.09', 233, '2020-02-12 13:02:33'),
(4, '0.03', 229, '2020-02-12 13:02:33'),
(2, '0.00', 225, '2020-02-12 13:02:35'),
(1, '0.00', 232, '2020-02-12 13:02:35'),
(3, '0.05', 229, '2020-02-12 13:02:35'),
(4, '0.03', 233, '2020-02-12 13:02:35'),
(2, '0.00', 230, '2020-02-12 13:02:37'),
(1, '0.00', 229, '2020-02-12 13:02:37'),
(3, '0.10', 226, '2020-02-12 13:02:37'),
(4, '0.03', 232, '2020-02-12 13:02:37'),
(2, '0.00', 225, '2020-02-12 13:02:39'),
(1, '0.00', 234, '2020-02-12 13:02:39'),
(3, '0.10', 231, '2020-02-12 13:02:39'),
(4, '0.03', 229, '2020-02-12 13:02:39'),
(2, '0.00', 225, '2020-02-12 13:02:41'),
(1, '0.05', 231, '2020-02-12 13:02:41'),
(3, '0.07', 226, '2020-02-12 13:02:41'),
(4, '0.03', 235, '2020-02-12 13:02:41'),
(2, '0.00', 229, '2020-02-12 13:02:43'),
(1, '0.05', 231, '2020-02-12 13:02:43'),
(3, '0.10', 230, '2020-02-12 13:02:43'),
(4, '0.03', 229, '2020-02-12 13:02:43'),
(2, '0.18', 232, '2020-02-12 13:02:45'),
(1, '0.05', 231, '2020-02-12 13:02:45'),
(3, '0.10', 232, '2020-02-12 13:02:45'),
(4, '0.03', 229, '2020-02-12 13:02:45'),
(2, '0.19', 227, '2020-02-12 13:02:47'),
(1, '0.05', 232, '2020-02-12 13:02:47'),
(3, '0.09', 229, '2020-02-12 13:02:47'),
(4, '0.02', 231, '2020-02-12 13:02:47'),
(2, '0.17', 228, '2020-02-12 13:02:49'),
(1, '0.05', 232, '2020-02-12 13:02:49'),
(3, '0.10', 228, '2020-02-12 13:02:49'),
(4, '0.00', 230, '2020-02-12 13:02:49'),
(2, '0.19', 230, '2020-02-12 13:02:51'),
(1, '0.05', 230, '2020-02-12 13:02:51'),
(3, '0.10', 229, '2020-02-12 13:02:51'),
(4, '0.00', 230, '2020-02-12 13:02:51'),
(2, '0.18', 231, '2020-02-12 13:02:53'),
(1, '0.05', 230, '2020-02-12 13:02:53'),
(3, '0.10', 227, '2020-02-12 13:02:53'),
(4, '0.00', 231, '2020-02-12 13:02:53'),
(2, '0.17', 227, '2020-02-12 13:02:55'),
(1, '0.05', 231, '2020-02-12 13:02:55'),
(3, '0.10', 226, '2020-02-12 13:02:55'),
(4, '0.00', 233, '2020-02-12 13:02:55'),
(2, '0.15', 231, '2020-02-12 13:02:57'),
(1, '0.04', 231, '2020-02-12 13:02:57'),
(3, '0.09', 228, '2020-02-12 13:02:57'),
(4, '0.00', 228, '2020-02-12 13:02:57'),
(2, '0.19', 228, '2020-02-12 13:02:59'),
(1, '0.05', 231, '2020-02-12 13:02:59'),
(3, '0.08', 226, '2020-02-12 13:02:59'),
(4, '0.00', 231, '2020-02-12 13:02:59'),
(2, '0.18', 231, '2020-02-12 13:03:01'),
(1, '0.05', 228, '2020-02-12 13:03:01'),
(3, '0.10', 225, '2020-02-12 13:03:01'),
(4, '0.00', 232, '2020-02-12 13:03:01'),
(2, '0.00', 225, '2020-02-12 13:03:03'),
(1, '0.05', 236, '2020-02-12 13:03:03'),
(3, '0.00', 237, '2020-02-12 13:03:03'),
(4, '0.00', 227, '2020-02-12 13:03:03'),
(2, '0.00', 228, '2020-02-12 13:03:05'),
(1, '0.00', 230, '2020-02-12 13:03:05'),
(3, '0.00', 227, '2020-02-12 13:03:05'),
(4, '0.00', 233, '2020-02-12 13:03:05'),
(2, '0.00', 225, '2020-02-12 13:03:07'),
(1, '0.00', 233, '2020-02-12 13:03:07'),
(3, '0.00', 228, '2020-02-12 13:03:07'),
(4, '0.00', 231, '2020-02-12 13:03:07'),
(2, '0.00', 227, '2020-02-12 13:03:09'),
(1, '0.00', 232, '2020-02-12 13:03:09'),
(3, '0.00', 231, '2020-02-12 13:03:10'),
(4, '0.00', 230, '2020-02-12 13:03:10'),
(2, '0.00', 229, '2020-02-12 13:03:12'),
(1, '0.00', 232, '2020-02-12 13:03:12'),
(3, '0.00', 229, '2020-02-12 13:03:12'),
(4, '0.00', 230, '2020-02-12 13:03:12'),
(2, '0.00', 231, '2020-02-12 13:03:14'),
(1, '0.00', 228, '2020-02-12 13:03:14'),
(3, '0.00', 223, '2020-02-12 13:03:14'),
(4, '0.00', 234, '2020-02-12 13:03:14'),
(2, '0.00', 225, '2020-02-12 13:03:16'),
(1, '0.00', 233, '2020-02-12 13:03:16'),
(3, '0.00', 231, '2020-02-12 13:03:16'),
(4, '0.00', 230, '2020-02-12 13:03:16'),
(2, '0.00', 226, '2020-02-12 13:03:18'),
(1, '0.00', 232, '2020-02-12 13:03:18'),
(3, '0.00', 230, '2020-02-12 13:03:18'),
(4, '0.00', 229, '2020-02-12 13:03:18'),
(2, '0.00', 229, '2020-02-12 13:03:20'),
(1, '0.00', 233, '2020-02-12 13:03:20'),
(3, '0.00', 232, '2020-02-12 13:03:20'),
(4, '0.00', 228, '2020-02-12 13:03:20'),
(2, '0.00', 229, '2020-02-12 13:03:22'),
(1, '0.00', 230, '2020-02-12 13:03:22'),
(3, '0.00', 225, '2020-02-12 13:03:22'),
(4, '0.00', 233, '2020-02-12 13:03:22'),
(2, '0.00', 227, '2020-02-12 13:03:24'),
(1, '0.00', 232, '2020-02-12 13:03:24'),
(3, '0.00', 230, '2020-02-12 13:03:24'),
(4, '0.00', 230, '2020-02-12 13:03:24'),
(2, '0.00', 228, '2020-02-12 13:03:26'),
(1, '0.00', 231, '2020-02-12 13:03:26'),
(3, '0.00', 229, '2020-02-12 13:03:26'),
(4, '0.00', 230, '2020-02-12 13:03:26'),
(2, '0.17', 232, '2020-02-12 13:03:28'),
(1, '0.00', 229, '2020-02-12 13:03:28'),
(3, '0.00', 230, '2020-02-12 13:03:28'),
(4, '0.00', 229, '2020-02-12 13:03:28'),
(2, '0.19', 229, '2020-02-12 13:03:30'),
(1, '0.00', 233, '2020-02-12 13:03:30'),
(3, '0.00', 230, '2020-02-12 13:03:30'),
(4, '0.00', 229, '2020-02-12 13:03:30'),
(2, '0.18', 230, '2020-02-12 13:03:31'),
(1, '0.00', 229, '2020-02-12 13:03:31'),
(3, '0.00', 227, '2020-02-12 13:03:31'),
(4, '0.00', 231, '2020-02-12 13:03:32'),
(2, '0.19', 228, '2020-02-12 13:03:33'),
(1, '0.00', 231, '2020-02-12 13:03:33'),
(3, '0.00', 229, '2020-02-12 13:03:33'),
(4, '0.00', 230, '2020-02-12 13:03:33'),
(2, '0.17', 232, '2020-02-12 13:03:35'),
(1, '0.00', 232, '2020-02-12 13:03:35'),
(3, '0.00', 231, '2020-02-12 13:03:35'),
(4, '0.00', 229, '2020-02-12 13:03:35'),
(2, '0.00', 227, '2020-02-12 13:03:37'),
(1, '0.00', 232, '2020-02-12 13:03:37'),
(3, '0.00', 231, '2020-02-12 13:03:37'),
(4, '0.00', 228, '2020-02-12 13:03:37'),
(2, '0.00', 230, '2020-02-12 13:03:39'),
(1, '0.00', 232, '2020-02-12 13:03:39'),
(3, '0.00', 228, '2020-02-12 13:03:39'),
(4, '0.00', 230, '2020-02-12 13:03:39'),
(2, '0.00', 230, '2020-02-12 13:03:41'),
(1, '0.00', 232, '2020-02-12 13:03:41'),
(3, '0.10', 231, '2020-02-12 13:03:41'),
(4, '0.00', 228, '2020-02-12 13:03:41'),
(2, '0.00', 230, '2020-02-12 13:03:43'),
(1, '0.00', 231, '2020-02-12 13:03:43'),
(3, '0.10', 228, '2020-02-12 13:03:43'),
(4, '0.00', 231, '2020-02-12 13:03:43'),
(2, '0.00', 232, '2020-02-12 13:03:45'),
(1, '0.00', 231, '2020-02-12 13:03:45'),
(3, '0.09', 227, '2020-02-12 13:03:45'),
(4, '0.00', 231, '2020-02-12 13:03:45'),
(2, '0.00', 228, '2020-02-12 13:03:47'),
(1, '0.00', 232, '2020-02-12 13:03:47'),
(3, '0.10', 229, '2020-02-12 13:03:47'),
(4, '0.00', 231, '2020-02-12 13:03:47'),
(2, '0.00', 227, '2020-02-12 13:03:49'),
(1, '0.00', 232, '2020-02-12 13:03:49'),
(3, '0.00', 229, '2020-02-12 13:03:49'),
(4, '0.00', 231, '2020-02-12 13:03:49'),
(2, '0.00', 230, '2020-02-12 13:03:51'),
(1, '0.00', 231, '2020-02-12 13:03:51'),
(3, '0.00', 229, '2020-02-12 13:03:51'),
(4, '0.03', 231, '2020-02-12 13:03:51'),
(2, '0.00', 227, '2020-02-12 13:03:53'),
(1, '0.00', 231, '2020-02-12 13:03:53'),
(3, '0.00', 229, '2020-02-12 13:03:53'),
(4, '0.03', 231, '2020-02-12 13:03:53'),
(2, '0.00', 226, '2020-02-12 13:03:54'),
(1, '0.00', 234, '2020-02-12 13:03:55'),
(3, '0.00', 230, '2020-02-12 13:03:55'),
(4, '0.03', 230, '2020-02-12 13:03:55'),
(2, '0.15', 228, '2020-02-12 13:03:56'),
(1, '0.00', 231, '2020-02-12 13:03:56'),
(3, '0.10', 227, '2020-02-12 13:03:57'),
(4, '0.03', 230, '2020-02-12 13:03:57'),
(2, '0.14', 232, '2020-02-12 13:03:58'),
(1, '0.05', 230, '2020-02-12 13:03:58'),
(3, '0.09', 227, '2020-02-12 13:03:58'),
(4, '0.03', 231, '2020-02-12 13:03:58'),
(2, '0.18', 229, '2020-02-12 13:04:00'),
(1, '0.05', 232, '2020-02-12 13:04:00'),
(3, '0.10', 230, '2020-02-12 13:04:00'),
(4, '0.03', 230, '2020-02-12 13:04:00'),
(2, '0.19', 231, '2020-02-12 13:04:02'),
(1, '0.05', 228, '2020-02-12 13:04:02'),
(3, '0.10', 226, '2020-02-12 13:04:02'),
(4, '0.03', 231, '2020-02-12 13:04:02'),
(2, '0.18', 229, '2020-02-12 13:04:04'),
(1, '0.05', 231, '2020-02-12 13:04:04'),
(3, '0.10', 228, '2020-02-12 13:04:04'),
(4, '0.03', 229, '2020-02-12 13:04:04'),
(2, '0.19', 222, '2020-02-12 13:04:06'),
(1, '0.05', 231, '2020-02-12 13:04:06'),
(3, '0.09', 221, '2020-02-12 13:04:06'),
(4, '0.03', 238, '2020-02-12 13:04:06'),
(2, '0.18', 226, '2020-02-12 13:04:08'),
(1, '0.05', 232, '2020-02-12 13:04:08'),
(3, '0.10', 231, '2020-02-12 13:04:08'),
(4, '0.03', 230, '2020-02-12 13:04:08'),
(2, '0.17', 226, '2020-02-12 13:04:10'),
(1, '0.05', 232, '2020-02-12 13:04:10'),
(3, '0.10', 229, '2020-02-12 13:04:10'),
(4, '0.03', 230, '2020-02-12 13:04:10'),
(2, '0.18', 229, '2020-02-12 13:04:12'),
(1, '0.05', 232, '2020-02-12 13:04:12'),
(3, '0.10', 233, '2020-02-12 13:04:12'),
(4, '0.03', 226, '2020-02-12 13:04:12'),
(2, '0.19', 227, '2020-02-12 13:04:14'),
(1, '0.05', 231, '2020-02-12 13:04:14'),
(3, '0.09', 225, '2020-02-12 13:04:14'),
(4, '0.03', 234, '2020-02-12 13:04:14'),
(2, '0.18', 229, '2020-02-12 13:04:16'),
(1, '0.04', 231, '2020-02-12 13:04:16'),
(3, '0.10', 229, '2020-02-12 13:04:16'),
(4, '0.02', 231, '2020-02-12 13:04:16'),
(2, '0.18', 233, '2020-02-12 13:04:18'),
(1, '0.05', 229, '2020-02-12 13:04:18'),
(3, '0.09', 228, '2020-02-12 13:04:18'),
(4, '0.03', 229, '2020-02-12 13:04:18'),
(2, '0.19', 225, '2020-02-12 13:04:20'),
(1, '0.05', 230, '2020-02-12 13:04:20'),
(3, '0.08', 225, '2020-02-12 13:04:20'),
(4, '0.03', 233, '2020-02-12 13:04:20'),
(2, '0.15', 231, '2020-02-12 13:04:22'),
(1, '0.05', 230, '2020-02-12 13:04:22'),
(3, '0.08', 227, '2020-02-12 13:04:22'),
(4, '0.03', 231, '2020-02-12 13:04:22'),
(2, '0.19', 229, '2020-02-12 13:04:24'),
(1, '0.04', 232, '2020-02-12 13:04:24'),
(3, '0.10', 231, '2020-02-12 13:04:24'),
(4, '0.03', 231, '2020-02-12 13:04:24'),
(2, '0.17', 227, '2020-02-12 13:04:26'),
(1, '0.05', 230, '2020-02-12 13:04:26'),
(3, '0.09', 226, '2020-02-12 13:04:26'),
(4, '0.03', 232, '2020-02-12 13:04:26'),
(2, '0.18', 224, '2020-02-12 13:04:27'),
(1, '0.05', 234, '2020-02-12 13:04:28'),
(3, '0.09', 229, '2020-02-12 13:04:28'),
(4, '0.03', 233, '2020-02-12 13:04:28'),
(2, '0.19', 223, '2020-02-12 13:04:29'),
(1, '0.05', 231, '2020-02-12 13:04:30'),
(3, '0.09', 222, '2020-02-12 13:04:30'),
(4, '0.03', 236, '2020-02-12 13:04:30'),
(2, '0.18', 231, '2020-02-12 13:04:31'),
(1, '0.05', 229, '2020-02-12 13:04:32'),
(3, '0.09', 224, '2020-02-12 13:04:32'),
(4, '0.03', 233, '2020-02-12 13:04:32'),
(2, '0.18', 236, '2020-02-12 13:04:34'),
(1, '0.05', 229, '2020-02-12 13:04:34'),
(3, '0.09', 228, '2020-02-12 13:04:34'),
(4, '0.02', 226, '2020-02-12 13:04:34'),
(2, '0.18', 233, '2020-02-12 13:04:36'),
(1, '0.00', 233, '2020-02-12 13:04:36'),
(3, '0.10', 229, '2020-02-12 13:04:36'),
(4, '0.03', 229, '2020-02-12 13:04:36'),
(2, '0.00', 224, '2020-02-12 13:04:38'),
(1, '0.00', 235, '2020-02-12 13:04:38'),
(3, '0.09', 232, '2020-02-12 13:04:38'),
(4, '0.03', 231, '2020-02-12 13:04:38'),
(2, '0.00', 229, '2020-02-12 13:04:40'),
(1, '0.00', 228, '2020-02-12 13:04:40'),
(3, '0.05', 224, '2020-02-12 13:04:40'),
(4, '0.03', 233, '2020-02-12 13:04:40'),
(2, '0.00', 230, '2020-02-12 13:04:42'),
(1, '0.00', 231, '2020-02-12 13:04:42'),
(3, '0.09', 228, '2020-02-12 13:04:42'),
(4, '0.02', 232, '2020-02-12 13:04:42'),
(2, '0.00', 229, '2020-02-12 13:04:44'),
(1, '0.00', 235, '2020-02-12 13:04:44'),
(3, '0.09', 235, '2020-02-12 13:04:44'),
(4, '0.03', 226, '2020-02-12 13:04:44'),
(2, '0.00', 239, '2020-02-12 13:04:46'),
(1, '0.00', 228, '2020-02-12 13:04:46'),
(3, '0.10', 223, '2020-02-12 13:04:46'),
(4, '0.01', 225, '2020-02-12 13:04:46'),
(2, '0.00', 221, '2020-02-12 13:04:48'),
(1, '0.00', 235, '2020-02-12 13:04:49'),
(3, '0.00', 228, '2020-02-12 13:04:50'),
(4, '0.03', 233, '2020-02-12 13:04:50'),
(2, '0.00', 228, '2020-02-12 13:04:52'),
(1, '0.00', 234, '2020-02-12 13:04:52'),
(3, '0.00', 232, '2020-02-12 13:04:52'),
(4, '0.00', 230, '2020-02-12 13:04:52'),
(2, '0.00', 228, '2020-02-12 13:04:54'),
(1, '0.00', 232, '2020-02-12 13:04:54'),
(3, '0.00', 229, '2020-02-12 13:04:54'),
(4, '0.00', 230, '2020-02-12 13:04:54'),
(2, '0.00', 231, '2020-02-12 13:04:56'),
(1, '0.00', 230, '2020-02-12 13:04:56'),
(3, '0.00', 228, '2020-02-12 13:04:56'),
(4, '0.00', 231, '2020-02-12 13:04:56'),
(2, '0.00', 224, '2020-02-12 13:04:58'),
(1, '0.00', 238, '2020-02-12 13:04:58'),
(3, '0.00', 233, '2020-02-12 13:04:58'),
(4, '0.00', 228, '2020-02-12 13:04:58'),
(2, '0.00', 233, '2020-02-12 13:05:00'),
(1, '0.00', 229, '2020-02-12 13:05:00'),
(3, '0.00', 228, '2020-02-12 13:05:00'),
(4, '0.00', 228, '2020-02-12 13:05:00'),
(2, '0.00', 228, '2020-02-12 13:05:02'),
(1, '0.00', 231, '2020-02-12 13:05:02'),
(3, '0.00', 229, '2020-02-12 13:05:02'),
(4, '0.00', 231, '2020-02-12 13:05:02'),
(2, '0.00', 230, '2020-02-12 13:05:04'),
(1, '0.00', 232, '2020-02-12 13:05:04'),
(3, '0.00', 230, '2020-02-12 13:05:04'),
(4, '0.00', 229, '2020-02-12 13:05:04'),
(2, '0.00', 229, '2020-02-12 13:05:06'),
(1, '0.00', 233, '2020-02-12 13:05:06'),
(3, '0.00', 233, '2020-02-12 13:05:06'),
(4, '0.00', 228, '2020-02-12 13:05:06'),
(2, '0.00', 228, '2020-02-12 13:05:07'),
(1, '0.00', 233, '2020-02-12 13:05:07'),
(3, '0.00', 230, '2020-02-12 13:05:07'),
(4, '0.00', 231, '2020-02-12 13:05:07'),
(2, '0.00', 228, '2020-02-12 13:05:09'),
(1, '0.00', 231, '2020-02-12 13:05:09'),
(3, '0.00', 229, '2020-02-12 13:05:09'),
(4, '0.00', 231, '2020-02-12 13:05:09'),
(2, '0.00', 229, '2020-02-12 13:05:11'),
(1, '0.00', 232, '2020-02-12 13:05:11'),
(3, '0.00', 230, '2020-02-12 13:05:11'),
(4, '0.00', 229, '2020-02-12 13:05:11'),
(2, '0.00', 224, '2020-02-12 13:05:13'),
(1, '0.00', 235, '2020-02-12 13:05:13'),
(3, '0.00', 234, '2020-02-12 13:05:13'),
(4, '0.00', 229, '2020-02-12 13:05:13'),
(2, '0.00', 234, '2020-02-12 13:05:15'),
(1, '0.00', 229, '2020-02-12 13:05:15'),
(3, '0.00', 227, '2020-02-12 13:05:15'),
(4, '0.00', 227, '2020-02-12 13:05:15'),
(2, '0.00', 229, '2020-02-12 13:05:17'),
(1, '0.00', 230, '2020-02-12 13:05:17'),
(3, '0.00', 228, '2020-02-12 13:05:17'),
(4, '0.00', 232, '2020-02-12 13:05:17'),
(2, '0.00', 229, '2020-02-12 13:05:19'),
(1, '0.00', 228, '2020-02-12 13:05:19'),
(3, '0.00', 221, '2020-02-12 13:05:19'),
(4, '0.00', 234, '2020-02-12 13:05:19'),
(2, '0.00', 229, '2020-02-12 13:05:21'),
(1, '0.00', 232, '2020-02-12 13:05:21'),
(3, '0.00', 228, '2020-02-12 13:05:21'),
(4, '0.00', 233, '2020-02-12 13:05:21'),
(2, '0.00', 229, '2020-02-12 13:05:23'),
(1, '0.00', 232, '2020-02-12 13:05:23'),
(3, '0.00', 230, '2020-02-12 13:05:23'),
(4, '0.00', 231, '2020-02-12 13:05:23'),
(2, '0.00', 229, '2020-02-12 13:05:25'),
(1, '0.00', 233, '2020-02-12 13:05:25'),
(3, '0.00', 228, '2020-02-12 13:05:25'),
(4, '0.00', 232, '2020-02-12 13:05:25'),
(2, '0.00', 226, '2020-02-12 13:05:26'),
(1, '0.00', 233, '2020-02-12 13:05:26'),
(3, '0.00', 233, '2020-02-12 13:05:26'),
(4, '0.00', 230, '2020-02-12 13:05:26'),
(2, '0.00', 229, '2020-02-12 13:05:28'),
(1, '0.00', 232, '2020-02-12 13:05:28'),
(3, '0.00', 230, '2020-02-12 13:05:28'),
(4, '0.00', 230, '2020-02-12 13:05:28'),
(2, '0.00', 230, '2020-02-12 13:05:30'),
(1, '0.00', 231, '2020-02-12 13:05:30'),
(3, '0.00', 228, '2020-02-12 13:05:30'),
(4, '0.00', 232, '2020-02-12 13:05:30'),
(2, '0.00', 230, '2020-02-12 13:05:32'),
(1, '0.00', 232, '2020-02-12 13:05:32'),
(3, '0.00', 228, '2020-02-12 13:05:32'),
(4, '0.00', 231, '2020-02-12 13:05:32'),
(2, '0.00', 230, '2020-02-12 13:05:34'),
(1, '0.00', 232, '2020-02-12 13:05:34'),
(3, '0.00', 227, '2020-02-12 13:05:34'),
(4, '0.00', 233, '2020-02-12 13:05:34'),
(2, '0.00', 230, '2020-02-12 13:05:36'),
(1, '0.00', 231, '2020-02-12 13:05:36'),
(3, '0.00', 229, '2020-02-12 13:05:36'),
(4, '0.00', 232, '2020-02-12 13:05:36'),
(2, '0.00', 230, '2020-02-12 13:05:38'),
(1, '0.00', 232, '2020-02-12 13:05:38'),
(3, '0.00', 228, '2020-02-12 13:05:38'),
(4, '0.00', 231, '2020-02-12 13:05:38'),
(2, '0.00', 226, '2020-02-12 13:05:39'),
(1, '0.00', 233, '2020-02-12 13:05:39'),
(3, '0.00', 230, '2020-02-12 13:05:39'),
(4, '0.00', 231, '2020-02-12 13:05:39'),
(2, '0.00', 232, '2020-02-12 13:05:41'),
(1, '0.00', 230, '2020-02-12 13:05:41'),
(3, '0.00', 230, '2020-02-12 13:05:41'),
(4, '0.00', 229, '2020-02-12 13:05:41'),
(2, '0.00', 229, '2020-02-12 13:05:43'),
(1, '0.00', 231, '2020-02-12 13:05:43'),
(3, '0.00', 229, '2020-02-12 13:05:43'),
(4, '0.00', 231, '2020-02-12 13:05:43'),
(2, '0.00', 230, '2020-02-12 13:05:45'),
(1, '0.00', 231, '2020-02-12 13:05:45'),
(3, '0.00', 229, '2020-02-12 13:05:45'),
(4, '0.00', 231, '2020-02-12 13:05:45'),
(2, '0.00', 225, '2020-02-12 13:05:47'),
(1, '0.00', 235, '2020-02-12 13:05:47'),
(3, '0.00', 232, '2020-02-12 13:05:47'),
(4, '0.00', 231, '2020-02-12 13:05:47'),
(2, '0.00', 234, '2020-02-12 13:05:49'),
(1, '0.00', 228, '2020-02-12 13:05:49'),
(3, '0.00', 226, '2020-02-12 13:05:49'),
(4, '0.00', 227, '2020-02-12 13:05:49'),
(2, '0.00', 227, '2020-02-12 13:05:51'),
(1, '0.00', 231, '2020-02-12 13:05:51'),
(3, '0.00', 229, '2020-02-12 13:05:51'),
(4, '0.00', 230, '2020-02-12 13:05:51'),
(2, '0.00', 231, '2020-02-12 13:05:53'),
(1, '0.00', 233, '2020-02-12 13:05:53'),
(3, '0.00', 235, '2020-02-12 13:05:53'),
(4, '0.00', 225, '2020-02-12 13:05:53'),
(2, '0.00', 230, '2020-02-12 13:05:55'),
(1, '0.05', 230, '2020-02-12 13:05:55'),
(3, '0.00', 231, '2020-02-12 13:05:55'),
(4, '0.00', 228, '2020-02-12 13:05:55'),
(2, '0.00', 234, '2020-02-12 13:05:57'),
(1, '0.05', 228, '2020-02-12 13:05:57'),
(3, '0.00', 224, '2020-02-12 13:05:57'),
(4, '0.00', 231, '2020-02-12 13:05:57'),
(2, '0.00', 230, '2020-02-12 13:05:59'),
(1, '0.05', 230, '2020-02-12 13:05:59'),
(3, '0.00', 226, '2020-02-12 13:05:59'),
(4, '0.00', 233, '2020-02-12 13:05:59'),
(2, '0.00', 230, '2020-02-12 13:06:01'),
(1, '0.00', 231, '2020-02-12 13:06:01'),
(3, '0.00', 228, '2020-02-12 13:06:01'),
(4, '0.00', 231, '2020-02-12 13:06:01'),
(2, '0.00', 228, '2020-02-12 13:06:03'),
(1, '0.00', 233, '2020-02-12 13:06:03'),
(3, '0.00', 229, '2020-02-12 13:06:03'),
(4, '0.00', 229, '2020-02-12 13:06:03'),
(2, '0.20', 221, '2020-02-12 13:06:05'),
(1, '0.00', 233, '2020-02-12 13:06:05'),
(3, '0.00', 225, '2020-02-12 13:06:05'),
(4, '0.00', 235, '2020-02-12 13:06:05'),
(2, '0.19', 231, '2020-02-12 13:06:07'),
(1, '0.00', 230, '2020-02-12 13:06:07'),
(3, '0.01', 228, '2020-02-12 13:06:07'),
(4, '0.00', 228, '2020-02-12 13:06:07'),
(2, '0.19', 234, '2020-02-12 13:06:09'),
(1, '0.00', 228, '2020-02-12 13:06:09'),
(3, '0.10', 228, '2020-02-12 13:06:09'),
(4, '0.00', 228, '2020-02-12 13:06:09'),
(2, '0.19', 222, '2020-02-12 13:06:11'),
(1, '0.00', 235, '2020-02-12 13:06:11'),
(3, '0.10', 233, '2020-02-12 13:06:11'),
(4, '0.03', 232, '2020-02-12 13:06:11'),
(2, '0.18', 225, '2020-02-12 13:06:13'),
(1, '0.00', 235, '2020-02-12 13:06:13'),
(3, '0.10', 235, '2020-02-12 13:06:13'),
(4, '0.03', 230, '2020-02-12 13:06:13'),
(2, '0.18', 229, '2020-02-12 13:06:15'),
(1, '0.00', 231, '2020-02-12 13:06:15'),
(3, '0.09', 228, '2020-02-12 13:06:15'),
(4, '0.03', 231, '2020-02-12 13:06:15'),
(2, '0.18', 225, '2020-02-12 13:06:17'),
(1, '0.00', 232, '2020-02-12 13:06:17'),
(3, '0.08', 231, '2020-02-12 13:06:17'),
(4, '0.03', 232, '2020-02-12 13:06:17'),
(2, '0.17', 223, '2020-02-12 13:06:19'),
(1, '0.00', 237, '2020-02-12 13:06:19'),
(3, '0.10', 238, '2020-02-12 13:06:19'),
(4, '0.03', 229, '2020-02-12 13:06:19'),
(2, '0.18', 230, '2020-02-12 13:06:21'),
(1, '0.00', 232, '2020-02-12 13:06:21'),
(3, '0.10', 230, '2020-02-12 13:06:21'),
(4, '0.03', 227, '2020-02-12 13:06:21'),
(2, '0.17', 230, '2020-02-12 13:06:23'),
(1, '0.00', 232, '2020-02-12 13:06:23'),
(3, '0.09', 233, '2020-02-12 13:06:23'),
(4, '0.03', 227, '2020-02-12 13:06:23'),
(2, '0.18', 223, '2020-02-12 13:06:25'),
(1, '0.00', 231, '2020-02-12 13:06:26'),
(3, '0.10', 230, '2020-02-12 13:06:27'),
(4, '0.03', 233, '2020-02-12 13:06:27'),
(2, '0.18', 228, '2020-02-12 13:06:29'),
(1, '0.05', 232, '2020-02-12 13:06:29'),
(3, '0.10', 229, '2020-02-12 13:06:29'),
(4, '0.03', 230, '2020-02-12 13:06:29'),
(2, '0.18', 228, '2020-02-12 13:06:31'),
(1, '0.05', 232, '2020-02-12 13:06:31'),
(3, '0.10', 231, '2020-02-12 13:06:31'),
(4, '0.03', 229, '2020-02-12 13:06:31'),
(2, '0.18', 227, '2020-02-12 13:06:33'),
(1, '0.05', 232, '2020-02-12 13:06:33'),
(3, '0.09', 232, '2020-02-12 13:06:33'),
(4, '0.03', 229, '2020-02-12 13:06:33'),
(2, '0.15', 230, '2020-02-12 13:06:35'),
(1, '0.05', 232, '2020-02-12 13:06:35'),
(3, '0.10', 230, '2020-02-12 13:06:35'),
(4, '0.02', 230, '2020-02-12 13:06:35'),
(2, '0.18', 229, '2020-02-12 13:06:36'),
(1, '0.05', 232, '2020-02-12 13:06:37'),
(3, '0.10', 229, '2020-02-12 13:06:37'),
(4, '0.02', 229, '2020-02-12 13:06:37'),
(2, '0.18', 224, '2020-02-12 13:06:38'),
(1, '0.05', 235, '2020-02-12 13:06:38'),
(3, '0.09', 231, '2020-02-12 13:06:39'),
(4, '0.03', 230, '2020-02-12 13:06:39'),
(2, '0.18', 223, '2020-02-12 13:06:40'),
(1, '0.04', 234, '2020-02-12 13:06:40'),
(3, '0.09', 230, '2020-02-12 13:06:40'),
(4, '0.02', 231, '2020-02-12 13:06:40'),
(2, '0.18', 223, '2020-02-12 13:06:42'),
(1, '0.05', 234, '2020-02-12 13:06:42'),
(3, '0.09', 230, '2020-02-12 13:06:42'),
(4, '0.02', 231, '2020-02-12 13:06:42'),
(2, '0.16', 224, '2020-02-12 13:06:44'),
(1, '0.05', 231, '2020-02-12 13:06:44'),
(3, '0.09', 226, '2020-02-12 13:06:44'),
(4, '0.02', 232, '2020-02-12 13:06:44'),
(2, '0.18', 227, '2020-02-12 13:06:46'),
(1, '0.05', 233, '2020-02-12 13:06:46'),
(3, '0.10', 228, '2020-02-12 13:06:46'),
(4, '0.02', 232, '2020-02-12 13:06:46'),
(2, '0.18', 231, '2020-02-12 13:06:48'),
(1, '0.05', 231, '2020-02-12 13:06:48'),
(3, '0.09', 231, '2020-02-12 13:06:48'),
(4, '0.02', 230, '2020-02-12 13:06:48'),
(2, '0.17', 227, '2020-02-12 13:06:50'),
(1, '0.05', 235, '2020-02-12 13:06:50'),
(3, '0.10', 233, '2020-02-12 13:06:50'),
(4, '0.03', 228, '2020-02-12 13:06:50'),
(2, '0.05', 239, '2020-02-12 13:06:52'),
(1, '0.00', 229, '2020-02-12 13:06:52'),
(3, '0.09', 234, '2020-02-12 13:06:52'),
(4, '0.02', 222, '2020-02-12 13:06:52'),
(2, '0.18', 228, '2020-02-12 13:06:54'),
(1, '0.05', 233, '2020-02-12 13:06:54'),
(3, '0.10', 233, '2020-02-12 13:06:54'),
(4, '0.02', 228, '2020-02-12 13:06:54'),
(2, '0.18', 223, '2020-02-12 13:06:56'),
(1, '0.05', 234, '2020-02-12 13:06:56'),
(3, '0.08', 229, '2020-02-12 13:06:56'),
(4, '0.03', 234, '2020-02-12 13:06:56'),
(2, '0.16', 228, '2020-02-12 13:06:58'),
(1, '0.05', 232, '2020-02-12 13:06:58'),
(3, '0.10', 227, '2020-02-12 13:06:58'),
(4, '0.02', 232, '2020-02-12 13:06:58'),
(2, '0.18', 228, '2020-02-12 13:07:00'),
(1, '0.05', 233, '2020-02-12 13:07:00'),
(3, '0.09', 231, '2020-02-12 13:07:00'),
(4, '0.03', 230, '2020-02-12 13:07:00'),
(2, '0.18', 226, '2020-02-12 13:07:02'),
(1, '0.00', 233, '2020-02-12 13:07:02'),
(3, '0.10', 231, '2020-02-12 13:07:02'),
(4, '0.02', 231, '2020-02-12 13:07:02'),
(2, '0.18', 227, '2020-02-12 13:07:04'),
(1, '0.00', 232, '2020-02-12 13:07:04'),
(3, '0.10', 231, '2020-02-12 13:07:04'),
(4, '0.02', 230, '2020-02-12 13:07:04'),
(2, '0.18', 229, '2020-02-12 13:07:06'),
(1, '0.00', 234, '2020-02-12 13:07:06'),
(3, '0.10', 235, '2020-02-12 13:07:06'),
(4, '0.02', 226, '2020-02-12 13:07:06'),
(2, '0.18', 227, '2020-02-12 13:07:08'),
(1, '0.00', 234, '2020-02-12 13:07:08'),
(3, '0.10', 235, '2020-02-12 13:07:08'),
(4, '0.03', 227, '2020-02-12 13:07:08'),
(2, '0.18', 220, '2020-02-12 13:07:10'),
(1, '0.00', 236, '2020-02-12 13:07:10'),
(3, '0.10', 232, '2020-02-12 13:07:10'),
(4, '0.03', 232, '2020-02-12 13:07:10'),
(2, '0.18', 228, '2020-02-12 13:07:12'),
(1, '0.00', 231, '2020-02-12 13:07:12'),
(3, '0.10', 227, '2020-02-12 13:07:12'),
(4, '0.02', 232, '2020-02-12 13:07:12'),
(2, '0.18', 223, '2020-02-12 13:07:14'),
(1, '0.00', 231, '2020-02-12 13:07:14'),
(3, '0.08', 224, '2020-02-12 13:07:14'),
(4, '0.03', 234, '2020-02-12 13:07:14'),
(2, '0.18', 230, '2020-02-12 13:07:16'),
(1, '0.00', 233, '2020-02-12 13:07:16'),
(3, '0.10', 229, '2020-02-12 13:07:16'),
(4, '0.02', 230, '2020-02-12 13:07:16'),
(2, '0.15', 237, '2020-02-12 13:07:18'),
(1, '0.00', 228, '2020-02-12 13:07:18'),
(3, '0.10', 229, '2020-02-12 13:07:18'),
(4, '0.03', 228, '2020-02-12 13:07:18'),
(2, '0.18', 222, '2020-02-12 13:07:20'),
(1, '0.00', 235, '2020-02-12 13:07:20'),
(3, '0.10', 233, '2020-02-12 13:07:20'),
(4, '0.03', 232, '2020-02-12 13:07:20'),
(2, '0.18', 230, '2020-02-12 13:07:22'),
(1, '0.00', 232, '2020-02-12 13:07:22'),
(3, '0.10', 229, '2020-02-12 13:07:22'),
(4, '0.03', 231, '2020-02-12 13:07:22'),
(2, '0.18', 225, '2020-02-12 13:07:24'),
(1, '0.00', 230, '2020-02-12 13:07:24'),
(3, '0.09', 221, '2020-02-12 13:07:24'),
(4, '0.03', 237, '2020-02-12 13:07:24'),
(2, '0.18', 228, '2020-02-12 13:07:26'),
(1, '0.00', 232, '2020-02-12 13:07:26'),
(3, '0.09', 227, '2020-02-12 13:07:26'),
(4, '0.02', 233, '2020-02-12 13:07:26'),
(2, '0.17', 233, '2020-02-12 13:07:28'),
(1, '0.00', 231, '2020-02-12 13:07:28'),
(3, '0.09', 231, '2020-02-12 13:07:28'),
(4, '0.02', 228, '2020-02-12 13:07:28'),
(2, '0.18', 226, '2020-02-12 13:07:30'),
(1, '0.00', 231, '2020-02-12 13:07:30'),
(3, '0.10', 228, '2020-02-12 13:07:30'),
(4, '0.02', 230, '2020-02-12 13:07:30'),
(2, '0.18', 227, '2020-02-12 13:07:32'),
(1, '0.05', 230, '2020-02-12 13:07:32'),
(3, '0.09', 224, '2020-02-12 13:07:32'),
(4, '0.02', 232, '2020-02-12 13:07:32'),
(2, '0.18', 229, '2020-02-12 13:07:34'),
(1, '0.05', 232, '2020-02-12 13:07:34'),
(3, '0.09', 230, '2020-02-12 13:07:34'),
(4, '0.00', 230, '2020-02-12 13:07:34'),
(2, '0.16', 228, '2020-02-12 13:07:36'),
(1, '0.05', 229, '2020-02-12 13:07:36'),
(3, '0.10', 224, '2020-02-12 13:07:36'),
(4, '0.00', 235, '2020-02-12 13:07:36'),
(2, '0.18', 227, '2020-02-12 13:07:38'),
(1, '0.05', 233, '2020-02-12 13:07:38'),
(3, '0.09', 232, '2020-02-12 13:07:38'),
(4, '0.00', 229, '2020-02-12 13:07:38'),
(2, '0.18', 226, '2020-02-12 13:07:40'),
(1, '0.04', 234, '2020-02-12 13:07:40'),
(3, '0.09', 231, '2020-02-12 13:07:40'),
(4, '0.00', 229, '2020-02-12 13:07:40'),
(2, '0.16', 231, '2020-02-12 13:07:42'),
(1, '0.05', 232, '2020-02-12 13:07:42'),
(3, '0.10', 228, '2020-02-12 13:07:42'),
(4, '0.00', 229, '2020-02-12 13:07:42'),
(2, '0.18', 230, '2020-02-12 13:07:44'),
(1, '0.05', 231, '2020-02-12 13:07:44'),
(3, '0.09', 231, '2020-02-12 13:07:44'),
(4, '0.00', 228, '2020-02-12 13:07:44'),
(2, '0.18', 228, '2020-02-12 13:07:46'),
(1, '0.05', 232, '2020-02-12 13:07:46'),
(3, '0.10', 229, '2020-02-12 13:07:46'),
(4, '0.00', 230, '2020-02-12 13:07:46'),
(2, '0.18', 229, '2020-02-12 13:07:47'),
(1, '0.05', 232, '2020-02-12 13:07:48'),
(3, '0.08', 230, '2020-02-12 13:07:48'),
(4, '0.00', 229, '2020-02-12 13:07:48'),
(2, '0.18', 225, '2020-02-12 13:07:49'),
(1, '0.05', 233, '2020-02-12 13:07:50'),
(3, '0.10', 228, '2020-02-12 13:07:50'),
(4, '0.01', 233, '2020-02-12 13:07:50'),
(2, '0.18', 228, '2020-02-12 13:07:52'),
(1, '0.05', 231, '2020-02-12 13:07:52'),
(3, '0.09', 228, '2020-02-12 13:07:52'),
(4, '0.03', 231, '2020-02-12 13:07:52'),
(2, '0.17', 226, '2020-02-12 13:07:54'),
(1, '0.05', 232, '2020-02-12 13:07:54'),
(3, '0.10', 228, '2020-02-12 13:07:54'),
(4, '0.02', 233, '2020-02-12 13:07:54'),
(2, '0.00', 227, '2020-02-12 13:07:56'),
(1, '0.05', 232, '2020-02-12 13:07:56'),
(3, '0.09', 228, '2020-02-12 13:07:56'),
(4, '0.02', 231, '2020-02-12 13:07:56'),
(2, '0.00', 229, '2020-02-12 13:07:58'),
(1, '0.05', 230, '2020-02-12 13:07:58'),
(3, '0.10', 228, '2020-02-12 13:07:58'),
(4, '0.02', 232, '2020-02-12 13:07:58'),
(2, '0.00', 229, '2020-02-12 13:08:00'),
(1, '0.05', 232, '2020-02-12 13:08:00'),
(3, '0.09', 226, '2020-02-12 13:08:00'),
(4, '0.03', 232, '2020-02-12 13:08:00'),
(2, '0.00', 228, '2020-02-12 13:08:02'),
(1, '0.05', 232, '2020-02-12 13:08:02'),
(3, '0.10', 229, '2020-02-12 13:08:02'),
(4, '0.02', 231, '2020-02-12 13:08:02'),
(2, '0.19', 226, '2020-02-12 13:08:04'),
(1, '0.05', 234, '2020-02-12 13:08:04'),
(3, '0.09', 229, '2020-02-12 13:08:04'),
(4, '0.03', 230, '2020-02-12 13:08:04'),
(2, '0.16', 228, '2020-02-12 13:08:06'),
(1, '0.05', 232, '2020-02-12 13:08:06'),
(3, '0.10', 227, '2020-02-12 13:08:06'),
(4, '0.03', 233, '2020-02-12 13:08:06'),
(2, '0.18', 225, '2020-02-12 13:08:08'),
(1, '0.05', 232, '2020-02-12 13:08:08'),
(3, '0.09', 225, '2020-02-12 13:08:08'),
(4, '0.03', 235, '2020-02-12 13:08:08'),
(2, '0.18', 229, '2020-02-12 13:08:09'),
(1, '0.05', 231, '2020-02-12 13:08:10'),
(3, '0.09', 230, '2020-02-12 13:08:10'),
(4, '0.03', 231, '2020-02-12 13:08:10'),
(2, '0.18', 229, '2020-02-12 13:08:11'),
(1, '0.05', 231, '2020-02-12 13:08:11'),
(3, '0.10', 230, '2020-02-12 13:08:12'),
(4, '0.03', 229, '2020-02-12 13:08:12'),
(2, '0.17', 231, '2020-02-12 13:08:13'),
(1, '0.05', 228, '2020-02-12 13:08:14'),
(3, '0.10', 227, '2020-02-12 13:08:14'),
(4, '0.02', 229, '2020-02-12 13:08:14'),
(2, '0.18', 227, '2020-02-12 13:08:15'),
(1, '0.05', 232, '2020-02-12 13:08:16'),
(3, '0.09', 229, '2020-02-12 13:08:16'),
(4, '0.03', 230, '2020-02-12 13:08:16'),
(2, '0.18', 230, '2020-02-12 13:08:17'),
(1, '0.04', 232, '2020-02-12 13:08:18'),
(3, '0.09', 230, '2020-02-12 13:08:18'),
(4, '0.03', 231, '2020-02-12 13:08:18'),
(2, '0.18', 228, '2020-02-12 13:08:19'),
(1, '0.05', 231, '2020-02-12 13:08:20'),
(3, '0.09', 229, '2020-02-12 13:08:21'),
(4, '0.03', 230, '2020-02-12 13:08:21'),
(2, '0.18', 228, '2020-02-12 13:08:23'),
(1, '0.05', 232, '2020-02-12 13:08:23'),
(3, '0.10', 228, '2020-02-12 13:08:23'),
(4, '0.03', 230, '2020-02-12 13:08:23'),
(2, '0.17', 229, '2020-02-12 13:08:25'),
(1, '0.05', 231, '2020-02-12 13:08:25'),
(3, '0.09', 231, '2020-02-12 13:08:25'),
(4, '0.03', 227, '2020-02-12 13:08:25'),
(2, '0.07', 237, '2020-02-12 13:08:27'),
(1, '0.05', 228, '2020-02-12 13:08:27'),
(3, '0.10', 229, '2020-02-12 13:08:27'),
(4, '0.03', 224, '2020-02-12 13:08:27'),
(2, '0.18', 226, '2020-02-12 13:08:29'),
(1, '0.05', 233, '2020-02-12 13:08:29'),
(3, '0.09', 232, '2020-02-12 13:08:29'),
(4, '0.03', 229, '2020-02-12 13:08:29'),
(2, '0.16', 228, '2020-02-12 13:08:31'),
(1, '0.05', 233, '2020-02-12 13:08:31'),
(3, '0.09', 231, '2020-02-12 13:08:31'),
(4, '0.03', 229, '2020-02-12 13:08:31'),
(2, '0.18', 225, '2020-02-12 13:08:33'),
(1, '0.05', 233, '2020-02-12 13:08:33'),
(3, '0.09', 231, '2020-02-12 13:08:33'),
(4, '0.03', 229, '2020-02-12 13:08:33'),
(2, '0.17', 229, '2020-02-12 13:08:35'),
(1, '0.05', 232, '2020-02-12 13:08:35'),
(3, '0.09', 228, '2020-02-12 13:08:35'),
(4, '0.02', 231, '2020-02-12 13:08:35'),
(2, '0.13', 231, '2020-02-12 13:08:37'),
(1, '0.05', 224, '2020-02-12 13:08:37'),
(3, '0.00', 216, '2020-02-12 13:08:37'),
(4, '0.03', 234, '2020-02-12 13:08:37'),
(2, '0.16', 226, '2020-02-12 13:08:39'),
(1, '0.05', 234, '2020-02-12 13:08:39'),
(3, '0.10', 234, '2020-02-12 13:08:39'),
(4, '0.03', 227, '2020-02-12 13:08:39'),
(2, '0.18', 228, '2020-02-12 13:08:41'),
(1, '0.05', 233, '2020-02-12 13:08:41'),
(3, '0.09', 230, '2020-02-12 13:08:41'),
(4, '0.02', 230, '2020-02-12 13:08:41'),
(2, '0.18', 228, '2020-02-12 13:08:43'),
(1, '0.05', 232, '2020-02-12 13:08:43'),
(3, '0.09', 230, '2020-02-12 13:08:43'),
(4, '0.02', 229, '2020-02-12 13:08:43'),
(2, '0.18', 230, '2020-02-12 13:08:45'),
(1, '0.05', 231, '2020-02-12 13:08:45'),
(3, '0.09', 229, '2020-02-12 13:08:45'),
(4, '0.03', 230, '2020-02-12 13:08:45'),
(2, '0.16', 222, '2020-02-12 13:08:47'),
(1, '0.05', 234, '2020-02-12 13:08:47'),
(3, '0.09', 232, '2020-02-12 13:08:47'),
(4, '0.00', 232, '2020-02-12 13:08:47'),
(2, '0.17', 229, '2020-02-12 13:08:49'),
(1, '0.05', 233, '2020-02-12 13:08:49'),
(3, '0.10', 229, '2020-02-12 13:08:49'),
(4, '0.00', 231, '2020-02-12 13:08:49'),
(2, '0.18', 230, '2020-02-12 13:08:51'),
(1, '0.05', 231, '2020-02-12 13:08:51'),
(3, '0.09', 229, '2020-02-12 13:08:51'),
(4, '0.00', 230, '2020-02-12 13:08:51'),
(2, '0.17', 229, '2020-02-12 13:08:53'),
(1, '0.03', 234, '2020-02-12 13:08:53'),
(3, '0.00', 235, '2020-02-12 13:08:53'),
(4, '0.00', 226, '2020-02-12 13:08:53'),
(2, '0.18', 225, '2020-02-12 13:08:55'),
(1, '0.05', 236, '2020-02-12 13:08:55'),
(3, '0.00', 236, '2020-02-12 13:08:55'),
(4, '0.00', 228, '2020-02-12 13:08:55'),
(2, '0.17', 228, '2020-02-12 13:08:57'),
(1, '0.05', 231, '2020-02-12 13:08:57'),
(3, '0.00', 229, '2020-02-12 13:08:57'),
(4, '0.00', 232, '2020-02-12 13:08:57'),
(2, '0.18', 229, '2020-02-12 13:08:59'),
(1, '0.05', 231, '2020-02-12 13:08:59'),
(3, '0.00', 231, '2020-02-12 13:08:59'),
(4, '0.00', 229, '2020-02-12 13:08:59'),
(2, '0.18', 228, '2020-02-12 13:09:01'),
(1, '0.05', 231, '2020-02-12 13:09:01'),
(3, '0.00', 228, '2020-02-12 13:09:01'),
(4, '0.00', 232, '2020-02-12 13:09:01'),
(2, '0.18', 227, '2020-02-12 13:09:02'),
(1, '0.05', 230, '2020-02-12 13:09:03'),
(3, '0.00', 232, '2020-02-12 13:09:03'),
(4, '0.00', 231, '2020-02-12 13:09:03'),
(2, '0.17', 228, '2020-02-12 13:09:04'),
(1, '0.04', 231, '2020-02-12 13:09:04'),
(3, '0.00', 227, '2020-02-12 13:09:04'),
(4, '0.00', 232, '2020-02-12 13:09:04'),
(2, '0.18', 226, '2020-02-12 13:09:06'),
(1, '0.05', 233, '2020-02-12 13:09:06'),
(3, '0.00', 232, '2020-02-12 13:09:06'),
(4, '0.00', 229, '2020-02-12 13:09:06'),
(2, '0.18', 228, '2020-02-12 13:09:08'),
(1, '0.04', 234, '2020-02-12 13:09:08'),
(3, '0.00', 232, '2020-02-12 13:09:08'),
(4, '0.00', 229, '2020-02-12 13:09:08'),
(2, '0.17', 229, '2020-02-12 13:09:10'),
(1, '0.05', 232, '2020-02-12 13:09:10'),
(3, '0.00', 230, '2020-02-12 13:09:10'),
(4, '0.00', 231, '2020-02-12 13:09:10'),
(2, '0.18', 220, '2020-02-12 13:09:12'),
(1, '0.05', 234, '2020-02-12 13:09:12'),
(3, '0.00', 229, '2020-02-12 13:09:12'),
(4, '0.00', 235, '2020-02-12 13:09:12'),
(2, '0.17', 228, '2020-02-12 13:09:14'),
(1, '0.05', 232, '2020-02-12 13:09:14'),
(3, '0.00', 229, '2020-02-12 13:09:14'),
(4, '0.00', 232, '2020-02-12 13:09:14'),
(2, '0.18', 231, '2020-02-12 13:09:16'),
(1, '0.05', 230, '2020-02-12 13:09:16'),
(3, '0.00', 228, '2020-02-12 13:09:16'),
(4, '0.00', 231, '2020-02-12 13:09:16'),
(2, '0.18', 226, '2020-02-12 13:09:18'),
(1, '0.05', 232, '2020-02-12 13:09:18'),
(3, '0.00', 225, '2020-02-12 13:09:18'),
(4, '0.00', 232, '2020-02-12 13:09:18'),
(2, '0.10', 235, '2020-02-12 13:09:20'),
(1, '0.05', 228, '2020-02-12 13:09:20'),
(3, '0.00', 227, '2020-02-12 13:09:20'),
(4, '0.00', 229, '2020-02-12 13:09:20'),
(2, '0.18', 227, '2020-02-12 13:09:22'),
(1, '0.04', 231, '2020-02-12 13:09:22'),
(3, '0.09', 232, '2020-02-12 13:09:22'),
(4, '0.00', 227, '2020-02-12 13:09:22'),
(2, '0.18', 230, '2020-02-12 13:09:24'),
(1, '0.05', 230, '2020-02-12 13:09:24'),
(3, '0.10', 226, '2020-02-12 13:09:24'),
(4, '0.00', 232, '2020-02-12 13:09:24'),
(2, '0.17', 227, '2020-02-12 13:09:26'),
(1, '0.05', 232, '2020-02-12 13:09:26'),
(3, '0.00', 231, '2020-02-12 13:09:26'),
(4, '0.00', 229, '2020-02-12 13:09:26'),
(2, '0.18', 230, '2020-02-12 13:09:28'),
(1, '0.05', 231, '2020-02-12 13:09:28'),
(3, '0.00', 229, '2020-02-12 13:09:28'),
(4, '0.00', 232, '2020-02-12 13:09:28'),
(2, '0.18', 234, '2020-02-12 13:09:30'),
(1, '0.05', 232, '2020-02-12 13:09:30'),
(3, '0.00', 233, '2020-02-12 13:09:30'),
(4, '0.00', 225, '2020-02-12 13:09:30'),
(2, '0.18', 227, '2020-02-12 13:09:32'),
(1, '0.05', 232, '2020-02-12 13:09:32'),
(3, '0.00', 231, '2020-02-12 13:09:32'),
(4, '0.00', 231, '2020-02-12 13:09:32'),
(2, '0.18', 228, '2020-02-12 13:09:34'),
(1, '0.05', 232, '2020-02-12 13:09:34'),
(3, '0.00', 231, '2020-02-12 13:09:34'),
(4, '0.00', 230, '2020-02-12 13:09:34'),
(2, '0.16', 229, '2020-02-12 13:09:36'),
(1, '0.05', 232, '2020-02-12 13:09:36'),
(3, '0.00', 229, '2020-02-12 13:09:36'),
(4, '0.00', 230, '2020-02-12 13:09:36'),
(2, '0.18', 223, '2020-02-12 13:09:38'),
(1, '0.05', 234, '2020-02-12 13:09:38'),
(3, '0.00', 232, '2020-02-12 13:09:38'),
(4, '0.00', 232, '2020-02-12 13:09:38'),
(2, '0.11', 236, '2020-02-12 13:09:40'),
(1, '0.05', 230, '2020-02-12 13:09:40'),
(3, '0.00', 227, '2020-02-12 13:09:40'),
(4, '0.00', 228, '2020-02-12 13:09:40'),
(2, '0.18', 226, '2020-02-12 13:09:41'),
(1, '0.05', 234, '2020-02-12 13:09:42'),
(3, '0.00', 231, '2020-02-12 13:09:42'),
(4, '0.00', 230, '2020-02-12 13:09:42'),
(2, '0.17', 228, '2020-02-12 13:09:43'),
(1, '0.05', 231, '2020-02-12 13:09:43'),
(3, '0.00', 228, '2020-02-12 13:09:44'),
(4, '0.00', 232, '2020-02-12 13:09:44'),
(2, '0.00', 227, '2020-02-12 13:09:45'),
(1, '0.05', 233, '2020-02-12 13:09:46'),
(3, '0.00', 231, '2020-02-12 13:09:46'),
(4, '0.00', 229, '2020-02-12 13:09:46'),
(2, '0.00', 227, '2020-02-12 13:09:47'),
(1, '0.05', 232, '2020-02-12 13:09:48'),
(3, '0.00', 233, '2020-02-12 13:09:48'),
(4, '0.00', 228, '2020-02-12 13:09:48'),
(2, '0.00', 225, '2020-02-12 13:09:49'),
(1, '0.00', 229, '2020-02-12 13:09:50'),
(3, '0.00', 224, '2020-02-12 13:09:50'),
(4, '0.00', 235, '2020-02-12 13:09:50'),
(2, '0.00', 231, '2020-02-12 13:09:51'),
(1, '0.00', 228, '2020-02-12 13:09:52'),
(3, '0.00', 222, '2020-02-12 13:09:52'),
(4, '0.00', 234, '2020-02-12 13:09:52'),
(2, '0.00', 227, '2020-02-12 13:09:53'),
(1, '0.00', 232, '2020-02-12 13:09:53'),
(3, '0.00', 228, '2020-02-12 13:09:54'),
(4, '0.00', 231, '2020-02-12 13:09:54'),
(2, '0.00', 228, '2020-02-12 13:09:55'),
(1, '0.00', 231, '2020-02-12 13:09:55'),
(3, '0.00', 226, '2020-02-12 13:09:55'),
(4, '0.00', 232, '2020-02-12 13:09:55'),
(2, '0.00', 226, '2020-02-12 13:09:57'),
(1, '0.00', 235, '2020-02-12 13:09:57'),
(3, '0.00', 236, '2020-02-12 13:09:57'),
(4, '0.00', 227, '2020-02-12 13:09:57'),
(2, '0.00', 234, '2020-02-12 13:09:59'),
(1, '0.00', 229, '2020-02-12 13:09:59'),
(3, '0.00', 227, '2020-02-12 13:09:59'),
(4, '0.00', 229, '2020-02-12 13:09:59'),
(2, '0.00', 229, '2020-02-12 13:10:01'),
(1, '0.00', 233, '2020-02-12 13:10:01'),
(3, '0.00', 229, '2020-02-12 13:10:01'),
(4, '0.00', 230, '2020-02-12 13:10:01'),
(2, '0.00', 227, '2020-02-12 13:10:03'),
(1, '0.00', 233, '2020-02-12 13:10:03'),
(3, '0.00', 231, '2020-02-12 13:10:03'),
(4, '0.00', 229, '2020-02-12 13:10:03'),
(2, '0.00', 230, '2020-02-12 13:10:05'),
(1, '0.00', 233, '2020-02-12 13:10:05'),
(3, '0.00', 235, '2020-02-12 13:10:05'),
(4, '0.00', 226, '2020-02-12 13:10:05'),
(2, '0.00', 229, '2020-02-12 13:10:07'),
(1, '0.00', 231, '2020-02-12 13:10:07'),
(3, '0.00', 227, '2020-02-12 13:10:07'),
(4, '0.00', 230, '2020-02-12 13:10:07'),
(2, '0.00', 227, '2020-02-12 13:10:09'),
(1, '0.00', 232, '2020-02-12 13:10:09'),
(3, '0.00', 231, '2020-02-12 13:10:09'),
(4, '0.00', 229, '2020-02-12 13:10:09'),
(2, '0.00', 227, '2020-02-12 13:10:11'),
(1, '0.00', 235, '2020-02-12 13:10:11'),
(3, '0.00', 232, '2020-02-12 13:10:11'),
(4, '0.00', 229, '2020-02-12 13:10:11'),
(2, '0.00', 228, '2020-02-12 13:10:13'),
(1, '0.00', 231, '2020-02-12 13:10:13'),
(3, '0.00', 229, '2020-02-12 13:10:13'),
(4, '0.00', 231, '2020-02-12 13:10:13'),
(2, '0.00', 227, '2020-02-12 13:10:15'),
(1, '0.00', 232, '2020-02-12 13:10:15'),
(3, '0.00', 231, '2020-02-12 13:10:15'),
(4, '0.00', 229, '2020-02-12 13:10:15'),
(2, '0.00', 229, '2020-02-12 13:10:17'),
(1, '0.00', 232, '2020-02-12 13:10:17'),
(3, '0.00', 230, '2020-02-12 13:10:17'),
(4, '0.00', 231, '2020-02-12 13:10:17'),
(2, '0.00', 232, '2020-02-12 13:10:19'),
(1, '0.00', 230, '2020-02-12 13:10:19'),
(3, '0.00', 228, '2020-02-12 13:10:19'),
(4, '0.00', 231, '2020-02-12 13:10:19'),
(2, '0.00', 229, '2020-02-12 13:10:20'),
(1, '0.00', 231, '2020-02-12 13:10:20'),
(3, '0.00', 229, '2020-02-12 13:10:20'),
(4, '0.00', 230, '2020-02-12 13:10:20'),
(2, '0.00', 225, '2020-02-12 13:10:22'),
(1, '0.00', 232, '2020-02-12 13:10:22'),
(3, '0.00', 229, '2020-02-12 13:10:22'),
(4, '0.00', 231, '2020-02-12 13:10:22'),
(2, '0.00', 229, '2020-02-12 13:10:24'),
(1, '0.00', 232, '2020-02-12 13:10:24'),
(3, '0.00', 228, '2020-02-12 13:10:24'),
(4, '0.00', 230, '2020-02-12 13:10:24'),
(2, '0.00', 229, '2020-02-12 13:10:26'),
(1, '0.00', 232, '2020-02-12 13:10:26'),
(3, '0.00', 228, '2020-02-12 13:10:26'),
(4, '0.00', 231, '2020-02-12 13:10:26'),
(2, '0.00', 227, '2020-02-12 13:10:28'),
(1, '0.00', 232, '2020-02-12 13:10:28'),
(3, '0.00', 228, '2020-02-12 13:10:28'),
(4, '0.00', 232, '2020-02-12 13:10:28'),
(2, '0.00', 229, '2020-02-12 13:10:30'),
(1, '0.00', 231, '2020-02-12 13:10:30'),
(3, '0.00', 229, '2020-02-12 13:10:30'),
(4, '0.00', 231, '2020-02-12 13:10:30'),
(2, '0.00', 226, '2020-02-12 13:10:32'),
(1, '0.00', 233, '2020-02-12 13:10:32'),
(3, '0.00', 230, '2020-02-12 13:10:32'),
(4, '0.00', 231, '2020-02-12 13:10:32'),
(2, '0.00', 229, '2020-02-12 13:10:34'),
(1, '0.00', 233, '2020-02-12 13:10:34'),
(3, '0.00', 230, '2020-02-12 13:10:34'),
(4, '0.00', 230, '2020-02-12 13:10:34'),
(2, '0.00', 231, '2020-02-12 13:10:35'),
(1, '0.00', 230, '2020-02-12 13:10:36'),
(3, '0.00', 229, '2020-02-12 13:10:36'),
(4, '0.00', 230, '2020-02-12 13:10:36'),
(2, '0.00', 229, '2020-02-12 13:10:37'),
(1, '0.00', 231, '2020-02-12 13:10:37'),
(3, '0.00', 230, '2020-02-12 13:10:37'),
(4, '0.00', 230, '2020-02-12 13:10:37'),
(2, '0.00', 230, '2020-02-12 13:10:39'),
(1, '0.00', 231, '2020-02-12 13:10:39'),
(3, '0.00', 231, '2020-02-12 13:10:39'),
(4, '0.00', 229, '2020-02-12 13:10:40'),
(2, '0.00', 229, '2020-02-12 13:10:41'),
(1, '0.00', 232, '2020-02-12 13:10:41'),
(3, '0.00', 229, '2020-02-12 13:10:41'),
(4, '0.00', 230, '2020-02-12 13:10:42'),
(2, '0.00', 229, '2020-02-12 13:10:43'),
(1, '0.00', 231, '2020-02-12 13:10:43'),
(3, '0.00', 229, '2020-02-12 13:10:43'),
(4, '0.00', 231, '2020-02-12 13:10:43'),
(2, '0.00', 230, '2020-02-12 13:10:45'),
(1, '0.00', 230, '2020-02-12 13:10:45'),
(3, '0.00', 228, '2020-02-12 13:10:45'),
(4, '0.00', 230, '2020-02-12 13:10:45'),
(2, '0.00', 228, '2020-02-12 13:10:47'),
(1, '0.00', 233, '2020-02-12 13:10:47'),
(3, '0.00', 229, '2020-02-12 13:10:47'),
(4, '0.00', 230, '2020-02-12 13:10:47'),
(2, '0.00', 229, '2020-02-12 13:10:49'),
(1, '0.00', 233, '2020-02-12 13:10:49'),
(3, '0.00', 229, '2020-02-12 13:10:49'),
(4, '0.00', 231, '2020-02-12 13:10:49'),
(2, '0.00', 229, '2020-02-12 13:10:51'),
(1, '0.00', 232, '2020-02-12 13:10:51'),
(3, '0.00', 229, '2020-02-12 13:10:51'),
(4, '0.00', 231, '2020-02-12 13:10:51'),
(2, '0.00', 227, '2020-02-12 13:10:53'),
(1, '0.00', 233, '2020-02-12 13:10:53'),
(3, '0.00', 230, '2020-02-12 13:10:53'),
(4, '0.00', 230, '2020-02-12 13:10:53'),
(2, '0.00', 229, '2020-02-12 13:10:55'),
(1, '0.00', 233, '2020-02-12 13:10:55'),
(3, '0.00', 228, '2020-02-12 13:10:55'),
(4, '0.00', 232, '2020-02-12 13:10:55'),
(2, '0.00', 229, '2020-02-12 13:10:57'),
(1, '0.00', 232, '2020-02-12 13:10:57'),
(3, '0.00', 227, '2020-02-12 13:10:57'),
(4, '0.00', 232, '2020-02-12 13:10:57'),
(2, '0.00', 231, '2020-02-12 13:10:58'),
(1, '0.00', 229, '2020-02-12 13:10:59'),
(3, '0.00', 227, '2020-02-12 13:10:59'),
(4, '0.00', 232, '2020-02-12 13:10:59'),
(2, '0.00', 231, '2020-02-12 13:11:00'),
(1, '0.00', 231, '2020-02-12 13:11:00'),
(3, '0.00', 231, '2020-02-12 13:11:00'),
(4, '0.00', 230, '2020-02-12 13:11:00'),
(2, '0.00', 228, '2020-02-12 13:11:02'),
(1, '0.00', 232, '2020-02-12 13:11:02'),
(3, '0.00', 228, '2020-02-12 13:11:02'),
(4, '0.00', 231, '2020-02-12 13:11:02'),
(2, '0.00', 227, '2020-02-12 13:11:04'),
(1, '0.00', 233, '2020-02-12 13:11:04'),
(3, '0.00', 230, '2020-02-12 13:11:04'),
(4, '0.00', 231, '2020-02-12 13:11:04'),
(2, '0.00', 229, '2020-02-12 13:11:06'),
(1, '0.00', 231, '2020-02-12 13:11:06'),
(3, '0.00', 228, '2020-02-12 13:11:06'),
(4, '0.00', 232, '2020-02-12 13:11:06'),
(2, '0.00', 227, '2020-02-12 13:11:08'),
(1, '0.00', 232, '2020-02-12 13:11:08'),
(3, '0.00', 230, '2020-02-12 13:11:08'),
(4, '0.00', 230, '2020-02-12 13:11:08'),
(2, '0.00', 229, '2020-02-12 13:11:10'),
(1, '0.00', 232, '2020-02-12 13:11:10'),
(3, '0.00', 229, '2020-02-12 13:11:10'),
(4, '0.00', 231, '2020-02-12 13:11:10'),
(2, '0.00', 227, '2020-02-12 13:11:12'),
(1, '0.00', 234, '2020-02-12 13:11:12'),
(3, '0.00', 231, '2020-02-12 13:11:12'),
(4, '0.00', 228, '2020-02-12 13:11:12'),
(2, '0.00', 228, '2020-02-12 13:11:14'),
(1, '0.00', 232, '2020-02-12 13:11:14'),
(3, '0.00', 227, '2020-02-12 13:11:14'),
(4, '0.00', 233, '2020-02-12 13:11:14'),
(2, '0.00', 228, '2020-02-12 13:11:16'),
(1, '0.00', 231, '2020-02-12 13:11:16'),
(3, '0.00', 227, '2020-02-12 13:11:16'),
(4, '0.00', 232, '2020-02-12 13:11:16'),
(2, '0.00', 229, '2020-02-12 13:11:17'),
(1, '0.00', 231, '2020-02-12 13:11:17'),
(3, '0.00', 228, '2020-02-12 13:11:17'),
(4, '0.00', 232, '2020-02-12 13:11:17'),
(2, '0.00', 232, '2020-02-12 13:11:19'),
(1, '0.00', 231, '2020-02-12 13:11:19'),
(3, '0.00', 234, '2020-02-12 13:11:19'),
(4, '0.00', 225, '2020-02-12 13:11:19'),
(2, '0.00', 229, '2020-02-12 13:11:21'),
(1, '0.00', 230, '2020-02-12 13:11:21'),
(3, '0.00', 226, '2020-02-12 13:11:21'),
(4, '0.00', 232, '2020-02-12 13:11:21'),
(2, '0.00', 223, '2020-02-12 13:11:23'),
(1, '0.00', 234, '2020-02-12 13:11:23'),
(3, '0.00', 229, '2020-02-12 13:11:23'),
(4, '0.00', 231, '2020-02-12 13:11:23'),
(2, '0.00', 230, '2020-02-12 13:11:25'),
(1, '0.00', 232, '2020-02-12 13:11:25'),
(3, '0.00', 229, '2020-02-12 13:11:25'),
(4, '0.00', 231, '2020-02-12 13:11:25'),
(2, '0.00', 226, '2020-02-12 13:11:27'),
(1, '0.00', 232, '2020-02-12 13:11:27'),
(3, '0.00', 228, '2020-02-12 13:11:27'),
(4, '0.00', 232, '2020-02-12 13:11:27'),
(2, '0.00', 231, '2020-02-12 13:11:29'),
(1, '0.00', 230, '2020-02-12 13:11:29'),
(3, '0.00', 228, '2020-02-12 13:11:29'),
(4, '0.00', 232, '2020-02-12 13:11:29'),
(2, '0.00', 227, '2020-02-12 13:11:31'),
(1, '0.00', 232, '2020-02-12 13:11:31'),
(3, '0.00', 230, '2020-02-12 13:11:31'),
(4, '0.00', 230, '2020-02-12 13:11:31'),
(2, '0.00', 229, '2020-02-12 13:11:33'),
(1, '0.00', 233, '2020-02-12 13:11:33'),
(3, '0.00', 229, '2020-02-12 13:11:33'),
(4, '0.00', 230, '2020-02-12 13:11:33'),
(2, '0.00', 228, '2020-02-12 13:11:34'),
(1, '0.00', 231, '2020-02-12 13:11:35'),
(3, '0.00', 228, '2020-02-12 13:11:35'),
(4, '0.00', 231, '2020-02-12 13:11:35'),
(2, '0.00', 230, '2020-02-12 13:11:36'),
(1, '0.00', 231, '2020-02-12 13:11:36'),
(3, '0.00', 231, '2020-02-12 13:11:36'),
(4, '0.00', 229, '2020-02-12 13:11:36'),
(2, '0.00', 226, '2020-02-12 13:11:38');

-- --------------------------------------------------------

--
-- Table structure for table `tbl_schedules`
--

CREATE TABLE `tbl_schedules` (
  `scheduleID` int(11) NOT NULL,
  `scheduleDate` date DEFAULT NULL,
  `scheduleTime` time NOT NULL,
  `scheduleApplianceID` tinyint(1) NOT NULL,
  `scheduleAction` tinyint(1) NOT NULL,
  `scheduleRepeat` varchar(7) DEFAULT NULL,
  `isExecuted` tinyint(4) NOT NULL
) ENGINE=InnoDB DEFAULT CHARSET=latin1;

-- --------------------------------------------------------

--
-- Table structure for table `tbl_users`
--

CREATE TABLE `tbl_users` (
  `userID` int(2) NOT NULL,
  `userName` varchar(20) NOT NULL,
  `userPass` varchar(20) NOT NULL,
  `userProf` varchar(20) NOT NULL,
  `userType` tinyint(4) NOT NULL,
  `userFirstName` varchar(50) NOT NULL,
  `userLastName` varchar(50) NOT NULL,
  `userPhoneNumber` varchar(13) DEFAULT NULL
) ENGINE=InnoDB DEFAULT CHARSET=latin1;

--
-- Dumping data for table `tbl_users`
--

INSERT INTO `tbl_users` (`userID`, `userName`, `userPass`, `userProf`, `userType`, `userFirstName`, `userLastName`, `userPhoneNumber`) VALUES
(0, 'abay', 'abay', '', 0, 'Ian Joseph', 'Solon', '9956139395'),
(1, 'znarf', 'znarf', '', 1, 'Franz Dink', 'Catalan', '9999999999');

--
-- Indexes for dumped tables
--

--
-- Indexes for table `tbl_appliances`
--
ALTER TABLE `tbl_appliances`
  ADD PRIMARY KEY (`applianceID`),
  ADD UNIQUE KEY `UK_applianceName` (`applianceName`);

--
-- Indexes for table `tbl_logs`
--
ALTER TABLE `tbl_logs`
  ADD PRIMARY KEY (`logID`);

--
-- Indexes for table `tbl_schedules`
--
ALTER TABLE `tbl_schedules`
  ADD PRIMARY KEY (`scheduleID`),
  ADD KEY `FK_applianceID` (`scheduleApplianceID`);

--
-- Indexes for table `tbl_users`
--
ALTER TABLE `tbl_users`
  ADD PRIMARY KEY (`userID`);

--
-- AUTO_INCREMENT for dumped tables
--

--
-- AUTO_INCREMENT for table `tbl_appliances`
--
ALTER TABLE `tbl_appliances`
  MODIFY `applianceID` tinyint(1) NOT NULL AUTO_INCREMENT, AUTO_INCREMENT=6;
--
-- AUTO_INCREMENT for table `tbl_logs`
--
ALTER TABLE `tbl_logs`
  MODIFY `logID` int(100) NOT NULL AUTO_INCREMENT, AUTO_INCREMENT=17;
--
-- AUTO_INCREMENT for table `tbl_schedules`
--
ALTER TABLE `tbl_schedules`
  MODIFY `scheduleID` int(11) NOT NULL AUTO_INCREMENT, AUTO_INCREMENT=32;
--
-- AUTO_INCREMENT for table `tbl_users`
--
ALTER TABLE `tbl_users`
  MODIFY `userID` int(2) NOT NULL AUTO_INCREMENT, AUTO_INCREMENT=3;
--
-- Constraints for dumped tables
--

--
-- Constraints for table `tbl_schedules`
--
ALTER TABLE `tbl_schedules`
  ADD CONSTRAINT `FK_applianceID` FOREIGN KEY (`scheduleApplianceID`) REFERENCES `tbl_appliances` (`applianceID`);

/*!40101 SET CHARACTER_SET_CLIENT=@OLD_CHARACTER_SET_CLIENT */;
/*!40101 SET CHARACTER_SET_RESULTS=@OLD_CHARACTER_SET_RESULTS */;
/*!40101 SET COLLATION_CONNECTION=@OLD_COLLATION_CONNECTION */;
