-- phpMyAdmin SQL Dump
-- version 4.9.2
-- https://www.phpmyadmin.net/
--
-- Host: 127.0.0.1
-- Generation Time: Feb 16, 2020 at 11:56 AM
-- Server version: 10.4.10-MariaDB
-- PHP Version: 7.3.12

SET SQL_MODE = "NO_AUTO_VALUE_ON_ZERO";
SET AUTOCOMMIT = 0;
START TRANSACTION;
SET time_zone = "+00:00";


/*!40101 SET @OLD_CHARACTER_SET_CLIENT=@@CHARACTER_SET_CLIENT */;
/*!40101 SET @OLD_CHARACTER_SET_RESULTS=@@CHARACTER_SET_RESULTS */;
/*!40101 SET @OLD_COLLATION_CONNECTION=@@COLLATION_CONNECTION */;
/*!40101 SET NAMES utf8mb4 */;

--
-- Database: `homeautomation`
--

-- --------------------------------------------------------

--
-- Table structure for table `tbl_appliances`
--

CREATE TABLE `tbl_appliances` (
  `applianceID` tinyint(1) NOT NULL,
  `applianceName` varchar(20) DEFAULT NULL,
  `applianceRating` decimal(6,2) DEFAULT NULL,
  `applianceStatus` tinyint(1) NOT NULL,
  `applianceOutputPin` smallint(2) NOT NULL,
  `applianceInputPin` tinyint(4) NOT NULL,
  `UCL` smallint(5) DEFAULT NULL,
  `LCL` smallint(5) DEFAULT NULL
) ENGINE=InnoDB DEFAULT CHARSET=latin1;

--
-- Dumping data for table `tbl_appliances`
--

INSERT INTO `tbl_appliances` (`applianceID`, `applianceName`, `applianceRating`, `applianceStatus`, `applianceOutputPin`, `applianceInputPin`, `UCL`, `LCL`) VALUES
(1, 'Lights', '185.20', 1, 40, 37, 245, 125),
(2, NULL, NULL, 0, 38, 35, NULL, NULL),
(3, NULL, '0.00', 0, 36, 33, NULL, NULL),
(4, NULL, '0.00', 0, 32, 31, NULL, NULL);

-- --------------------------------------------------------

--
-- Table structure for table `tbl_logs`
--

CREATE TABLE `tbl_logs` (
  `logID` int(100) NOT NULL,
  `logDateTime` datetime NOT NULL,
  `logAppliance` varchar(20) NOT NULL,
  `logAction` tinyint(1) NOT NULL,
  `logVia` tinyint(1) NOT NULL,
  `logUser` smallint(5) NOT NULL
) ENGINE=InnoDB DEFAULT CHARSET=latin1;

--
-- Dumping data for table `tbl_logs`
--

INSERT INTO `tbl_logs` (`logID`, `logDateTime`, `logAppliance`, `logAction`, `logVia`, `logUser`) VALUES
(1, '2020-02-14 09:17:48', 'Lights', 2, 0, 0),
(2, '2020-02-14 09:17:59', 'Lights', 3, 0, 0),
(3, '2020-02-14 09:20:10', 'Lights', 2, 0, 0),
(4, '2020-02-14 09:25:03', 'Lights', 3, 0, 0),
(5, '2020-02-14 09:25:04', 'Lights', 1, 0, 0);

-- --------------------------------------------------------

--
-- Table structure for table `tbl_notifications`
--

CREATE TABLE `tbl_notifications` (
  `notifID` int(11) NOT NULL,
  `notifMessage` varchar(50) NOT NULL,
  `notifText` text NOT NULL,
  `notifDateTime` datetime NOT NULL
) ENGINE=InnoDB DEFAULT CHARSET=utf8mb4;

--
-- Dumping data for table `tbl_notifications`
--

INSERT INTO `tbl_notifications` (`notifID`, `notifMessage`, `notifText`, `notifDateTime`) VALUES
(1, 'Notif1', 'wqeqw', '2020-02-15 23:05:00'),
(2, 'Notif2', 'pagod na imong kanon giluto', '2020-02-16 13:00:00'),
(3, 'Way Bugas', 'wala nay bugas nahibilin', '2020-02-16 03:00:00'),
(4, 'Way Sud-an', 'walay sud-an dri gutom na kaayo', '2020-02-16 11:00:00');

-- --------------------------------------------------------

--
-- Table structure for table `tbl_notification_status`
--

CREATE TABLE `tbl_notification_status` (
  `notifUserID` tinyint(1) NOT NULL,
  `notifID` int(11) NOT NULL,
  `notifStatus` tinyint(1) NOT NULL
) ENGINE=InnoDB DEFAULT CHARSET=utf8mb4;

-- --------------------------------------------------------

--
-- Table structure for table `tbl_readings`
--

CREATE TABLE `tbl_readings` (
  `applianceID` tinyint(1) NOT NULL,
  `rCurrent` decimal(4,2) NOT NULL,
  `rVoltage` smallint(3) NOT NULL,
  `rDateTime` datetime NOT NULL
) ENGINE=InnoDB DEFAULT CHARSET=utf8mb4;

--
-- Dumping data for table `tbl_readings`
--

INSERT INTO `tbl_readings` (`applianceID`, `rCurrent`, `rVoltage`, `rDateTime`) VALUES
(1, '10.00', 19, '2020-02-14 12:18:09'),
(2, '0.00', 0, '2020-02-14 12:18:09'),
(3, '3.00', 7, '2020-02-14 12:18:09'),
(4, '1.00', 3, '2020-02-14 12:18:09'),
(1, '10.00', 20, '2020-02-14 12:18:11'),
(2, '0.00', 0, '2020-02-14 12:18:11'),
(3, '4.00', 8, '2020-02-14 12:18:11'),
(4, '3.00', 1, '2020-02-14 12:18:11'),
(1, '9.00', 20, '2020-02-14 12:18:13'),
(2, '0.00', 0, '2020-02-14 12:18:13'),
(3, '5.00', 6, '2020-02-14 12:18:13'),
(4, '2.00', 2, '2020-02-14 12:18:13'),
(1, '10.00', 19, '2020-02-14 12:18:15'),
(2, '0.00', 0, '2020-02-14 12:18:15'),
(3, '4.00', 6, '2020-02-14 12:18:15'),
(4, '2.00', 1, '2020-02-14 12:18:15'),
(1, '10.00', 19, '2020-02-14 12:18:18'),
(2, '0.00', 0, '2020-02-14 12:18:18'),
(3, '3.00', 7, '2020-02-14 12:18:18'),
(4, '3.00', 2, '2020-02-14 12:18:18'),
(1, '9.00', 20, '2020-02-14 12:18:20'),
(2, '0.00', 0, '2020-02-14 12:18:20'),
(3, '4.00', 7, '2020-02-14 12:18:20'),
(4, '1.00', 1, '2020-02-14 12:18:20'),
(1, '10.00', 20, '2020-02-14 12:18:22'),
(2, '0.00', 0, '2020-02-14 12:18:22'),
(3, '3.00', 7, '2020-02-14 12:18:22'),
(4, '3.00', 3, '2020-02-14 12:18:22'),
(1, '10.00', 20, '2020-02-14 12:18:25'),
(2, '0.00', 0, '2020-02-14 12:18:25'),
(3, '4.00', 7, '2020-02-14 12:18:25'),
(4, '3.00', 2, '2020-02-14 12:18:25'),
(1, '9.00', 20, '2020-02-14 12:18:27'),
(2, '0.00', 0, '2020-02-14 12:18:27'),
(3, '5.00', 7, '2020-02-14 12:18:27'),
(4, '3.00', 3, '2020-02-14 12:18:27'),
(1, '10.00', 19, '2020-02-14 12:18:29'),
(2, '0.00', 0, '2020-02-14 12:18:29'),
(3, '3.00', 7, '2020-02-14 12:18:29'),
(4, '3.00', 1, '2020-02-14 12:18:29'),
(1, '10.00', 19, '2020-02-14 12:18:31'),
(2, '0.00', 0, '2020-02-14 12:18:31'),
(3, '5.00', 6, '2020-02-14 12:18:31'),
(4, '3.00', 2, '2020-02-14 12:18:31'),
(1, '10.00', 20, '2020-02-14 12:18:34'),
(2, '0.00', 0, '2020-02-14 12:18:34'),
(3, '4.00', 7, '2020-02-14 12:18:34'),
(4, '1.00', 2, '2020-02-14 12:18:34'),
(1, '9.00', 20, '2020-02-14 12:18:36'),
(2, '0.00', 0, '2020-02-14 12:18:36'),
(3, '5.00', 6, '2020-02-14 12:18:36'),
(4, '1.00', 3, '2020-02-14 12:18:36'),
(1, '10.00', 20, '2020-02-14 12:18:38'),
(2, '0.00', 0, '2020-02-14 12:18:38'),
(3, '4.00', 8, '2020-02-14 12:18:38'),
(4, '1.00', 3, '2020-02-14 12:18:38'),
(1, '9.00', 19, '2020-02-14 12:18:41'),
(2, '0.00', 0, '2020-02-14 12:18:41'),
(3, '5.00', 7, '2020-02-14 12:18:41'),
(4, '2.00', 1, '2020-02-14 12:18:41'),
(1, '9.00', 19, '2020-02-14 12:18:43'),
(2, '0.00', 0, '2020-02-14 12:18:43'),
(3, '3.00', 6, '2020-02-14 12:18:43'),
(4, '3.00', 1, '2020-02-14 12:18:43'),
(1, '9.00', 19, '2020-02-14 12:18:45'),
(2, '0.00', 0, '2020-02-14 12:18:45'),
(3, '5.00', 8, '2020-02-14 12:18:45'),
(4, '1.00', 3, '2020-02-14 12:18:45'),
(1, '10.00', 20, '2020-02-14 12:18:47'),
(2, '0.00', 0, '2020-02-14 12:18:47'),
(3, '3.00', 8, '2020-02-14 12:18:47'),
(4, '3.00', 1, '2020-02-14 12:18:47'),
(1, '10.00', 20, '2020-02-14 12:18:50'),
(2, '0.00', 0, '2020-02-14 12:18:50'),
(3, '3.00', 7, '2020-02-14 12:18:50'),
(4, '3.00', 1, '2020-02-14 12:18:50'),
(1, '9.00', 19, '2020-02-14 12:18:52'),
(2, '0.00', 0, '2020-02-14 12:18:52'),
(3, '3.00', 8, '2020-02-14 12:18:52'),
(4, '3.00', 2, '2020-02-14 12:18:52'),
(1, '10.00', 20, '2020-02-14 12:18:54'),
(2, '0.00', 0, '2020-02-14 12:18:54'),
(3, '3.00', 8, '2020-02-14 12:18:54'),
(4, '2.00', 1, '2020-02-14 12:18:54'),
(1, '10.00', 19, '2020-02-14 12:18:56'),
(2, '0.00', 0, '2020-02-14 12:18:56'),
(3, '5.00', 6, '2020-02-14 12:18:56'),
(4, '3.00', 2, '2020-02-14 12:18:56'),
(1, '10.00', 19, '2020-02-14 12:18:59'),
(2, '0.00', 0, '2020-02-14 12:18:59'),
(3, '5.00', 6, '2020-02-14 12:18:59'),
(4, '1.00', 1, '2020-02-14 12:18:59'),
(1, '9.00', 20, '2020-02-14 12:19:01'),
(2, '0.00', 0, '2020-02-14 12:19:01'),
(3, '5.00', 8, '2020-02-14 12:19:01'),
(4, '2.00', 2, '2020-02-14 12:19:01'),
(1, '9.00', 20, '2020-02-14 12:19:03'),
(2, '0.00', 0, '2020-02-14 12:19:03'),
(3, '3.00', 6, '2020-02-14 12:19:03'),
(4, '1.00', 1, '2020-02-14 12:19:03'),
(1, '10.00', 20, '2020-02-14 12:19:05'),
(2, '0.00', 0, '2020-02-14 12:19:05'),
(3, '3.00', 7, '2020-02-14 12:19:05'),
(4, '3.00', 3, '2020-02-14 12:19:05'),
(1, '9.00', 19, '2020-02-14 12:19:08'),
(2, '0.00', 0, '2020-02-14 12:19:08'),
(3, '4.00', 8, '2020-02-14 12:19:08'),
(4, '3.00', 3, '2020-02-14 12:19:08'),
(1, '10.00', 20, '2020-02-14 12:19:10'),
(2, '0.00', 0, '2020-02-14 12:19:10'),
(3, '3.00', 6, '2020-02-14 12:19:10'),
(4, '2.00', 1, '2020-02-14 12:19:10'),
(1, '9.00', 20, '2020-02-14 12:19:12'),
(2, '0.00', 0, '2020-02-14 12:19:12'),
(3, '5.00', 7, '2020-02-14 12:19:12'),
(4, '3.00', 1, '2020-02-14 12:19:12'),
(1, '9.00', 19, '2020-02-14 12:19:15'),
(2, '0.00', 0, '2020-02-14 12:19:15'),
(3, '5.00', 7, '2020-02-14 12:19:15'),
(4, '1.00', 1, '2020-02-14 12:19:15'),
(1, '9.00', 20, '2020-02-14 12:19:17'),
(2, '0.00', 0, '2020-02-14 12:19:17'),
(3, '4.00', 6, '2020-02-14 12:19:17'),
(4, '2.00', 3, '2020-02-14 12:19:17'),
(1, '9.00', 20, '2020-02-14 12:19:19'),
(2, '0.00', 0, '2020-02-14 12:19:19'),
(3, '5.00', 6, '2020-02-14 12:19:19'),
(4, '1.00', 1, '2020-02-14 12:19:19'),
(1, '10.00', 19, '2020-02-14 12:19:21'),
(2, '0.00', 0, '2020-02-14 12:19:21'),
(3, '5.00', 7, '2020-02-14 12:19:21'),
(4, '2.00', 1, '2020-02-14 12:19:21'),
(1, '9.00', 19, '2020-02-14 12:19:24'),
(2, '0.00', 0, '2020-02-14 12:19:24'),
(3, '4.00', 6, '2020-02-14 12:19:24'),
(4, '3.00', 1, '2020-02-14 12:19:24'),
(1, '10.00', 19, '2020-02-14 12:19:26'),
(2, '0.00', 0, '2020-02-14 12:19:26'),
(3, '4.00', 6, '2020-02-14 12:19:26'),
(4, '2.00', 1, '2020-02-14 12:19:26'),
(1, '10.00', 19, '2020-02-14 12:19:28'),
(2, '0.00', 0, '2020-02-14 12:19:28'),
(3, '4.00', 7, '2020-02-14 12:19:28'),
(4, '1.00', 3, '2020-02-14 12:19:28'),
(1, '9.00', 19, '2020-02-14 12:19:30'),
(2, '0.00', 0, '2020-02-14 12:19:30'),
(3, '3.00', 6, '2020-02-14 12:19:30'),
(4, '1.00', 3, '2020-02-14 12:19:30'),
(1, '10.00', 20, '2020-02-14 12:19:33'),
(2, '0.00', 0, '2020-02-14 12:19:33'),
(3, '4.00', 8, '2020-02-14 12:19:33'),
(4, '1.00', 3, '2020-02-14 12:19:33'),
(1, '10.00', 20, '2020-02-14 12:19:35'),
(2, '0.00', 0, '2020-02-14 12:19:35'),
(3, '4.00', 8, '2020-02-14 12:19:35'),
(4, '1.00', 1, '2020-02-14 12:19:35'),
(1, '10.00', 20, '2020-02-14 12:19:37'),
(2, '0.00', 0, '2020-02-14 12:19:37'),
(3, '5.00', 7, '2020-02-14 12:19:37'),
(4, '3.00', 1, '2020-02-14 12:19:37'),
(1, '10.00', 19, '2020-02-14 12:19:40'),
(2, '0.00', 0, '2020-02-14 12:19:40'),
(3, '5.00', 8, '2020-02-14 12:19:40'),
(4, '2.00', 1, '2020-02-14 12:19:40'),
(1, '10.00', 20, '2020-02-14 12:19:42'),
(2, '0.00', 0, '2020-02-14 12:19:42'),
(3, '4.00', 7, '2020-02-14 12:19:42'),
(4, '1.00', 1, '2020-02-14 12:19:42'),
(1, '9.00', 20, '2020-02-14 12:19:44'),
(2, '0.00', 0, '2020-02-14 12:19:44'),
(3, '4.00', 7, '2020-02-14 12:19:44'),
(4, '2.00', 3, '2020-02-14 12:19:44'),
(1, '9.00', 19, '2020-02-14 12:19:46'),
(2, '0.00', 0, '2020-02-14 12:19:46'),
(3, '3.00', 6, '2020-02-14 12:19:46'),
(4, '2.00', 2, '2020-02-14 12:19:46'),
(1, '9.00', 19, '2020-02-14 12:19:49'),
(2, '0.00', 0, '2020-02-14 12:19:49'),
(3, '4.00', 8, '2020-02-14 12:19:49'),
(4, '1.00', 3, '2020-02-14 12:19:49'),
(1, '9.00', 19, '2020-02-14 12:19:51'),
(2, '0.00', 0, '2020-02-14 12:19:51'),
(3, '3.00', 8, '2020-02-14 12:19:51'),
(4, '1.00', 3, '2020-02-14 12:19:51'),
(1, '9.00', 19, '2020-02-14 12:19:53'),
(2, '0.00', 0, '2020-02-14 12:19:53'),
(3, '4.00', 7, '2020-02-14 12:19:53'),
(4, '2.00', 2, '2020-02-14 12:19:53'),
(1, '9.00', 20, '2020-02-14 12:19:55'),
(2, '0.00', 0, '2020-02-14 12:19:55'),
(3, '3.00', 6, '2020-02-14 12:19:55'),
(4, '1.00', 3, '2020-02-14 12:19:55'),
(1, '9.00', 19, '2020-02-14 12:19:58'),
(2, '0.00', 0, '2020-02-14 12:19:58'),
(3, '5.00', 7, '2020-02-14 12:19:58'),
(4, '2.00', 1, '2020-02-14 12:19:58'),
(1, '9.00', 20, '2020-02-14 12:20:00'),
(2, '0.00', 0, '2020-02-14 12:20:00'),
(3, '4.00', 6, '2020-02-14 12:20:00'),
(4, '3.00', 3, '2020-02-14 12:20:00'),
(1, '10.00', 20, '2020-02-14 12:20:02'),
(2, '0.00', 0, '2020-02-14 12:20:02'),
(3, '4.00', 6, '2020-02-14 12:20:02'),
(4, '2.00', 3, '2020-02-14 12:20:02'),
(1, '9.00', 19, '2020-02-14 12:20:04'),
(2, '0.00', 0, '2020-02-14 12:20:04'),
(3, '3.00', 7, '2020-02-14 12:20:04'),
(4, '3.00', 1, '2020-02-14 12:20:04'),
(1, '10.00', 19, '2020-02-14 12:20:06'),
(2, '0.00', 0, '2020-02-14 12:20:06'),
(3, '3.00', 7, '2020-02-14 12:20:06'),
(4, '1.00', 2, '2020-02-14 12:20:06'),
(1, '10.00', 19, '2020-02-14 12:20:09'),
(2, '0.00', 0, '2020-02-14 12:20:09'),
(3, '3.00', 8, '2020-02-14 12:20:09'),
(4, '2.00', 1, '2020-02-14 12:20:09'),
(1, '9.00', 20, '2020-02-14 12:20:11'),
(2, '0.00', 0, '2020-02-14 12:20:11'),
(3, '4.00', 7, '2020-02-14 12:20:11'),
(4, '3.00', 2, '2020-02-14 12:20:11'),
(1, '10.00', 20, '2020-02-14 12:20:13'),
(2, '0.00', 0, '2020-02-14 12:20:13'),
(3, '3.00', 6, '2020-02-14 12:20:13'),
(4, '2.00', 3, '2020-02-14 12:20:13'),
(1, '9.00', 19, '2020-02-14 12:20:15'),
(2, '0.00', 0, '2020-02-14 12:20:15'),
(3, '4.00', 6, '2020-02-14 12:20:15'),
(4, '3.00', 1, '2020-02-14 12:20:15'),
(1, '9.00', 20, '2020-02-14 12:20:18'),
(2, '0.00', 0, '2020-02-14 12:20:18'),
(3, '5.00', 6, '2020-02-14 12:20:18'),
(4, '3.00', 2, '2020-02-14 12:20:18'),
(1, '10.00', 19, '2020-02-14 12:20:20'),
(2, '0.00', 0, '2020-02-14 12:20:20'),
(3, '3.00', 7, '2020-02-14 12:20:20'),
(4, '2.00', 3, '2020-02-14 12:20:20'),
(1, '10.00', 20, '2020-02-14 12:20:22'),
(2, '0.00', 0, '2020-02-14 12:20:22'),
(3, '3.00', 8, '2020-02-14 12:20:22'),
(4, '2.00', 3, '2020-02-14 12:20:22'),
(1, '10.00', 20, '2020-02-14 12:20:25'),
(2, '0.00', 0, '2020-02-14 12:20:25'),
(3, '5.00', 6, '2020-02-14 12:20:25'),
(4, '3.00', 3, '2020-02-14 12:20:25'),
(1, '9.00', 19, '2020-02-14 12:20:27'),
(2, '0.00', 0, '2020-02-14 12:20:27'),
(3, '4.00', 7, '2020-02-14 12:20:27'),
(4, '1.00', 1, '2020-02-14 12:20:27'),
(1, '9.00', 19, '2020-02-14 12:20:29'),
(2, '0.00', 0, '2020-02-14 12:20:29'),
(3, '4.00', 6, '2020-02-14 12:20:29'),
(4, '2.00', 1, '2020-02-14 12:20:29'),
(1, '9.00', 19, '2020-02-14 12:20:31'),
(2, '0.00', 0, '2020-02-14 12:20:31'),
(3, '5.00', 7, '2020-02-14 12:20:31'),
(4, '1.00', 2, '2020-02-14 12:20:31'),
(1, '9.00', 19, '2020-02-14 12:20:34'),
(2, '0.00', 0, '2020-02-14 12:20:34'),
(3, '3.00', 7, '2020-02-14 12:20:34'),
(4, '2.00', 1, '2020-02-14 12:20:34'),
(1, '10.00', 20, '2020-02-14 12:20:36'),
(2, '0.00', 0, '2020-02-14 12:20:36'),
(3, '5.00', 6, '2020-02-14 12:20:36'),
(4, '2.00', 2, '2020-02-14 12:20:36'),
(1, '9.00', 19, '2020-02-14 12:20:38'),
(2, '0.00', 0, '2020-02-14 12:20:38'),
(3, '3.00', 8, '2020-02-14 12:20:38'),
(4, '1.00', 1, '2020-02-14 12:20:38'),
(1, '10.00', 20, '2020-02-14 12:20:41'),
(2, '0.00', 0, '2020-02-14 12:20:41'),
(3, '5.00', 8, '2020-02-14 12:20:41'),
(4, '3.00', 1, '2020-02-14 12:20:41'),
(1, '9.00', 20, '2020-02-14 12:20:43'),
(2, '0.00', 0, '2020-02-14 12:20:43'),
(3, '3.00', 7, '2020-02-14 12:20:43'),
(4, '2.00', 2, '2020-02-14 12:20:43'),
(1, '9.00', 20, '2020-02-14 12:20:45'),
(2, '0.00', 0, '2020-02-14 12:20:45'),
(3, '3.00', 6, '2020-02-14 12:20:45'),
(4, '2.00', 1, '2020-02-14 12:20:45'),
(1, '10.00', 20, '2020-02-14 12:20:48'),
(2, '0.00', 0, '2020-02-14 12:20:48'),
(3, '5.00', 7, '2020-02-14 12:20:48'),
(4, '3.00', 2, '2020-02-14 12:20:48'),
(1, '10.00', 19, '2020-02-14 12:20:50'),
(2, '0.00', 0, '2020-02-14 12:20:50'),
(3, '5.00', 7, '2020-02-14 12:20:50'),
(4, '2.00', 3, '2020-02-14 12:20:50'),
(1, '9.00', 20, '2020-02-14 12:20:52'),
(2, '0.00', 0, '2020-02-14 12:20:52'),
(3, '3.00', 8, '2020-02-14 12:20:52'),
(4, '1.00', 1, '2020-02-14 12:20:52'),
(1, '10.00', 19, '2020-02-14 12:20:54'),
(2, '0.00', 0, '2020-02-14 12:20:54'),
(3, '3.00', 7, '2020-02-14 12:20:54'),
(4, '2.00', 1, '2020-02-14 12:20:54'),
(1, '9.00', 19, '2020-02-14 12:20:56'),
(2, '0.00', 0, '2020-02-14 12:20:56'),
(3, '4.00', 7, '2020-02-14 12:20:56'),
(4, '3.00', 2, '2020-02-14 12:20:56'),
(1, '9.00', 20, '2020-02-14 12:20:59'),
(2, '0.00', 0, '2020-02-14 12:20:59'),
(3, '3.00', 6, '2020-02-14 12:20:59'),
(4, '2.00', 1, '2020-02-14 12:20:59'),
(1, '9.00', 19, '2020-02-14 12:21:01'),
(2, '0.00', 0, '2020-02-14 12:21:01'),
(3, '4.00', 7, '2020-02-14 12:21:01'),
(4, '2.00', 1, '2020-02-14 12:21:01'),
(1, '10.00', 19, '2020-02-14 12:21:03'),
(2, '0.00', 0, '2020-02-14 12:21:03'),
(3, '5.00', 6, '2020-02-14 12:21:03'),
(4, '2.00', 2, '2020-02-14 12:21:03'),
(1, '10.00', 20, '2020-02-14 12:21:06'),
(2, '0.00', 0, '2020-02-14 12:21:06'),
(3, '4.00', 8, '2020-02-14 12:21:06'),
(4, '2.00', 3, '2020-02-14 12:21:06'),
(1, '9.00', 20, '2020-02-14 12:21:08'),
(2, '0.00', 0, '2020-02-14 12:21:08'),
(3, '5.00', 7, '2020-02-14 12:21:08'),
(4, '1.00', 1, '2020-02-14 12:21:08'),
(1, '10.00', 19, '2020-02-14 12:21:10'),
(2, '0.00', 0, '2020-02-14 12:21:10'),
(3, '4.00', 6, '2020-02-14 12:21:10'),
(4, '1.00', 1, '2020-02-14 12:21:10'),
(1, '10.00', 20, '2020-02-14 12:21:13'),
(2, '0.00', 0, '2020-02-14 12:21:13'),
(3, '5.00', 8, '2020-02-14 12:21:13'),
(4, '3.00', 1, '2020-02-14 12:21:13'),
(1, '9.00', 20, '2020-02-14 12:21:15'),
(2, '0.00', 0, '2020-02-14 12:21:15'),
(3, '3.00', 8, '2020-02-14 12:21:15'),
(4, '2.00', 1, '2020-02-14 12:21:15'),
(1, '9.00', 20, '2020-02-14 12:21:17'),
(2, '0.00', 0, '2020-02-14 12:21:17'),
(3, '3.00', 6, '2020-02-14 12:21:17'),
(4, '1.00', 3, '2020-02-14 12:21:17'),
(1, '10.00', 19, '2020-02-14 12:21:19'),
(2, '0.00', 0, '2020-02-14 12:21:19'),
(3, '4.00', 7, '2020-02-14 12:21:19'),
(4, '1.00', 3, '2020-02-14 12:21:19'),
(1, '9.00', 20, '2020-02-14 12:21:22'),
(2, '0.00', 0, '2020-02-14 12:21:22'),
(3, '4.00', 6, '2020-02-14 12:21:22'),
(4, '2.00', 2, '2020-02-14 12:21:22'),
(1, '10.00', 19, '2020-02-14 12:21:24'),
(2, '0.00', 0, '2020-02-14 12:21:24'),
(3, '3.00', 8, '2020-02-14 12:21:24'),
(4, '3.00', 1, '2020-02-14 12:21:24'),
(1, '9.00', 19, '2020-02-14 12:21:26'),
(2, '0.00', 0, '2020-02-14 12:21:26'),
(3, '3.00', 8, '2020-02-14 12:21:26'),
(4, '3.00', 1, '2020-02-14 12:21:26'),
(1, '10.00', 20, '2020-02-14 12:21:28'),
(2, '0.00', 0, '2020-02-14 12:21:28'),
(3, '3.00', 7, '2020-02-14 12:21:28'),
(4, '1.00', 1, '2020-02-14 12:21:28'),
(1, '9.00', 19, '2020-02-14 12:21:31'),
(2, '0.00', 0, '2020-02-14 12:21:31'),
(3, '5.00', 7, '2020-02-14 12:21:31'),
(4, '3.00', 3, '2020-02-14 12:21:31'),
(1, '9.00', 19, '2020-02-14 12:21:33'),
(2, '0.00', 0, '2020-02-14 12:21:33'),
(3, '4.00', 8, '2020-02-14 12:21:33'),
(4, '2.00', 2, '2020-02-14 12:21:33'),
(1, '10.00', 20, '2020-02-14 12:21:35'),
(2, '0.00', 0, '2020-02-14 12:21:35'),
(3, '4.00', 7, '2020-02-14 12:21:35'),
(4, '3.00', 3, '2020-02-14 12:21:35'),
(1, '10.00', 19, '2020-02-14 12:21:37'),
(2, '0.00', 0, '2020-02-14 12:21:37'),
(3, '4.00', 8, '2020-02-14 12:21:37'),
(4, '2.00', 2, '2020-02-14 12:21:37'),
(1, '10.00', 20, '2020-02-14 12:21:40'),
(2, '0.00', 0, '2020-02-14 12:21:40'),
(3, '3.00', 8, '2020-02-14 12:21:40'),
(4, '2.00', 2, '2020-02-14 12:21:40'),
(1, '9.00', 20, '2020-02-14 12:21:42'),
(2, '0.00', 0, '2020-02-14 12:21:42'),
(3, '4.00', 8, '2020-02-14 12:21:42'),
(4, '3.00', 2, '2020-02-14 12:21:42'),
(1, '9.00', 19, '2020-02-14 12:21:44'),
(2, '0.00', 0, '2020-02-14 12:21:44'),
(3, '5.00', 6, '2020-02-14 12:21:44'),
(4, '2.00', 2, '2020-02-14 12:21:44'),
(1, '9.00', 19, '2020-02-14 12:21:46'),
(2, '0.00', 0, '2020-02-14 12:21:46'),
(3, '4.00', 8, '2020-02-14 12:21:46'),
(4, '2.00', 3, '2020-02-14 12:21:46'),
(1, '10.00', 19, '2020-02-14 12:21:49'),
(2, '0.00', 0, '2020-02-14 12:21:49'),
(3, '4.00', 7, '2020-02-14 12:21:49'),
(4, '2.00', 3, '2020-02-14 12:21:49'),
(1, '10.00', 20, '2020-02-14 12:21:51'),
(2, '0.00', 0, '2020-02-14 12:21:51'),
(3, '4.00', 6, '2020-02-14 12:21:51'),
(4, '1.00', 2, '2020-02-14 12:21:51'),
(1, '10.00', 19, '2020-02-14 12:21:53'),
(2, '0.00', 0, '2020-02-14 12:21:53'),
(3, '4.00', 8, '2020-02-14 12:21:53'),
(4, '1.00', 3, '2020-02-14 12:21:53'),
(1, '10.00', 20, '2020-02-14 12:21:56'),
(2, '0.00', 0, '2020-02-14 12:21:56'),
(3, '3.00', 7, '2020-02-14 12:21:56'),
(4, '3.00', 1, '2020-02-14 12:21:56'),
(1, '9.00', 19, '2020-02-14 12:21:58'),
(2, '0.00', 0, '2020-02-14 12:21:58'),
(3, '3.00', 8, '2020-02-14 12:21:58'),
(4, '3.00', 3, '2020-02-14 12:21:58'),
(1, '9.00', 20, '2020-02-14 12:22:00'),
(2, '0.00', 0, '2020-02-14 12:22:00'),
(3, '5.00', 8, '2020-02-14 12:22:00'),
(4, '2.00', 1, '2020-02-14 12:22:00'),
(1, '9.00', 19, '2020-02-14 12:22:02'),
(2, '0.00', 0, '2020-02-14 12:22:02'),
(3, '3.00', 7, '2020-02-14 12:22:02'),
(4, '1.00', 2, '2020-02-14 12:22:02'),
(1, '9.00', 19, '2020-02-14 12:22:05'),
(2, '0.00', 0, '2020-02-14 12:22:05'),
(3, '3.00', 8, '2020-02-14 12:22:05'),
(4, '2.00', 3, '2020-02-14 12:22:05'),
(1, '9.00', 19, '2020-02-14 12:22:07'),
(2, '0.00', 0, '2020-02-14 12:22:07'),
(3, '5.00', 6, '2020-02-14 12:22:07'),
(4, '3.00', 1, '2020-02-14 12:22:07'),
(1, '10.00', 20, '2020-02-14 12:22:09'),
(2, '0.00', 0, '2020-02-14 12:22:09'),
(3, '3.00', 6, '2020-02-14 12:22:09'),
(4, '3.00', 3, '2020-02-14 12:22:09'),
(1, '9.00', 20, '2020-02-14 12:22:11'),
(2, '0.00', 0, '2020-02-14 12:22:11'),
(3, '5.00', 7, '2020-02-14 12:22:11'),
(4, '3.00', 3, '2020-02-14 12:22:11'),
(1, '9.00', 20, '2020-02-14 12:22:14'),
(2, '0.00', 0, '2020-02-14 12:22:14'),
(3, '5.00', 7, '2020-02-14 12:22:14'),
(4, '3.00', 3, '2020-02-14 12:22:14'),
(1, '9.00', 20, '2020-02-14 12:22:16'),
(2, '0.00', 0, '2020-02-14 12:22:16'),
(3, '3.00', 7, '2020-02-14 12:22:16'),
(4, '2.00', 1, '2020-02-14 12:22:16'),
(1, '9.00', 20, '2020-02-14 12:22:18'),
(2, '0.00', 0, '2020-02-14 12:22:18'),
(3, '3.00', 7, '2020-02-14 12:22:18'),
(4, '2.00', 1, '2020-02-14 12:22:18'),
(1, '9.00', 20, '2020-02-14 12:22:21'),
(2, '0.00', 0, '2020-02-14 12:22:21'),
(3, '5.00', 7, '2020-02-14 12:22:21'),
(4, '3.00', 1, '2020-02-14 12:22:21'),
(1, '10.00', 20, '2020-02-14 12:22:23'),
(2, '0.00', 0, '2020-02-14 12:22:23'),
(3, '4.00', 7, '2020-02-14 12:22:23'),
(4, '2.00', 1, '2020-02-14 12:22:23'),
(1, '10.00', 19, '2020-02-14 12:22:25'),
(2, '0.00', 0, '2020-02-14 12:22:25'),
(3, '3.00', 6, '2020-02-14 12:22:25'),
(4, '1.00', 1, '2020-02-14 12:22:25'),
(1, '10.00', 19, '2020-02-14 12:22:27'),
(2, '0.00', 0, '2020-02-14 12:22:27'),
(3, '5.00', 6, '2020-02-14 12:22:27'),
(4, '1.00', 2, '2020-02-14 12:22:27'),
(1, '10.00', 19, '2020-02-14 12:22:30'),
(2, '0.00', 0, '2020-02-14 12:22:30'),
(3, '5.00', 7, '2020-02-14 12:22:30'),
(4, '3.00', 2, '2020-02-14 12:22:30'),
(1, '9.00', 19, '2020-02-14 12:22:32'),
(2, '0.00', 0, '2020-02-14 12:22:32'),
(3, '3.00', 8, '2020-02-14 12:22:32'),
(4, '2.00', 2, '2020-02-14 12:22:32'),
(1, '10.00', 20, '2020-02-14 12:22:34'),
(2, '0.00', 0, '2020-02-14 12:22:34'),
(3, '4.00', 7, '2020-02-14 12:22:34'),
(4, '3.00', 3, '2020-02-14 12:22:34'),
(1, '10.00', 20, '2020-02-14 12:22:37'),
(2, '0.00', 0, '2020-02-14 12:22:37'),
(3, '5.00', 6, '2020-02-14 12:22:37'),
(4, '2.00', 2, '2020-02-14 12:22:37'),
(1, '10.00', 20, '2020-02-14 12:22:39'),
(2, '0.00', 0, '2020-02-14 12:22:39'),
(3, '4.00', 8, '2020-02-14 12:22:39'),
(4, '2.00', 1, '2020-02-14 12:22:39'),
(1, '10.00', 20, '2020-02-14 12:22:41'),
(2, '0.00', 0, '2020-02-14 12:22:41'),
(3, '5.00', 6, '2020-02-14 12:22:41'),
(4, '1.00', 2, '2020-02-14 12:22:41'),
(1, '10.00', 19, '2020-02-14 12:22:43'),
(2, '0.00', 0, '2020-02-14 12:22:43'),
(3, '5.00', 6, '2020-02-14 12:22:43'),
(4, '1.00', 2, '2020-02-14 12:22:43'),
(1, '9.00', 20, '2020-02-14 12:22:46'),
(2, '0.00', 0, '2020-02-14 12:22:46'),
(3, '3.00', 6, '2020-02-14 12:22:46'),
(4, '3.00', 3, '2020-02-14 12:22:46'),
(1, '10.00', 19, '2020-02-14 12:22:48'),
(2, '0.00', 0, '2020-02-14 12:22:48'),
(3, '3.00', 8, '2020-02-14 12:22:48'),
(4, '2.00', 2, '2020-02-14 12:22:48'),
(1, '10.00', 20, '2020-02-14 12:22:50'),
(2, '0.00', 0, '2020-02-14 12:22:50'),
(3, '5.00', 7, '2020-02-14 12:22:50'),
(4, '2.00', 1, '2020-02-14 12:22:50'),
(1, '10.00', 20, '2020-02-14 12:22:52'),
(2, '0.00', 0, '2020-02-14 12:22:52'),
(3, '3.00', 7, '2020-02-14 12:22:52'),
(4, '2.00', 3, '2020-02-14 12:22:52'),
(1, '10.00', 19, '2020-02-14 12:22:55'),
(2, '0.00', 0, '2020-02-14 12:22:55'),
(3, '4.00', 8, '2020-02-14 12:22:55'),
(4, '2.00', 2, '2020-02-14 12:22:55'),
(1, '9.00', 20, '2020-02-14 12:22:57'),
(2, '0.00', 0, '2020-02-14 12:22:57'),
(3, '3.00', 6, '2020-02-14 12:22:57'),
(4, '3.00', 3, '2020-02-14 12:22:57'),
(1, '10.00', 19, '2020-02-14 12:22:59'),
(2, '0.00', 0, '2020-02-14 12:22:59'),
(3, '5.00', 8, '2020-02-14 12:22:59'),
(4, '3.00', 1, '2020-02-14 12:22:59'),
(1, '9.00', 19, '2020-02-14 12:23:02'),
(2, '0.00', 0, '2020-02-14 12:23:02'),
(3, '3.00', 8, '2020-02-14 12:23:02'),
(4, '1.00', 3, '2020-02-14 12:23:02'),
(1, '10.00', 19, '2020-02-14 12:23:04'),
(2, '0.00', 0, '2020-02-14 12:23:04'),
(3, '3.00', 6, '2020-02-14 12:23:04'),
(4, '1.00', 2, '2020-02-14 12:23:04'),
(1, '10.00', 19, '2020-02-14 12:23:06'),
(2, '0.00', 0, '2020-02-14 12:23:06'),
(3, '4.00', 6, '2020-02-14 12:23:06'),
(4, '3.00', 3, '2020-02-14 12:23:06'),
(1, '10.00', 19, '2020-02-14 12:23:08'),
(2, '0.00', 0, '2020-02-14 12:23:08'),
(3, '4.00', 8, '2020-02-14 12:23:08'),
(4, '3.00', 1, '2020-02-14 12:23:08');

-- --------------------------------------------------------

--
-- Table structure for table `tbl_schedules`
--

CREATE TABLE `tbl_schedules` (
  `scheduleID` int(11) NOT NULL,
  `scheduleDate` date DEFAULT NULL,
  `scheduleTime` time NOT NULL,
  `scheduleApplianceID` tinyint(1) NOT NULL,
  `scheduleAction` tinyint(1) NOT NULL,
  `scheduleRepeat` varchar(7) DEFAULT NULL
) ENGINE=InnoDB DEFAULT CHARSET=latin1;

-- --------------------------------------------------------

--
-- Table structure for table `tbl_users`
--

CREATE TABLE `tbl_users` (
  `userID` int(4) NOT NULL,
  `userName` varchar(20) NOT NULL,
  `userPass` varchar(20) NOT NULL,
  `userProf` varchar(20) NOT NULL,
  `userType` tinyint(4) NOT NULL,
  `userFirstName` varchar(50) NOT NULL,
  `userLastName` varchar(50) NOT NULL,
  `userPhoneNumber` varchar(13) DEFAULT NULL
) ENGINE=InnoDB DEFAULT CHARSET=latin1;

--
-- Dumping data for table `tbl_users`
--

INSERT INTO `tbl_users` (`userID`, `userName`, `userPass`, `userProf`, `userType`, `userFirstName`, `userLastName`, `userPhoneNumber`) VALUES
(1, 'znarf', 'znarf', '', 1, 'Franz Dink', 'Catalan', '9999999999'),
(2, 'abay', 'abay', '', 0, 'Ian Joseph', 'Solon', '9956139395');

--
-- Indexes for dumped tables
--

--
-- Indexes for table `tbl_appliances`
--
ALTER TABLE `tbl_appliances`
  ADD PRIMARY KEY (`applianceID`),
  ADD UNIQUE KEY `UK_applianceName` (`applianceName`);

--
-- Indexes for table `tbl_logs`
--
ALTER TABLE `tbl_logs`
  ADD PRIMARY KEY (`logID`);

--
-- Indexes for table `tbl_notifications`
--
ALTER TABLE `tbl_notifications`
  ADD PRIMARY KEY (`notifID`);

--
-- Indexes for table `tbl_notification_status`
--
ALTER TABLE `tbl_notification_status`
  ADD KEY `FK_notifID` (`notifID`);

--
-- Indexes for table `tbl_schedules`
--
ALTER TABLE `tbl_schedules`
  ADD PRIMARY KEY (`scheduleID`),
  ADD KEY `FK_applianceID` (`scheduleApplianceID`);

--
-- Indexes for table `tbl_users`
--
ALTER TABLE `tbl_users`
  ADD PRIMARY KEY (`userID`);

--
-- AUTO_INCREMENT for dumped tables
--

--
-- AUTO_INCREMENT for table `tbl_appliances`
--
ALTER TABLE `tbl_appliances`
  MODIFY `applianceID` tinyint(1) NOT NULL AUTO_INCREMENT, AUTO_INCREMENT=6;

--
-- AUTO_INCREMENT for table `tbl_logs`
--
ALTER TABLE `tbl_logs`
  MODIFY `logID` int(100) NOT NULL AUTO_INCREMENT, AUTO_INCREMENT=6;

--
-- AUTO_INCREMENT for table `tbl_notifications`
--
ALTER TABLE `tbl_notifications`
  MODIFY `notifID` int(11) NOT NULL AUTO_INCREMENT, AUTO_INCREMENT=5;

--
-- AUTO_INCREMENT for table `tbl_schedules`
--
ALTER TABLE `tbl_schedules`
  MODIFY `scheduleID` int(11) NOT NULL AUTO_INCREMENT;

--
-- AUTO_INCREMENT for table `tbl_users`
--
ALTER TABLE `tbl_users`
  MODIFY `userID` int(4) NOT NULL AUTO_INCREMENT, AUTO_INCREMENT=4;

--
-- Constraints for dumped tables
--

--
-- Constraints for table `tbl_notification_status`
--
ALTER TABLE `tbl_notification_status`
  ADD CONSTRAINT `FK_notifID` FOREIGN KEY (`notifID`) REFERENCES `tbl_notifications` (`notifID`);

--
-- Constraints for table `tbl_schedules`
--
ALTER TABLE `tbl_schedules`
  ADD CONSTRAINT `FK_applianceID` FOREIGN KEY (`scheduleApplianceID`) REFERENCES `tbl_appliances` (`applianceID`);
COMMIT;

/*!40101 SET CHARACTER_SET_CLIENT=@OLD_CHARACTER_SET_CLIENT */;
/*!40101 SET CHARACTER_SET_RESULTS=@OLD_CHARACTER_SET_RESULTS */;
/*!40101 SET COLLATION_CONNECTION=@OLD_COLLATION_CONNECTION */;
